Measure,Reporting_Period_Start_Date,Reporting_Period_End_Date,Sex,Age_Band,Numerator,Denominator,Percentage
ADHD_patients_with_ADHD_medication_prescribed_in_previous_6_months,01/04/2016,30/04/2016,female,0 to 9,605,1585,38.170347
ADHD_patients_with_ADHD_medication_prescribed_in_previous_6_months,01/04/2016,30/04/2016,female,35 and over,505,2060,24.51456311
ADHD_patients_with_ADHD_medication_prescribed_in_previous_6_months,01/04/2016,30/04/2016,female,25 to 34,420,3040,13.81578947
ADHD_patients_with_ADHD_medication_prescribed_in_previous_6_months,01/04/2016,30/04/2016,male,35 and over,795,3885,20.46332046
ADHD_patients_with_ADHD_medication_prescribed_in_previous_6_months,01/04/2016,30/04/2016,female,18 to 24,840,4965,16.918429
ADHD_patients_with_ADHD_medication_prescribed_in_previous_6_months,01/04/2016,30/04/2016,female,10 to 17,2395,5355,44.72455649
ADHD_patients_with_ADHD_medication_prescribed_in_previous_6_months,01/04/2016,30/04/2016,male,0 to 9,2925,6760,43.26923077
ADHD_patients_with_ADHD_medication_prescribed_in_previous_6_months,01/04/2016,30/04/2016,male,25 to 34,1330,15245,8.72417186
ADHD_patients_with_ADHD_medication_prescribed_in_previous_6_months,01/04/2016,30/04/2016,male,10 to 17,12225,24405,50.09219422
ADHD_patients_with_ADHD_medication_prescribed_in_previous_6_months,01/04/2016,30/04/2016,male,18 to 24,3515,24445,14.37921865
ADHD_patients_with_ADHD_medication_prescribed_in_previous_6_months,01/05/2016,31/05/2016,female,0 to 9,615,1605,38.31775701
ADHD_patients_with_ADHD_medication_prescribed_in_previous_6_months,01/05/2016,31/05/2016,female,35 and over,520,2100,24.76190476
ADHD_patients_with_ADHD_medication_prescribed_in_previous_6_months,01/05/2016,31/05/2016,female,25 to 34,440,3110,14.14790997
ADHD_patients_with_ADHD_medication_prescribed_in_previous_6_months,01/05/2016,31/05/2016,male,35 and over,800,3945,20.27883397
ADHD_patients_with_ADHD_medication_prescribed_in_previous_6_months,01/05/2016,31/05/2016,female,18 to 24,860,5010,17.16566866
ADHD_patients_with_ADHD_medication_prescribed_in_previous_6_months,01/05/2016,31/05/2016,female,10 to 17,2430,5380,45.16728625
ADHD_patients_with_ADHD_medication_prescribed_in_previous_6_months,01/05/2016,31/05/2016,male,0 to 9,2930,6790,43.15169367
ADHD_patients_with_ADHD_medication_prescribed_in_previous_6_months,01/05/2016,31/05/2016,male,25 to 34,1370,15545,8.813123191
ADHD_patients_with_ADHD_medication_prescribed_in_previous_6_months,01/05/2016,31/05/2016,male,10 to 17,12345,24515,50.35692433
ADHD_patients_with_ADHD_medication_prescribed_in_previous_6_months,01/05/2016,31/05/2016,male,18 to 24,3540,24525,14.43425076
ADHD_patients_with_ADHD_medication_prescribed_in_previous_6_months,01/06/2016,30/06/2016,female,0 to 9,625,1600,39.0625
ADHD_patients_with_ADHD_medication_prescribed_in_previous_6_months,01/06/2016,30/06/2016,female,35 and over,530,2125,24.94117647
ADHD_patients_with_ADHD_medication_prescribed_in_previous_6_months,01/06/2016,30/06/2016,female,25 to 34,455,3160,14.39873418
ADHD_patients_with_ADHD_medication_prescribed_in_previous_6_months,01/06/2016,30/06/2016,male,35 and over,830,4015,20.67247821
ADHD_patients_with_ADHD_medication_prescribed_in_previous_6_months,01/06/2016,30/06/2016,female,18 to 24,880,5045,17.44301288
ADHD_patients_with_ADHD_medication_prescribed_in_previous_6_months,01/06/2016,30/06/2016,female,10 to 17,2450,5410,45.28650647
ADHD_patients_with_ADHD_medication_prescribed_in_previous_6_months,01/06/2016,30/06/2016,male,0 to 9,2915,6780,42.99410029
ADHD_patients_with_ADHD_medication_prescribed_in_previous_6_months,01/06/2016,30/06/2016,male,25 to 34,1380,15790,8.739708676
ADHD_patients_with_ADHD_medication_prescribed_in_previous_6_months,01/06/2016,30/06/2016,male,18 to 24,3575,24545,14.56508454
ADHD_patients_with_ADHD_medication_prescribed_in_previous_6_months,01/06/2016,30/06/2016,male,10 to 17,12435,24640,50.46672078
ADHD_patients_with_ADHD_medication_prescribed_in_previous_6_months,01/07/2016,31/07/2016,female,0 to 9,620,1615,38.39009288
ADHD_patients_with_ADHD_medication_prescribed_in_previous_6_months,01/07/2016,31/07/2016,female,35 and over,545,2160,25.23148148
ADHD_patients_with_ADHD_medication_prescribed_in_previous_6_months,01/07/2016,31/07/2016,female,25 to 34,465,3225,14.41860465
ADHD_patients_with_ADHD_medication_prescribed_in_previous_6_months,01/07/2016,31/07/2016,male,35 and over,850,4070,20.88452088
ADHD_patients_with_ADHD_medication_prescribed_in_previous_6_months,01/07/2016,31/07/2016,female,18 to 24,890,5090,17.48526523
ADHD_patients_with_ADHD_medication_prescribed_in_previous_6_months,01/07/2016,31/07/2016,female,10 to 17,2460,5440,45.22058824
ADHD_patients_with_ADHD_medication_prescribed_in_previous_6_months,01/07/2016,31/07/2016,male,0 to 9,2895,6785,42.66764923
ADHD_patients_with_ADHD_medication_prescribed_in_previous_6_months,01/07/2016,31/07/2016,male,25 to 34,1430,16095,8.884746816
ADHD_patients_with_ADHD_medication_prescribed_in_previous_6_months,01/07/2016,31/07/2016,male,18 to 24,3595,24640,14.5900974
ADHD_patients_with_ADHD_medication_prescribed_in_previous_6_months,01/07/2016,31/07/2016,male,10 to 17,12510,24735,50.57610673
ADHD_patients_with_ADHD_medication_prescribed_in_previous_6_months,01/08/2016,31/08/2016,female,0 to 9,595,1585,37.53943218
ADHD_patients_with_ADHD_medication_prescribed_in_previous_6_months,01/08/2016,31/08/2016,female,35 and over,550,2190,25.11415525
ADHD_patients_with_ADHD_medication_prescribed_in_previous_6_months,01/08/2016,31/08/2016,female,25 to 34,475,3280,14.48170732
ADHD_patients_with_ADHD_medication_prescribed_in_previous_6_months,01/08/2016,31/08/2016,male,35 and over,860,4130,20.82324455
ADHD_patients_with_ADHD_medication_prescribed_in_previous_6_months,01/08/2016,31/08/2016,female,18 to 24,900,5115,17.59530792
ADHD_patients_with_ADHD_medication_prescribed_in_previous_6_months,01/08/2016,31/08/2016,female,10 to 17,2515,5475,45.93607306
ADHD_patients_with_ADHD_medication_prescribed_in_previous_6_months,01/08/2016,31/08/2016,male,0 to 9,2865,6710,42.69746647
ADHD_patients_with_ADHD_medication_prescribed_in_previous_6_months,01/08/2016,31/08/2016,male,25 to 34,1470,16415,8.955223881
ADHD_patients_with_ADHD_medication_prescribed_in_previous_6_months,01/08/2016,31/08/2016,male,18 to 24,3670,24740,14.83427648
ADHD_patients_with_ADHD_medication_prescribed_in_previous_6_months,01/08/2016,31/08/2016,male,10 to 17,12555,24795,50.63520871
ADHD_patients_with_ADHD_medication_prescribed_in_previous_6_months,01/09/2016,30/09/2016,female,0 to 9,615,1615,38.08049536
ADHD_patients_with_ADHD_medication_prescribed_in_previous_6_months,01/09/2016,30/09/2016,female,35 and over,560,2215,25.28216704
ADHD_patients_with_ADHD_medication_prescribed_in_previous_6_months,01/09/2016,30/09/2016,female,25 to 34,475,3350,14.17910448
ADHD_patients_with_ADHD_medication_prescribed_in_previous_6_months,01/09/2016,30/09/2016,male,35 and over,875,4185,20.90800478
ADHD_patients_with_ADHD_medication_prescribed_in_previous_6_months,01/09/2016,30/09/2016,female,18 to 24,915,5115,17.88856305
ADHD_patients_with_ADHD_medication_prescribed_in_previous_6_months,01/09/2016,30/09/2016,female,10 to 17,2515,5485,45.85232452
ADHD_patients_with_ADHD_medication_prescribed_in_previous_6_months,01/09/2016,30/09/2016,male,0 to 9,2880,6755,42.63508512
ADHD_patients_with_ADHD_medication_prescribed_in_previous_6_months,01/09/2016,30/09/2016,male,25 to 34,1480,16655,8.886220354
ADHD_patients_with_ADHD_medication_prescribed_in_previous_6_months,01/09/2016,30/09/2016,male,18 to 24,3655,24740,14.77364592
ADHD_patients_with_ADHD_medication_prescribed_in_previous_6_months,01/09/2016,30/09/2016,male,10 to 17,12575,24810,50.68520758
ADHD_patients_with_ADHD_medication_prescribed_in_previous_6_months,01/10/2016,31/10/2016,female,0 to 9,635,1650,38.48484848
ADHD_patients_with_ADHD_medication_prescribed_in_previous_6_months,01/10/2016,31/10/2016,female,35 and over,570,2250,25.33333333
ADHD_patients_with_ADHD_medication_prescribed_in_previous_6_months,01/10/2016,31/10/2016,female,25 to 34,490,3410,14.36950147
ADHD_patients_with_ADHD_medication_prescribed_in_previous_6_months,01/10/2016,31/10/2016,male,35 and over,880,4230,20.80378251
ADHD_patients_with_ADHD_medication_prescribed_in_previous_6_months,01/10/2016,31/10/2016,female,18 to 24,930,5170,17.98839458
ADHD_patients_with_ADHD_medication_prescribed_in_previous_6_months,01/10/2016,31/10/2016,female,10 to 17,2520,5540,45.48736462
ADHD_patients_with_ADHD_medication_prescribed_in_previous_6_months,01/10/2016,31/10/2016,male,0 to 9,2925,6840,42.76315789
ADHD_patients_with_ADHD_medication_prescribed_in_previous_6_months,01/10/2016,31/10/2016,male,25 to 34,1530,16935,9.034543844
ADHD_patients_with_ADHD_medication_prescribed_in_previous_6_months,01/10/2016,31/10/2016,male,18 to 24,3700,24920,14.84751204
ADHD_patients_with_ADHD_medication_prescribed_in_previous_6_months,01/10/2016,31/10/2016,male,10 to 17,12590,24930,50.50140393
ADHD_patients_with_ADHD_medication_prescribed_in_previous_6_months,01/11/2016,30/11/2016,female,0 to 9,630,1685,37.38872404
ADHD_patients_with_ADHD_medication_prescribed_in_previous_6_months,01/11/2016,30/11/2016,female,35 and over,590,2285,25.82056893
ADHD_patients_with_ADHD_medication_prescribed_in_previous_6_months,01/11/2016,30/11/2016,female,25 to 34,500,3485,14.3472023
ADHD_patients_with_ADHD_medication_prescribed_in_previous_6_months,01/11/2016,30/11/2016,male,35 and over,885,4285,20.65344224
ADHD_patients_with_ADHD_medication_prescribed_in_previous_6_months,01/11/2016,30/11/2016,female,18 to 24,950,5225,18.18181818
ADHD_patients_with_ADHD_medication_prescribed_in_previous_6_months,01/11/2016,30/11/2016,female,10 to 17,2550,5610,45.45454545
ADHD_patients_with_ADHD_medication_prescribed_in_previous_6_months,01/11/2016,30/11/2016,male,0 to 9,2940,6895,42.63959391
ADHD_patients_with_ADHD_medication_prescribed_in_previous_6_months,01/11/2016,30/11/2016,male,25 to 34,1550,17235,8.993327531
ADHD_patients_with_ADHD_medication_prescribed_in_previous_6_months,01/11/2016,30/11/2016,male,18 to 24,3720,25035,14.85919712
ADHD_patients_with_ADHD_medication_prescribed_in_previous_6_months,01/11/2016,30/11/2016,male,10 to 17,12675,25080,50.53827751
ADHD_patients_with_ADHD_medication_prescribed_in_previous_6_months,01/12/2016,31/12/2016,female,0 to 9,640,1695,37.75811209
ADHD_patients_with_ADHD_medication_prescribed_in_previous_6_months,01/12/2016,31/12/2016,female,35 and over,600,2325,25.80645161
ADHD_patients_with_ADHD_medication_prescribed_in_previous_6_months,01/12/2016,31/12/2016,female,25 to 34,505,3550,14.22535211
ADHD_patients_with_ADHD_medication_prescribed_in_previous_6_months,01/12/2016,31/12/2016,male,35 and over,905,4360,20.75688073
ADHD_patients_with_ADHD_medication_prescribed_in_previous_6_months,01/12/2016,31/12/2016,female,18 to 24,970,5285,18.3538316
ADHD_patients_with_ADHD_medication_prescribed_in_previous_6_months,01/12/2016,31/12/2016,female,10 to 17,2560,5660,45.22968198
ADHD_patients_with_ADHD_medication_prescribed_in_previous_6_months,01/12/2016,31/12/2016,male,0 to 9,2940,6885,42.70152505
ADHD_patients_with_ADHD_medication_prescribed_in_previous_6_months,01/12/2016,31/12/2016,male,25 to 34,1570,17515,8.963745361
ADHD_patients_with_ADHD_medication_prescribed_in_previous_6_months,01/12/2016,31/12/2016,male,18 to 24,3740,25160,14.86486486
ADHD_patients_with_ADHD_medication_prescribed_in_previous_6_months,01/12/2016,31/12/2016,male,10 to 17,12690,25245,50.26737968
ADHD_patients_with_ADHD_medication_prescribed_in_previous_6_months,01/01/2017,31/01/2017,female,0 to 9,655,1740,37.64367816
ADHD_patients_with_ADHD_medication_prescribed_in_previous_6_months,01/01/2017,31/01/2017,female,35 and over,605,2365,25.58139535
ADHD_patients_with_ADHD_medication_prescribed_in_previous_6_months,01/01/2017,31/01/2017,female,25 to 34,515,3605,14.28571429
ADHD_patients_with_ADHD_medication_prescribed_in_previous_6_months,01/01/2017,31/01/2017,male,35 and over,915,4450,20.56179775
ADHD_patients_with_ADHD_medication_prescribed_in_previous_6_months,01/01/2017,31/01/2017,female,18 to 24,985,5330,18.48030019
ADHD_patients_with_ADHD_medication_prescribed_in_previous_6_months,01/01/2017,31/01/2017,female,10 to 17,2550,5690,44.81546573
ADHD_patients_with_ADHD_medication_prescribed_in_previous_6_months,01/01/2017,31/01/2017,male,0 to 9,2985,7005,42.6124197
ADHD_patients_with_ADHD_medication_prescribed_in_previous_6_months,01/01/2017,31/01/2017,male,25 to 34,1610,17755,9.067868206
ADHD_patients_with_ADHD_medication_prescribed_in_previous_6_months,01/01/2017,31/01/2017,male,18 to 24,3725,25225,14.76709613
ADHD_patients_with_ADHD_medication_prescribed_in_previous_6_months,01/01/2017,31/01/2017,male,10 to 17,12730,25360,50.19716088
ADHD_patients_with_ADHD_medication_prescribed_in_previous_6_months,01/02/2017,28/02/2017,female,0 to 9,660,1760,37.5
ADHD_patients_with_ADHD_medication_prescribed_in_previous_6_months,01/02/2017,28/02/2017,female,35 and over,620,2390,25.94142259
ADHD_patients_with_ADHD_medication_prescribed_in_previous_6_months,01/02/2017,28/02/2017,female,25 to 34,525,3670,14.30517711
ADHD_patients_with_ADHD_medication_prescribed_in_previous_6_months,01/02/2017,28/02/2017,male,35 and over,935,4545,20.57205721
ADHD_patients_with_ADHD_medication_prescribed_in_previous_6_months,01/02/2017,28/02/2017,female,18 to 24,1000,5395,18.53568119
ADHD_patients_with_ADHD_medication_prescribed_in_previous_6_months,01/02/2017,28/02/2017,female,10 to 17,2590,5740,45.12195122
ADHD_patients_with_ADHD_medication_prescribed_in_previous_6_months,01/02/2017,28/02/2017,male,0 to 9,2985,7090,42.10155148
ADHD_patients_with_ADHD_medication_prescribed_in_previous_6_months,01/02/2017,28/02/2017,male,25 to 34,1620,18070,8.965135584
ADHD_patients_with_ADHD_medication_prescribed_in_previous_6_months,01/02/2017,28/02/2017,male,18 to 24,3790,25330,14.96249507
ADHD_patients_with_ADHD_medication_prescribed_in_previous_6_months,01/02/2017,28/02/2017,male,10 to 17,12790,25515,50.12737605
ADHD_patients_with_ADHD_medication_prescribed_in_previous_6_months,01/03/2017,31/03/2017,female,0 to 9,675,1780,37.92134831
ADHD_patients_with_ADHD_medication_prescribed_in_previous_6_months,01/03/2017,31/03/2017,female,35 and over,645,2415,26.70807453
ADHD_patients_with_ADHD_medication_prescribed_in_previous_6_months,01/03/2017,31/03/2017,female,25 to 34,525,3750,14
ADHD_patients_with_ADHD_medication_prescribed_in_previous_6_months,01/03/2017,31/03/2017,male,35 and over,945,4595,20.56583243
ADHD_patients_with_ADHD_medication_prescribed_in_previous_6_months,01/03/2017,31/03/2017,female,18 to 24,995,5370,18.52886406
ADHD_patients_with_ADHD_medication_prescribed_in_previous_6_months,01/03/2017,31/03/2017,female,10 to 17,2635,5830,45.19725557
ADHD_patients_with_ADHD_medication_prescribed_in_previous_6_months,01/03/2017,31/03/2017,male,0 to 9,3010,7125,42.24561404
ADHD_patients_with_ADHD_medication_prescribed_in_previous_6_months,01/03/2017,31/03/2017,male,25 to 34,1640,18360,8.932461874
ADHD_patients_with_ADHD_medication_prescribed_in_previous_6_months,01/03/2017,31/03/2017,male,18 to 24,3810,25400,15
ADHD_patients_with_ADHD_medication_prescribed_in_previous_6_months,01/03/2017,31/03/2017,male,10 to 17,12910,25680,50.27258567
ADHD_patients_with_ADHD_medication_prescribed_in_previous_6_months,01/04/2017,30/04/2017,female,0 to 9,670,1790,37.4301676
ADHD_patients_with_ADHD_medication_prescribed_in_previous_6_months,01/04/2017,30/04/2017,female,35 and over,655,2445,26.78936605
ADHD_patients_with_ADHD_medication_prescribed_in_previous_6_months,01/04/2017,30/04/2017,female,25 to 34,535,3810,14.04199475
ADHD_patients_with_ADHD_medication_prescribed_in_previous_6_months,01/04/2017,30/04/2017,male,35 and over,970,4690,20.68230277
ADHD_patients_with_ADHD_medication_prescribed_in_previous_6_months,01/04/2017,30/04/2017,female,18 to 24,1015,5450,18.62385321
ADHD_patients_with_ADHD_medication_prescribed_in_previous_6_months,01/04/2017,30/04/2017,female,10 to 17,2635,5855,45.00426985
ADHD_patients_with_ADHD_medication_prescribed_in_previous_6_months,01/04/2017,30/04/2017,male,0 to 9,3030,7190,42.1418637
ADHD_patients_with_ADHD_medication_prescribed_in_previous_6_months,01/04/2017,30/04/2017,male,25 to 34,1665,18675,8.915662651
ADHD_patients_with_ADHD_medication_prescribed_in_previous_6_months,01/04/2017,30/04/2017,male,18 to 24,3800,25495,14.90488331
ADHD_patients_with_ADHD_medication_prescribed_in_previous_6_months,01/04/2017,30/04/2017,male,10 to 17,12865,25815,49.83536703
ADHD_patients_with_ADHD_medication_prescribed_in_previous_6_months,01/05/2017,31/05/2017,female,0 to 9,670,1805,37.11911357
ADHD_patients_with_ADHD_medication_prescribed_in_previous_6_months,01/05/2017,31/05/2017,female,35 and over,670,2485,26.96177062
ADHD_patients_with_ADHD_medication_prescribed_in_previous_6_months,01/05/2017,31/05/2017,female,25 to 34,555,3875,14.32258065
ADHD_patients_with_ADHD_medication_prescribed_in_previous_6_months,01/05/2017,31/05/2017,male,35 and over,995,4755,20.92534175
ADHD_patients_with_ADHD_medication_prescribed_in_previous_6_months,01/05/2017,31/05/2017,female,18 to 24,1020,5475,18.63013699
ADHD_patients_with_ADHD_medication_prescribed_in_previous_6_months,01/05/2017,31/05/2017,female,10 to 17,2685,5895,45.54707379
ADHD_patients_with_ADHD_medication_prescribed_in_previous_6_months,01/05/2017,31/05/2017,male,0 to 9,3025,7240,41.78176796
ADHD_patients_with_ADHD_medication_prescribed_in_previous_6_months,01/05/2017,31/05/2017,male,25 to 34,1710,18955,9.021366394
ADHD_patients_with_ADHD_medication_prescribed_in_previous_6_months,01/05/2017,31/05/2017,male,18 to 24,3845,25520,15.06661442
ADHD_patients_with_ADHD_medication_prescribed_in_previous_6_months,01/05/2017,31/05/2017,male,10 to 17,12935,25935,49.87468672
ADHD_patients_with_ADHD_medication_prescribed_in_previous_6_months,01/06/2017,30/06/2017,female,0 to 9,670,1800,37.22222222
ADHD_patients_with_ADHD_medication_prescribed_in_previous_6_months,01/06/2017,30/06/2017,female,35 and over,685,2515,27.23658052
ADHD_patients_with_ADHD_medication_prescribed_in_previous_6_months,01/06/2017,30/06/2017,female,25 to 34,570,3930,14.50381679
ADHD_patients_with_ADHD_medication_prescribed_in_previous_6_months,01/06/2017,30/06/2017,male,35 and over,1020,4835,21.09617373
ADHD_patients_with_ADHD_medication_prescribed_in_previous_6_months,01/06/2017,30/06/2017,female,18 to 24,1035,5490,18.85245902
ADHD_patients_with_ADHD_medication_prescribed_in_previous_6_months,01/06/2017,30/06/2017,female,10 to 17,2695,5950,45.29411765
ADHD_patients_with_ADHD_medication_prescribed_in_previous_6_months,01/06/2017,30/06/2017,male,0 to 9,3065,7335,41.78595774
ADHD_patients_with_ADHD_medication_prescribed_in_previous_6_months,01/06/2017,30/06/2017,male,25 to 34,1745,19305,9.039109039
ADHD_patients_with_ADHD_medication_prescribed_in_previous_6_months,01/06/2017,30/06/2017,male,18 to 24,3905,25580,15.26583268
ADHD_patients_with_ADHD_medication_prescribed_in_previous_6_months,01/06/2017,30/06/2017,male,10 to 17,13015,26115,49.83725828
ADHD_patients_with_ADHD_medication_prescribed_in_previous_6_months,01/07/2017,31/07/2017,female,0 to 9,655,1775,36.90140845
ADHD_patients_with_ADHD_medication_prescribed_in_previous_6_months,01/07/2017,31/07/2017,female,35 and over,695,2540,27.36220472
ADHD_patients_with_ADHD_medication_prescribed_in_previous_6_months,01/07/2017,31/07/2017,female,25 to 34,575,4025,14.28571429
ADHD_patients_with_ADHD_medication_prescribed_in_previous_6_months,01/07/2017,31/07/2017,male,35 and over,1040,4945,21.03134479
ADHD_patients_with_ADHD_medication_prescribed_in_previous_6_months,01/07/2017,31/07/2017,female,18 to 24,1055,5520,19.11231884
ADHD_patients_with_ADHD_medication_prescribed_in_previous_6_months,01/07/2017,31/07/2017,female,10 to 17,2715,6030,45.02487562
ADHD_patients_with_ADHD_medication_prescribed_in_previous_6_months,01/07/2017,31/07/2017,male,0 to 9,3060,7305,41.88911704
ADHD_patients_with_ADHD_medication_prescribed_in_previous_6_months,01/07/2017,31/07/2017,male,25 to 34,1785,19640,9.088594705
ADHD_patients_with_ADHD_medication_prescribed_in_previous_6_months,01/07/2017,31/07/2017,male,18 to 24,3890,25625,15.1804878
ADHD_patients_with_ADHD_medication_prescribed_in_previous_6_months,01/07/2017,31/07/2017,male,10 to 17,13145,26290,50
ADHD_patients_with_ADHD_medication_prescribed_in_previous_6_months,01/08/2017,31/08/2017,female,0 to 9,645,1760,36.64772727
ADHD_patients_with_ADHD_medication_prescribed_in_previous_6_months,01/08/2017,31/08/2017,female,35 and over,705,2570,27.43190661
ADHD_patients_with_ADHD_medication_prescribed_in_previous_6_months,01/08/2017,31/08/2017,female,25 to 34,590,4085,14.44308446
ADHD_patients_with_ADHD_medication_prescribed_in_previous_6_months,01/08/2017,31/08/2017,male,35 and over,1060,5020,21.11553785
ADHD_patients_with_ADHD_medication_prescribed_in_previous_6_months,01/08/2017,31/08/2017,female,18 to 24,1080,5580,19.35483871
ADHD_patients_with_ADHD_medication_prescribed_in_previous_6_months,01/08/2017,31/08/2017,female,10 to 17,2730,6080,44.90131579
ADHD_patients_with_ADHD_medication_prescribed_in_previous_6_months,01/08/2017,31/08/2017,male,0 to 9,3005,7230,41.56293223
ADHD_patients_with_ADHD_medication_prescribed_in_previous_6_months,01/08/2017,31/08/2017,male,25 to 34,1805,19975,9.036295369
ADHD_patients_with_ADHD_medication_prescribed_in_previous_6_months,01/08/2017,31/08/2017,male,18 to 24,3925,25695,15.2753454
ADHD_patients_with_ADHD_medication_prescribed_in_previous_6_months,01/08/2017,31/08/2017,male,10 to 17,13235,26460,50.01889645
ADHD_patients_with_ADHD_medication_prescribed_in_previous_6_months,01/09/2017,30/09/2017,female,0 to 9,655,1780,36.79775281
ADHD_patients_with_ADHD_medication_prescribed_in_previous_6_months,01/09/2017,30/09/2017,female,35 and over,720,2605,27.63915547
ADHD_patients_with_ADHD_medication_prescribed_in_previous_6_months,01/09/2017,30/09/2017,female,25 to 34,605,4155,14.56077016
ADHD_patients_with_ADHD_medication_prescribed_in_previous_6_months,01/09/2017,30/09/2017,male,35 and over,1090,5115,21.30987292
ADHD_patients_with_ADHD_medication_prescribed_in_previous_6_months,01/09/2017,30/09/2017,female,18 to 24,1060,5530,19.1681736
ADHD_patients_with_ADHD_medication_prescribed_in_previous_6_months,01/09/2017,30/09/2017,female,10 to 17,2780,6120,45.4248366
ADHD_patients_with_ADHD_medication_prescribed_in_previous_6_months,01/09/2017,30/09/2017,male,0 to 9,3035,7255,41.83321847
ADHD_patients_with_ADHD_medication_prescribed_in_previous_6_months,01/09/2017,30/09/2017,male,25 to 34,1815,20235,8.969607116
ADHD_patients_with_ADHD_medication_prescribed_in_previous_6_months,01/09/2017,30/09/2017,male,18 to 24,3890,25620,15.18345043
ADHD_patients_with_ADHD_medication_prescribed_in_previous_6_months,01/09/2017,30/09/2017,male,10 to 17,13365,26605,50.23491825
ADHD_patients_with_ADHD_medication_prescribed_in_previous_6_months,01/10/2017,31/10/2017,female,0 to 9,665,1790,37.15083799
ADHD_patients_with_ADHD_medication_prescribed_in_previous_6_months,01/10/2017,31/10/2017,female,35 and over,735,2665,27.57973734
ADHD_patients_with_ADHD_medication_prescribed_in_previous_6_months,01/10/2017,31/10/2017,female,25 to 34,615,4215,14.59074733
ADHD_patients_with_ADHD_medication_prescribed_in_previous_6_months,01/10/2017,31/10/2017,male,35 and over,1110,5205,21.32564841
ADHD_patients_with_ADHD_medication_prescribed_in_previous_6_months,01/10/2017,31/10/2017,female,18 to 24,1090,5610,19.42959002
ADHD_patients_with_ADHD_medication_prescribed_in_previous_6_months,01/10/2017,31/10/2017,female,10 to 17,2805,6205,45.20547945
ADHD_patients_with_ADHD_medication_prescribed_in_previous_6_months,01/10/2017,31/10/2017,male,0 to 9,3075,7355,41.80829368
ADHD_patients_with_ADHD_medication_prescribed_in_previous_6_months,01/10/2017,31/10/2017,male,25 to 34,1845,20530,8.986848514
ADHD_patients_with_ADHD_medication_prescribed_in_previous_6_months,01/10/2017,31/10/2017,male,18 to 24,3890,25710,15.13029949
ADHD_patients_with_ADHD_medication_prescribed_in_previous_6_months,01/10/2017,31/10/2017,male,10 to 17,13455,26855,50.10240179
ADHD_patients_with_ADHD_medication_prescribed_in_previous_6_months,01/11/2017,30/11/2017,female,0 to 9,675,1820,37.08791209
ADHD_patients_with_ADHD_medication_prescribed_in_previous_6_months,01/11/2017,30/11/2017,female,35 and over,745,2720,27.38970588
ADHD_patients_with_ADHD_medication_prescribed_in_previous_6_months,01/11/2017,30/11/2017,female,25 to 34,630,4290,14.68531469
ADHD_patients_with_ADHD_medication_prescribed_in_previous_6_months,01/11/2017,30/11/2017,male,35 and over,1130,5305,21.30065975
ADHD_patients_with_ADHD_medication_prescribed_in_previous_6_months,01/11/2017,30/11/2017,female,18 to 24,1115,5690,19.59578207
ADHD_patients_with_ADHD_medication_prescribed_in_previous_6_months,01/11/2017,30/11/2017,female,10 to 17,2830,6215,45.53499598
ADHD_patients_with_ADHD_medication_prescribed_in_previous_6_months,01/11/2017,30/11/2017,male,0 to 9,3110,7460,41.68900804
ADHD_patients_with_ADHD_medication_prescribed_in_previous_6_months,01/11/2017,30/11/2017,male,25 to 34,1905,20825,9.147659064
ADHD_patients_with_ADHD_medication_prescribed_in_previous_6_months,01/11/2017,30/11/2017,male,18 to 24,3940,25855,15.23883195
ADHD_patients_with_ADHD_medication_prescribed_in_previous_6_months,01/11/2017,30/11/2017,male,10 to 17,13565,27070,50.11082379
ADHD_patients_with_ADHD_medication_prescribed_in_previous_6_months,01/12/2017,31/12/2017,female,0 to 9,690,1845,37.39837398
ADHD_patients_with_ADHD_medication_prescribed_in_previous_6_months,01/12/2017,31/12/2017,female,35 and over,750,2765,27.12477396
ADHD_patients_with_ADHD_medication_prescribed_in_previous_6_months,01/12/2017,31/12/2017,female,25 to 34,655,4420,14.81900452
ADHD_patients_with_ADHD_medication_prescribed_in_previous_6_months,01/12/2017,31/12/2017,male,35 and over,1175,5410,21.71903882
ADHD_patients_with_ADHD_medication_prescribed_in_previous_6_months,01/12/2017,31/12/2017,female,18 to 24,1110,5735,19.35483871
ADHD_patients_with_ADHD_medication_prescribed_in_previous_6_months,01/12/2017,31/12/2017,female,10 to 17,2825,6280,44.98407643
ADHD_patients_with_ADHD_medication_prescribed_in_previous_6_months,01/12/2017,31/12/2017,male,0 to 9,3130,7495,41.76117412
ADHD_patients_with_ADHD_medication_prescribed_in_previous_6_months,01/12/2017,31/12/2017,male,25 to 34,1945,21205,9.172365008
ADHD_patients_with_ADHD_medication_prescribed_in_previous_6_months,01/12/2017,31/12/2017,male,18 to 24,3985,25995,15.32987113
ADHD_patients_with_ADHD_medication_prescribed_in_previous_6_months,01/12/2017,31/12/2017,male,10 to 17,13620,27255,49.97248211
ADHD_patients_with_ADHD_medication_prescribed_in_previous_6_months,01/01/2018,31/01/2018,female,0 to 9,695,1885,36.87002653
ADHD_patients_with_ADHD_medication_prescribed_in_previous_6_months,01/01/2018,31/01/2018,female,35 and over,750,2785,26.92998205
ADHD_patients_with_ADHD_medication_prescribed_in_previous_6_months,01/01/2018,31/01/2018,female,25 to 34,660,4470,14.76510067
ADHD_patients_with_ADHD_medication_prescribed_in_previous_6_months,01/01/2018,31/01/2018,male,35 and over,1205,5515,21.84950136
ADHD_patients_with_ADHD_medication_prescribed_in_previous_6_months,01/01/2018,31/01/2018,female,18 to 24,1110,5765,19.25411969
ADHD_patients_with_ADHD_medication_prescribed_in_previous_6_months,01/01/2018,31/01/2018,female,10 to 17,2830,6330,44.70774092
ADHD_patients_with_ADHD_medication_prescribed_in_previous_6_months,01/01/2018,31/01/2018,male,0 to 9,3160,7625,41.44262295
ADHD_patients_with_ADHD_medication_prescribed_in_previous_6_months,01/01/2018,31/01/2018,male,25 to 34,1985,21425,9.26487748
ADHD_patients_with_ADHD_medication_prescribed_in_previous_6_months,01/01/2018,31/01/2018,male,18 to 24,3990,25970,15.3638814
ADHD_patients_with_ADHD_medication_prescribed_in_previous_6_months,01/01/2018,31/01/2018,male,10 to 17,13605,27440,49.58090379
ADHD_patients_with_ADHD_medication_prescribed_in_previous_6_months,01/02/2018,28/02/2018,female,0 to 9,700,1880,37.23404255
ADHD_patients_with_ADHD_medication_prescribed_in_previous_6_months,01/02/2018,28/02/2018,female,35 and over,765,2840,26.93661972
ADHD_patients_with_ADHD_medication_prescribed_in_previous_6_months,01/02/2018,28/02/2018,female,25 to 34,685,4580,14.95633188
ADHD_patients_with_ADHD_medication_prescribed_in_previous_6_months,01/02/2018,28/02/2018,male,35 and over,1225,5605,21.85548617
ADHD_patients_with_ADHD_medication_prescribed_in_previous_6_months,01/02/2018,28/02/2018,female,18 to 24,1135,5835,19.45158526
ADHD_patients_with_ADHD_medication_prescribed_in_previous_6_months,01/02/2018,28/02/2018,female,10 to 17,2855,6405,44.57455113
ADHD_patients_with_ADHD_medication_prescribed_in_previous_6_months,01/02/2018,28/02/2018,male,0 to 9,3175,7700,41.23376623
ADHD_patients_with_ADHD_medication_prescribed_in_previous_6_months,01/02/2018,28/02/2018,male,25 to 34,2015,21765,9.257983
ADHD_patients_with_ADHD_medication_prescribed_in_previous_6_months,01/02/2018,28/02/2018,male,18 to 24,4005,26060,15.36838066
ADHD_patients_with_ADHD_medication_prescribed_in_previous_6_months,01/02/2018,28/02/2018,male,10 to 17,13680,27690,49.40411701
ADHD_patients_with_ADHD_medication_prescribed_in_previous_6_months,01/03/2018,31/03/2018,female,0 to 9,705,1895,37.20316623
ADHD_patients_with_ADHD_medication_prescribed_in_previous_6_months,01/03/2018,31/03/2018,female,35 and over,775,2885,26.86308492
ADHD_patients_with_ADHD_medication_prescribed_in_previous_6_months,01/03/2018,31/03/2018,female,25 to 34,690,4640,14.87068966
ADHD_patients_with_ADHD_medication_prescribed_in_previous_6_months,01/03/2018,31/03/2018,male,35 and over,1245,5705,21.82296231
ADHD_patients_with_ADHD_medication_prescribed_in_previous_6_months,01/03/2018,31/03/2018,female,18 to 24,1150,5880,19.55782313
ADHD_patients_with_ADHD_medication_prescribed_in_previous_6_months,01/03/2018,31/03/2018,female,10 to 17,2910,6470,44.97681607
ADHD_patients_with_ADHD_medication_prescribed_in_previous_6_months,01/03/2018,31/03/2018,male,0 to 9,3190,7735,41.24111183
ADHD_patients_with_ADHD_medication_prescribed_in_previous_6_months,01/03/2018,31/03/2018,male,25 to 34,2060,22090,9.325486646
ADHD_patients_with_ADHD_medication_prescribed_in_previous_6_months,01/03/2018,31/03/2018,male,18 to 24,4030,26140,15.41698546
ADHD_patients_with_ADHD_medication_prescribed_in_previous_6_months,01/03/2018,31/03/2018,male,10 to 17,13780,27835,49.5060176
ADHD_patients_with_ADHD_medication_prescribed_in_previous_6_months,01/04/2018,30/04/2018,female,0 to 9,695,1915,36.2924282
ADHD_patients_with_ADHD_medication_prescribed_in_previous_6_months,01/04/2018,30/04/2018,female,35 and over,795,2930,27.1331058
ADHD_patients_with_ADHD_medication_prescribed_in_previous_6_months,01/04/2018,30/04/2018,female,25 to 34,700,4720,14.83050847
ADHD_patients_with_ADHD_medication_prescribed_in_previous_6_months,01/04/2018,30/04/2018,male,35 and over,1280,5815,22.01203783
ADHD_patients_with_ADHD_medication_prescribed_in_previous_6_months,01/04/2018,30/04/2018,female,18 to 24,1150,5895,19.50805768
ADHD_patients_with_ADHD_medication_prescribed_in_previous_6_months,01/04/2018,30/04/2018,female,10 to 17,2940,6530,45.0229709
ADHD_patients_with_ADHD_medication_prescribed_in_previous_6_months,01/04/2018,30/04/2018,male,0 to 9,3200,7745,41.3169787
ADHD_patients_with_ADHD_medication_prescribed_in_previous_6_months,01/04/2018,30/04/2018,male,25 to 34,2095,22390,9.356855739
ADHD_patients_with_ADHD_medication_prescribed_in_previous_6_months,01/04/2018,30/04/2018,male,18 to 24,4030,26185,15.39049074
ADHD_patients_with_ADHD_medication_prescribed_in_previous_6_months,01/04/2018,30/04/2018,male,10 to 17,13855,28070,49.35874599
ADHD_patients_with_ADHD_medication_prescribed_in_previous_6_months,01/05/2018,31/05/2018,female,0 to 9,690,1950,35.38461538
ADHD_patients_with_ADHD_medication_prescribed_in_previous_6_months,01/05/2018,31/05/2018,female,35 and over,805,2970,27.1043771
ADHD_patients_with_ADHD_medication_prescribed_in_previous_6_months,01/05/2018,31/05/2018,female,25 to 34,720,4825,14.92227979
ADHD_patients_with_ADHD_medication_prescribed_in_previous_6_months,01/05/2018,31/05/2018,female,18 to 24,1170,5955,19.64735516
ADHD_patients_with_ADHD_medication_prescribed_in_previous_6_months,01/05/2018,31/05/2018,male,35 and over,1305,5965,21.87761945
ADHD_patients_with_ADHD_medication_prescribed_in_previous_6_months,01/05/2018,31/05/2018,female,10 to 17,2980,6610,45.08320726
ADHD_patients_with_ADHD_medication_prescribed_in_previous_6_months,01/05/2018,31/05/2018,male,0 to 9,3235,7820,41.36828645
ADHD_patients_with_ADHD_medication_prescribed_in_previous_6_months,01/05/2018,31/05/2018,male,25 to 34,2125,22690,9.365359189
ADHD_patients_with_ADHD_medication_prescribed_in_previous_6_months,01/05/2018,31/05/2018,male,18 to 24,4055,26330,15.40068363
ADHD_patients_with_ADHD_medication_prescribed_in_previous_6_months,01/05/2018,31/05/2018,male,10 to 17,14000,28275,49.51370469
ADHD_patients_with_ADHD_medication_prescribed_in_previous_6_months,01/06/2018,30/06/2018,female,0 to 9,695,1950,35.64102564
ADHD_patients_with_ADHD_medication_prescribed_in_previous_6_months,01/06/2018,30/06/2018,female,35 and over,830,3025,27.43801653
ADHD_patients_with_ADHD_medication_prescribed_in_previous_6_months,01/06/2018,30/06/2018,female,25 to 34,755,4905,15.39245668
ADHD_patients_with_ADHD_medication_prescribed_in_previous_6_months,01/06/2018,30/06/2018,female,18 to 24,1160,5965,19.44677284
ADHD_patients_with_ADHD_medication_prescribed_in_previous_6_months,01/06/2018,30/06/2018,male,35 and over,1330,6095,21.82116489
ADHD_patients_with_ADHD_medication_prescribed_in_previous_6_months,01/06/2018,30/06/2018,female,10 to 17,3010,6700,44.92537313
ADHD_patients_with_ADHD_medication_prescribed_in_previous_6_months,01/06/2018,30/06/2018,male,0 to 9,3235,7910,40.89759798
ADHD_patients_with_ADHD_medication_prescribed_in_previous_6_months,01/06/2018,30/06/2018,male,25 to 34,2185,23055,9.477336803
ADHD_patients_with_ADHD_medication_prescribed_in_previous_6_months,01/06/2018,30/06/2018,male,18 to 24,4080,26345,15.48680964
ADHD_patients_with_ADHD_medication_prescribed_in_previous_6_months,01/06/2018,30/06/2018,male,10 to 17,14110,28535,49.44804626
ADHD_patients_with_ADHD_medication_prescribed_in_previous_6_months,01/07/2018,31/07/2018,female,0 to 9,700,1985,35.26448363
ADHD_patients_with_ADHD_medication_prescribed_in_previous_6_months,01/07/2018,31/07/2018,female,35 and over,855,3085,27.71474878
ADHD_patients_with_ADHD_medication_prescribed_in_previous_6_months,01/07/2018,31/07/2018,female,25 to 34,790,5000,15.8
ADHD_patients_with_ADHD_medication_prescribed_in_previous_6_months,01/07/2018,31/07/2018,female,18 to 24,1170,6020,19.43521595
ADHD_patients_with_ADHD_medication_prescribed_in_previous_6_months,01/07/2018,31/07/2018,male,35 and over,1370,6250,21.92
ADHD_patients_with_ADHD_medication_prescribed_in_previous_6_months,01/07/2018,31/07/2018,female,10 to 17,3050,6765,45.0849963
ADHD_patients_with_ADHD_medication_prescribed_in_previous_6_months,01/07/2018,31/07/2018,male,0 to 9,3250,7985,40.70131497
ADHD_patients_with_ADHD_medication_prescribed_in_previous_6_months,01/07/2018,31/07/2018,male,25 to 34,2250,23410,9.611277232
ADHD_patients_with_ADHD_medication_prescribed_in_previous_6_months,01/07/2018,31/07/2018,male,18 to 24,4100,26385,15.53913208
ADHD_patients_with_ADHD_medication_prescribed_in_previous_6_months,01/07/2018,31/07/2018,male,10 to 17,14245,28770,49.513382
ADHD_patients_with_ADHD_medication_prescribed_in_previous_6_months,01/08/2018,31/08/2018,female,0 to 9,690,1960,35.20408163
ADHD_patients_with_ADHD_medication_prescribed_in_previous_6_months,01/08/2018,31/08/2018,female,35 and over,870,3145,27.66295707
ADHD_patients_with_ADHD_medication_prescribed_in_previous_6_months,01/08/2018,31/08/2018,female,25 to 34,810,5085,15.92920354
ADHD_patients_with_ADHD_medication_prescribed_in_previous_6_months,01/08/2018,31/08/2018,female,18 to 24,1190,6095,19.52420016
ADHD_patients_with_ADHD_medication_prescribed_in_previous_6_months,01/08/2018,31/08/2018,male,35 and over,1415,6420,22.04049844
ADHD_patients_with_ADHD_medication_prescribed_in_previous_6_months,01/08/2018,31/08/2018,female,10 to 17,3055,6835,44.69641551
ADHD_patients_with_ADHD_medication_prescribed_in_previous_6_months,01/08/2018,31/08/2018,male,0 to 9,3230,7950,40.62893082
ADHD_patients_with_ADHD_medication_prescribed_in_previous_6_months,01/08/2018,31/08/2018,male,25 to 34,2270,23745,9.559907349
ADHD_patients_with_ADHD_medication_prescribed_in_previous_6_months,01/08/2018,31/08/2018,male,18 to 24,4115,26505,15.52537257
ADHD_patients_with_ADHD_medication_prescribed_in_previous_6_months,01/08/2018,31/08/2018,male,10 to 17,14320,28985,49.40486459
ADHD_patients_with_ADHD_medication_prescribed_in_previous_6_months,01/09/2018,30/09/2018,female,0 to 9,700,2000,35
ADHD_patients_with_ADHD_medication_prescribed_in_previous_6_months,01/09/2018,30/09/2018,female,35 and over,890,3205,27.76911076
ADHD_patients_with_ADHD_medication_prescribed_in_previous_6_months,01/09/2018,30/09/2018,female,25 to 34,830,5165,16.0696999
ADHD_patients_with_ADHD_medication_prescribed_in_previous_6_months,01/09/2018,30/09/2018,female,18 to 24,1200,6085,19.72062449
ADHD_patients_with_ADHD_medication_prescribed_in_previous_6_months,01/09/2018,30/09/2018,male,35 and over,1445,6535,22.1117062
ADHD_patients_with_ADHD_medication_prescribed_in_previous_6_months,01/09/2018,30/09/2018,female,10 to 17,3075,6905,44.53294714
ADHD_patients_with_ADHD_medication_prescribed_in_previous_6_months,01/09/2018,30/09/2018,male,0 to 9,3260,8030,40.59775841
ADHD_patients_with_ADHD_medication_prescribed_in_previous_6_months,01/09/2018,30/09/2018,male,25 to 34,2330,24030,9.696213067
ADHD_patients_with_ADHD_medication_prescribed_in_previous_6_months,01/09/2018,30/09/2018,male,18 to 24,4110,26520,15.49773756
ADHD_patients_with_ADHD_medication_prescribed_in_previous_6_months,01/09/2018,30/09/2018,male,10 to 17,14410,29155,49.42548448
ADHD_patients_with_ADHD_medication_prescribed_in_previous_6_months,01/10/2018,31/10/2018,female,0 to 9,720,2045,35.20782396
ADHD_patients_with_ADHD_medication_prescribed_in_previous_6_months,01/10/2018,31/10/2018,female,35 and over,915,3270,27.98165138
ADHD_patients_with_ADHD_medication_prescribed_in_previous_6_months,01/10/2018,31/10/2018,female,25 to 34,850,5245,16.20591039
ADHD_patients_with_ADHD_medication_prescribed_in_previous_6_months,01/10/2018,31/10/2018,female,18 to 24,1245,6175,20.16194332
ADHD_patients_with_ADHD_medication_prescribed_in_previous_6_months,01/10/2018,31/10/2018,male,35 and over,1480,6680,22.15568862
ADHD_patients_with_ADHD_medication_prescribed_in_previous_6_months,01/10/2018,31/10/2018,female,10 to 17,3110,7010,44.36519258
ADHD_patients_with_ADHD_medication_prescribed_in_previous_6_months,01/10/2018,31/10/2018,male,0 to 9,3330,8235,40.43715847
ADHD_patients_with_ADHD_medication_prescribed_in_previous_6_months,01/10/2018,31/10/2018,male,25 to 34,2380,24320,9.786184211
ADHD_patients_with_ADHD_medication_prescribed_in_previous_6_months,01/10/2018,31/10/2018,male,18 to 24,4170,26630,15.65903117
ADHD_patients_with_ADHD_medication_prescribed_in_previous_6_months,01/10/2018,31/10/2018,male,10 to 17,14545,29445,49.39718119
ADHD_patients_with_ADHD_medication_prescribed_in_previous_6_months,01/11/2018,30/11/2018,female,0 to 9,740,2060,35.9223301
ADHD_patients_with_ADHD_medication_prescribed_in_previous_6_months,01/11/2018,30/11/2018,female,35 and over,950,3350,28.35820896
ADHD_patients_with_ADHD_medication_prescribed_in_previous_6_months,01/11/2018,30/11/2018,female,25 to 34,890,5340,16.66666667
ADHD_patients_with_ADHD_medication_prescribed_in_previous_6_months,01/11/2018,30/11/2018,female,18 to 24,1280,6290,20.34976153
ADHD_patients_with_ADHD_medication_prescribed_in_previous_6_months,01/11/2018,30/11/2018,male,35 and over,1505,6815,22.08363903
ADHD_patients_with_ADHD_medication_prescribed_in_previous_6_months,01/11/2018,30/11/2018,female,10 to 17,3165,7120,44.45224719
ADHD_patients_with_ADHD_medication_prescribed_in_previous_6_months,01/11/2018,30/11/2018,male,0 to 9,3400,8395,40.5002978
ADHD_patients_with_ADHD_medication_prescribed_in_previous_6_months,01/11/2018,30/11/2018,male,25 to 34,2465,24675,9.989868288
ADHD_patients_with_ADHD_medication_prescribed_in_previous_6_months,01/11/2018,30/11/2018,male,18 to 24,4220,26765,15.7668597
ADHD_patients_with_ADHD_medication_prescribed_in_previous_6_months,01/11/2018,30/11/2018,male,10 to 17,14745,29810,49.46326736
ADHD_patients_with_ADHD_medication_prescribed_in_previous_6_months,01/12/2018,31/12/2018,female,0 to 9,745,2080,35.81730769
ADHD_patients_with_ADHD_medication_prescribed_in_previous_6_months,01/12/2018,31/12/2018,female,35 and over,970,3410,28.4457478
ADHD_patients_with_ADHD_medication_prescribed_in_previous_6_months,01/12/2018,31/12/2018,female,25 to 34,905,5445,16.62075298
ADHD_patients_with_ADHD_medication_prescribed_in_previous_6_months,01/12/2018,31/12/2018,female,18 to 24,1300,6360,20.44025157
ADHD_patients_with_ADHD_medication_prescribed_in_previous_6_months,01/12/2018,31/12/2018,male,35 and over,1545,6975,22.15053763
ADHD_patients_with_ADHD_medication_prescribed_in_previous_6_months,01/12/2018,31/12/2018,female,10 to 17,3190,7180,44.42896936
ADHD_patients_with_ADHD_medication_prescribed_in_previous_6_months,01/12/2018,31/12/2018,male,0 to 9,3465,8495,40.78869923
ADHD_patients_with_ADHD_medication_prescribed_in_previous_6_months,01/12/2018,31/12/2018,male,25 to 34,2480,24985,9.925955573
ADHD_patients_with_ADHD_medication_prescribed_in_previous_6_months,01/12/2018,31/12/2018,male,18 to 24,4230,26915,15.71614341
ADHD_patients_with_ADHD_medication_prescribed_in_previous_6_months,01/12/2018,31/12/2018,male,10 to 17,14765,30055,49.12660123
ADHD_patients_with_ADHD_medication_prescribed_in_previous_6_months,01/01/2019,31/01/2019,female,0 to 9,750,2115,35.46099291
ADHD_patients_with_ADHD_medication_prescribed_in_previous_6_months,01/01/2019,31/01/2019,female,35 and over,980,3470,28.24207493
ADHD_patients_with_ADHD_medication_prescribed_in_previous_6_months,01/01/2019,31/01/2019,female,25 to 34,920,5495,16.74249318
ADHD_patients_with_ADHD_medication_prescribed_in_previous_6_months,01/01/2019,31/01/2019,female,18 to 24,1300,6410,20.28081123
ADHD_patients_with_ADHD_medication_prescribed_in_previous_6_months,01/01/2019,31/01/2019,male,35 and over,1575,7085,22.23006351
ADHD_patients_with_ADHD_medication_prescribed_in_previous_6_months,01/01/2019,31/01/2019,female,10 to 17,3210,7270,44.15405777
ADHD_patients_with_ADHD_medication_prescribed_in_previous_6_months,01/01/2019,31/01/2019,male,0 to 9,3495,8660,40.35796767
ADHD_patients_with_ADHD_medication_prescribed_in_previous_6_months,01/01/2019,31/01/2019,male,25 to 34,2505,25190,9.94442239
ADHD_patients_with_ADHD_medication_prescribed_in_previous_6_months,01/01/2019,31/01/2019,male,18 to 24,4225,26930,15.68882287
ADHD_patients_with_ADHD_medication_prescribed_in_previous_6_months,01/01/2019,31/01/2019,male,10 to 17,14905,30330,49.14276294
ADHD_patients_with_ADHD_medication_prescribed_in_previous_6_months,01/02/2019,28/02/2019,female,0 to 9,755,2155,35.03480278
ADHD_patients_with_ADHD_medication_prescribed_in_previous_6_months,01/02/2019,28/02/2019,female,35 and over,1000,3580,27.93296089
ADHD_patients_with_ADHD_medication_prescribed_in_previous_6_months,01/02/2019,28/02/2019,female,25 to 34,940,5600,16.78571429
ADHD_patients_with_ADHD_medication_prescribed_in_previous_6_months,01/02/2019,28/02/2019,female,18 to 24,1325,6500,20.38461538
ADHD_patients_with_ADHD_medication_prescribed_in_previous_6_months,01/02/2019,28/02/2019,male,35 and over,1620,7230,22.406639
ADHD_patients_with_ADHD_medication_prescribed_in_previous_6_months,01/02/2019,28/02/2019,female,10 to 17,3260,7375,44.20338983
ADHD_patients_with_ADHD_medication_prescribed_in_previous_6_months,01/02/2019,28/02/2019,male,0 to 9,3545,8770,40.42189282
ADHD_patients_with_ADHD_medication_prescribed_in_previous_6_months,01/02/2019,28/02/2019,male,25 to 34,2535,25570,9.913961674
ADHD_patients_with_ADHD_medication_prescribed_in_previous_6_months,01/02/2019,28/02/2019,male,18 to 24,4260,27035,15.75735158
ADHD_patients_with_ADHD_medication_prescribed_in_previous_6_months,01/02/2019,28/02/2019,male,10 to 17,14985,30645,48.89867841
ADHD_patients_with_ADHD_medication_prescribed_in_previous_6_months,01/03/2019,31/03/2019,female,0 to 9,760,2165,35.1039261
ADHD_patients_with_ADHD_medication_prescribed_in_previous_6_months,01/03/2019,31/03/2019,female,35 and over,1030,3640,28.2967033
ADHD_patients_with_ADHD_medication_prescribed_in_previous_6_months,01/03/2019,31/03/2019,female,25 to 34,970,5670,17.10758377
ADHD_patients_with_ADHD_medication_prescribed_in_previous_6_months,01/03/2019,31/03/2019,female,18 to 24,1350,6555,20.59496568
ADHD_patients_with_ADHD_medication_prescribed_in_previous_6_months,01/03/2019,31/03/2019,male,35 and over,1660,7375,22.50847458
ADHD_patients_with_ADHD_medication_prescribed_in_previous_6_months,01/03/2019,31/03/2019,female,10 to 17,3290,7460,44.10187668
ADHD_patients_with_ADHD_medication_prescribed_in_previous_6_months,01/03/2019,31/03/2019,male,0 to 9,3580,8870,40.36076663
ADHD_patients_with_ADHD_medication_prescribed_in_previous_6_months,01/03/2019,31/03/2019,male,25 to 34,2595,25890,10.02317497
ADHD_patients_with_ADHD_medication_prescribed_in_previous_6_months,01/03/2019,31/03/2019,male,18 to 24,4285,27105,15.80889135
ADHD_patients_with_ADHD_medication_prescribed_in_previous_6_months,01/03/2019,31/03/2019,male,10 to 17,15190,30925,49.11883589
ADHD_patients_with_ADHD_medication_prescribed_in_previous_6_months,01/04/2019,30/04/2019,female,0 to 9,760,2175,34.94252874
ADHD_patients_with_ADHD_medication_prescribed_in_previous_6_months,01/04/2019,30/04/2019,female,35 and over,1055,3700,28.51351351
ADHD_patients_with_ADHD_medication_prescribed_in_previous_6_months,01/04/2019,30/04/2019,female,25 to 34,1005,5805,17.3126615
ADHD_patients_with_ADHD_medication_prescribed_in_previous_6_months,01/04/2019,30/04/2019,female,18 to 24,1365,6595,20.6974981
ADHD_patients_with_ADHD_medication_prescribed_in_previous_6_months,01/04/2019,30/04/2019,male,35 and over,1715,7525,22.79069767
ADHD_patients_with_ADHD_medication_prescribed_in_previous_6_months,01/04/2019,30/04/2019,female,10 to 17,3350,7565,44.28288169
ADHD_patients_with_ADHD_medication_prescribed_in_previous_6_months,01/04/2019,30/04/2019,male,0 to 9,3680,8985,40.95715081
ADHD_patients_with_ADHD_medication_prescribed_in_previous_6_months,01/04/2019,30/04/2019,male,25 to 34,2645,26230,10.08387343
ADHD_patients_with_ADHD_medication_prescribed_in_previous_6_months,01/04/2019,30/04/2019,male,18 to 24,4365,27210,16.04189636
ADHD_patients_with_ADHD_medication_prescribed_in_previous_6_months,01/04/2019,30/04/2019,male,10 to 17,15390,31255,49.24012158
ADHD_patients_with_ADHD_medication_prescribed_in_previous_6_months,01/05/2019,31/05/2019,female,0 to 9,770,2200,35
ADHD_patients_with_ADHD_medication_prescribed_in_previous_6_months,01/05/2019,31/05/2019,female,35 and over,1095,3780,28.96825397
ADHD_patients_with_ADHD_medication_prescribed_in_previous_6_months,01/05/2019,31/05/2019,female,25 to 34,1010,5880,17.17687075
ADHD_patients_with_ADHD_medication_prescribed_in_previous_6_months,01/05/2019,31/05/2019,female,18 to 24,1390,6655,20.88655147
ADHD_patients_with_ADHD_medication_prescribed_in_previous_6_months,01/05/2019,31/05/2019,female,10 to 17,3390,7665,44.22700587
ADHD_patients_with_ADHD_medication_prescribed_in_previous_6_months,01/05/2019,31/05/2019,male,35 and over,1750,7700,22.72727273
ADHD_patients_with_ADHD_medication_prescribed_in_previous_6_months,01/05/2019,31/05/2019,male,0 to 9,3760,9060,41.50110375
ADHD_patients_with_ADHD_medication_prescribed_in_previous_6_months,01/05/2019,31/05/2019,male,25 to 34,2685,26535,10.11871114
ADHD_patients_with_ADHD_medication_prescribed_in_previous_6_months,01/05/2019,31/05/2019,male,18 to 24,4380,27300,16.04395604
ADHD_patients_with_ADHD_medication_prescribed_in_previous_6_months,01/05/2019,31/05/2019,male,10 to 17,15575,31485,49.46800064
ADHD_patients_with_ADHD_medication_prescribed_in_previous_6_months,01/06/2019,30/06/2019,female,0 to 9,780,2200,35.45454545
ADHD_patients_with_ADHD_medication_prescribed_in_previous_6_months,01/06/2019,30/06/2019,female,35 and over,1120,3845,29.12873862
ADHD_patients_with_ADHD_medication_prescribed_in_previous_6_months,01/06/2019,30/06/2019,female,25 to 34,1040,6005,17.31890092
ADHD_patients_with_ADHD_medication_prescribed_in_previous_6_months,01/06/2019,30/06/2019,female,18 to 24,1400,6745,20.75611564
ADHD_patients_with_ADHD_medication_prescribed_in_previous_6_months,01/06/2019,30/06/2019,female,10 to 17,3425,7745,44.22207876
ADHD_patients_with_ADHD_medication_prescribed_in_previous_6_months,01/06/2019,30/06/2019,male,35 and over,1810,7860,23.02798982
ADHD_patients_with_ADHD_medication_prescribed_in_previous_6_months,01/06/2019,30/06/2019,male,0 to 9,3840,9080,42.2907489
ADHD_patients_with_ADHD_medication_prescribed_in_previous_6_months,01/06/2019,30/06/2019,male,25 to 34,2720,26895,10.11340398
ADHD_patients_with_ADHD_medication_prescribed_in_previous_6_months,01/06/2019,30/06/2019,male,18 to 24,4405,27375,16.0913242
ADHD_patients_with_ADHD_medication_prescribed_in_previous_6_months,01/06/2019,30/06/2019,male,10 to 17,15710,31790,49.41805599
ADHD_patients_with_ADHD_medication_prescribed_in_previous_6_months,01/07/2019,31/07/2019,female,0 to 9,795,2210,35.97285068
ADHD_patients_with_ADHD_medication_prescribed_in_previous_6_months,01/07/2019,31/07/2019,female,35 and over,1155,3895,29.6534018
ADHD_patients_with_ADHD_medication_prescribed_in_previous_6_months,01/07/2019,31/07/2019,female,25 to 34,1080,6115,17.66148814
ADHD_patients_with_ADHD_medication_prescribed_in_previous_6_months,01/07/2019,31/07/2019,female,18 to 24,1425,6770,21.04874446
ADHD_patients_with_ADHD_medication_prescribed_in_previous_6_months,01/07/2019,31/07/2019,female,10 to 17,3480,7860,44.27480916
ADHD_patients_with_ADHD_medication_prescribed_in_previous_6_months,01/07/2019,31/07/2019,male,35 and over,1865,8010,23.28339576
ADHD_patients_with_ADHD_medication_prescribed_in_previous_6_months,01/07/2019,31/07/2019,male,0 to 9,3850,9135,42.14559387
ADHD_patients_with_ADHD_medication_prescribed_in_previous_6_months,01/07/2019,31/07/2019,male,25 to 34,2810,27290,10.29681202
ADHD_patients_with_ADHD_medication_prescribed_in_previous_6_months,01/07/2019,31/07/2019,male,18 to 24,4435,27360,16.20979532
ADHD_patients_with_ADHD_medication_prescribed_in_previous_6_months,01/07/2019,31/07/2019,male,10 to 17,15920,32125,49.55642023
ADHD_patients_with_ADHD_medication_prescribed_in_previous_6_months,01/08/2019,31/08/2019,female,0 to 9,780,2205,35.37414966
ADHD_patients_with_ADHD_medication_prescribed_in_previous_6_months,01/08/2019,31/08/2019,female,35 and over,1175,3975,29.55974843
ADHD_patients_with_ADHD_medication_prescribed_in_previous_6_months,01/08/2019,31/08/2019,female,25 to 34,1110,6230,17.81701445
ADHD_patients_with_ADHD_medication_prescribed_in_previous_6_months,01/08/2019,31/08/2019,female,18 to 24,1465,6875,21.30909091
ADHD_patients_with_ADHD_medication_prescribed_in_previous_6_months,01/08/2019,31/08/2019,female,10 to 17,3530,7965,44.31889517
ADHD_patients_with_ADHD_medication_prescribed_in_previous_6_months,01/08/2019,31/08/2019,male,35 and over,1920,8200,23.41463415
ADHD_patients_with_ADHD_medication_prescribed_in_previous_6_months,01/08/2019,31/08/2019,male,0 to 9,3790,9080,41.74008811
ADHD_patients_with_ADHD_medication_prescribed_in_previous_6_months,01/08/2019,31/08/2019,male,18 to 24,4510,27525,16.38510445
ADHD_patients_with_ADHD_medication_prescribed_in_previous_6_months,01/08/2019,31/08/2019,male,25 to 34,2845,27650,10.28933092
ADHD_patients_with_ADHD_medication_prescribed_in_previous_6_months,01/08/2019,31/08/2019,male,10 to 17,16040,32415,49.48326392
ADHD_patients_with_ADHD_medication_prescribed_in_previous_6_months,01/09/2019,30/09/2019,female,0 to 9,800,2250,35.55555556
ADHD_patients_with_ADHD_medication_prescribed_in_previous_6_months,01/09/2019,30/09/2019,female,35 and over,1205,4040,29.82673267
ADHD_patients_with_ADHD_medication_prescribed_in_previous_6_months,01/09/2019,30/09/2019,female,25 to 34,1150,6355,18.09598741
ADHD_patients_with_ADHD_medication_prescribed_in_previous_6_months,01/09/2019,30/09/2019,female,18 to 24,1460,6830,21.37628111
ADHD_patients_with_ADHD_medication_prescribed_in_previous_6_months,01/09/2019,30/09/2019,female,10 to 17,3575,8035,44.49284381
ADHD_patients_with_ADHD_medication_prescribed_in_previous_6_months,01/09/2019,30/09/2019,male,35 and over,1965,8375,23.46268657
ADHD_patients_with_ADHD_medication_prescribed_in_previous_6_months,01/09/2019,30/09/2019,male,0 to 9,3850,9170,41.98473282
ADHD_patients_with_ADHD_medication_prescribed_in_previous_6_months,01/09/2019,30/09/2019,male,18 to 24,4510,27450,16.4298725
ADHD_patients_with_ADHD_medication_prescribed_in_previous_6_months,01/09/2019,30/09/2019,male,25 to 34,2895,27910,10.3726263
ADHD_patients_with_ADHD_medication_prescribed_in_previous_6_months,01/09/2019,30/09/2019,male,10 to 17,16210,32635,49.67059905
ADHD_patients_with_ADHD_medication_prescribed_in_previous_6_months,01/10/2019,31/10/2019,female,0 to 9,835,2320,35.99137931
ADHD_patients_with_ADHD_medication_prescribed_in_previous_6_months,01/10/2019,31/10/2019,female,35 and over,1235,4135,29.86698912
ADHD_patients_with_ADHD_medication_prescribed_in_previous_6_months,01/10/2019,31/10/2019,female,25 to 34,1200,6445,18.61908456
ADHD_patients_with_ADHD_medication_prescribed_in_previous_6_months,01/10/2019,31/10/2019,female,18 to 24,1500,6940,21.61383285
ADHD_patients_with_ADHD_medication_prescribed_in_previous_6_months,01/10/2019,31/10/2019,female,10 to 17,3605,8145,44.26028238
ADHD_patients_with_ADHD_medication_prescribed_in_previous_6_months,01/10/2019,31/10/2019,male,35 and over,2010,8520,23.5915493
ADHD_patients_with_ADHD_medication_prescribed_in_previous_6_months,01/10/2019,31/10/2019,male,0 to 9,3925,9310,42.15896885
ADHD_patients_with_ADHD_medication_prescribed_in_previous_6_months,01/10/2019,31/10/2019,male,18 to 24,4585,27600,16.61231884
ADHD_patients_with_ADHD_medication_prescribed_in_previous_6_months,01/10/2019,31/10/2019,male,25 to 34,2905,28175,10.31055901
ADHD_patients_with_ADHD_medication_prescribed_in_previous_6_months,01/10/2019,31/10/2019,male,10 to 17,16390,33140,49.45684973
ADHD_patients_with_ADHD_medication_prescribed_in_previous_6_months,01/11/2019,30/11/2019,female,0 to 9,850,2350,36.17021277
ADHD_patients_with_ADHD_medication_prescribed_in_previous_6_months,01/11/2019,30/11/2019,female,35 and over,1280,4215,30.36773428
ADHD_patients_with_ADHD_medication_prescribed_in_previous_6_months,01/11/2019,30/11/2019,female,25 to 34,1235,6565,18.81188119
ADHD_patients_with_ADHD_medication_prescribed_in_previous_6_months,01/11/2019,30/11/2019,female,18 to 24,1520,7080,21.46892655
ADHD_patients_with_ADHD_medication_prescribed_in_previous_6_months,01/11/2019,30/11/2019,female,10 to 17,3655,8305,44.00963275
ADHD_patients_with_ADHD_medication_prescribed_in_previous_6_months,01/11/2019,30/11/2019,male,35 and over,2070,8740,23.68421053
ADHD_patients_with_ADHD_medication_prescribed_in_previous_6_months,01/11/2019,30/11/2019,male,0 to 9,3960,9415,42.06054169
ADHD_patients_with_ADHD_medication_prescribed_in_previous_6_months,01/11/2019,30/11/2019,male,18 to 24,4635,27815,16.66367068
ADHD_patients_with_ADHD_medication_prescribed_in_previous_6_months,01/11/2019,30/11/2019,male,25 to 34,3005,28575,10.51618548
ADHD_patients_with_ADHD_medication_prescribed_in_previous_6_months,01/11/2019,30/11/2019,male,10 to 17,16610,33520,49.55250597
ADHD_patients_with_ADHD_medication_prescribed_in_previous_6_months,01/12/2019,31/12/2019,female,0 to 9,865,2360,36.65254237
ADHD_patients_with_ADHD_medication_prescribed_in_previous_6_months,01/12/2019,31/12/2019,female,35 and over,1295,4300,30.11627907
ADHD_patients_with_ADHD_medication_prescribed_in_previous_6_months,01/12/2019,31/12/2019,female,25 to 34,1275,6695,19.04406273
ADHD_patients_with_ADHD_medication_prescribed_in_previous_6_months,01/12/2019,31/12/2019,female,18 to 24,1560,7200,21.66666667
ADHD_patients_with_ADHD_medication_prescribed_in_previous_6_months,01/12/2019,31/12/2019,female,10 to 17,3700,8435,43.86484884
ADHD_patients_with_ADHD_medication_prescribed_in_previous_6_months,01/12/2019,31/12/2019,male,35 and over,2125,8910,23.84960718
ADHD_patients_with_ADHD_medication_prescribed_in_previous_6_months,01/12/2019,31/12/2019,male,0 to 9,3965,9485,41.8028466
ADHD_patients_with_ADHD_medication_prescribed_in_previous_6_months,01/12/2019,31/12/2019,male,18 to 24,4670,27965,16.69944574
ADHD_patients_with_ADHD_medication_prescribed_in_previous_6_months,01/12/2019,31/12/2019,male,25 to 34,3075,28875,10.64935065
ADHD_patients_with_ADHD_medication_prescribed_in_previous_6_months,01/12/2019,31/12/2019,male,10 to 17,16685,33840,49.30555556
ADHD_patients_with_ADHD_medication_prescribed_in_previous_6_months,01/01/2020,31/01/2020,female,0 to 9,875,2400,36.45833333
ADHD_patients_with_ADHD_medication_prescribed_in_previous_6_months,01/01/2020,31/01/2020,female,35 and over,1320,4380,30.1369863
ADHD_patients_with_ADHD_medication_prescribed_in_previous_6_months,01/01/2020,31/01/2020,female,25 to 34,1315,6770,19.4239291
ADHD_patients_with_ADHD_medication_prescribed_in_previous_6_months,01/01/2020,31/01/2020,female,18 to 24,1600,7270,22.00825309
ADHD_patients_with_ADHD_medication_prescribed_in_previous_6_months,01/01/2020,31/01/2020,female,10 to 17,3735,8555,43.65867914
ADHD_patients_with_ADHD_medication_prescribed_in_previous_6_months,01/01/2020,31/01/2020,male,35 and over,2180,9075,24.02203857
ADHD_patients_with_ADHD_medication_prescribed_in_previous_6_months,01/01/2020,31/01/2020,male,0 to 9,4035,9665,41.74857734
ADHD_patients_with_ADHD_medication_prescribed_in_previous_6_months,01/01/2020,31/01/2020,male,18 to 24,4740,28055,16.89538407
ADHD_patients_with_ADHD_medication_prescribed_in_previous_6_months,01/01/2020,31/01/2020,male,25 to 34,3120,29110,10.71796633
ADHD_patients_with_ADHD_medication_prescribed_in_previous_6_months,01/01/2020,31/01/2020,male,10 to 17,16795,34130,49.20890712
ADHD_patients_with_ADHD_medication_prescribed_in_previous_6_months,01/02/2020,29/02/2020,female,0 to 9,870,2420,35.95041322
ADHD_patients_with_ADHD_medication_prescribed_in_previous_6_months,01/02/2020,29/02/2020,female,35 and over,1375,4485,30.65774805
ADHD_patients_with_ADHD_medication_prescribed_in_previous_6_months,01/02/2020,29/02/2020,female,25 to 34,1350,6880,19.62209302
ADHD_patients_with_ADHD_medication_prescribed_in_previous_6_months,01/02/2020,29/02/2020,female,18 to 24,1635,7390,22.12449256
ADHD_patients_with_ADHD_medication_prescribed_in_previous_6_months,01/02/2020,29/02/2020,female,10 to 17,3760,8680,43.31797235
ADHD_patients_with_ADHD_medication_prescribed_in_previous_6_months,01/02/2020,29/02/2020,male,35 and over,2220,9265,23.96114409
ADHD_patients_with_ADHD_medication_prescribed_in_previous_6_months,01/02/2020,29/02/2020,male,0 to 9,4080,9715,41.99691199
ADHD_patients_with_ADHD_medication_prescribed_in_previous_6_months,01/02/2020,29/02/2020,male,18 to 24,4770,28120,16.96301565
ADHD_patients_with_ADHD_medication_prescribed_in_previous_6_months,01/02/2020,29/02/2020,male,25 to 34,3185,29450,10.81494058
ADHD_patients_with_ADHD_medication_prescribed_in_previous_6_months,01/02/2020,29/02/2020,male,10 to 17,16905,34490,49.01420702
ADHD_patients_with_ADHD_medication_prescribed_in_previous_6_months,01/03/2020,31/03/2020,female,0 to 9,890,2410,36.92946058
ADHD_patients_with_ADHD_medication_prescribed_in_previous_6_months,01/03/2020,31/03/2020,female,35 and over,1425,4590,31.04575163
ADHD_patients_with_ADHD_medication_prescribed_in_previous_6_months,01/03/2020,31/03/2020,female,25 to 34,1385,7020,19.72934473
ADHD_patients_with_ADHD_medication_prescribed_in_previous_6_months,01/03/2020,31/03/2020,female,18 to 24,1680,7465,22.50502344
ADHD_patients_with_ADHD_medication_prescribed_in_previous_6_months,01/03/2020,31/03/2020,female,10 to 17,3855,8770,43.95667047
ADHD_patients_with_ADHD_medication_prescribed_in_previous_6_months,01/03/2020,31/03/2020,male,35 and over,2285,9445,24.19269455
ADHD_patients_with_ADHD_medication_prescribed_in_previous_6_months,01/03/2020,31/03/2020,male,0 to 9,4140,9735,42.52696456
ADHD_patients_with_ADHD_medication_prescribed_in_previous_6_months,01/03/2020,31/03/2020,male,18 to 24,4860,28250,17.20353982
ADHD_patients_with_ADHD_medication_prescribed_in_previous_6_months,01/03/2020,31/03/2020,male,25 to 34,3255,29850,10.90452261
ADHD_patients_with_ADHD_medication_prescribed_in_previous_6_months,01/03/2020,31/03/2020,male,10 to 17,17175,34900,49.21203438
ADHD_patients_with_ADHD_medication_prescribed_in_previous_6_months,01/04/2020,30/04/2020,female,0 to 9,885,2380,37.18487395
ADHD_patients_with_ADHD_medication_prescribed_in_previous_6_months,01/04/2020,30/04/2020,female,35 and over,1480,4670,31.69164882
ADHD_patients_with_ADHD_medication_prescribed_in_previous_6_months,01/04/2020,30/04/2020,female,25 to 34,1435,7165,20.02791347
ADHD_patients_with_ADHD_medication_prescribed_in_previous_6_months,01/04/2020,30/04/2020,female,18 to 24,1685,7525,22.39202658
ADHD_patients_with_ADHD_medication_prescribed_in_previous_6_months,01/04/2020,30/04/2020,female,10 to 17,3890,8865,43.88042865
ADHD_patients_with_ADHD_medication_prescribed_in_previous_6_months,01/04/2020,30/04/2020,male,35 and over,2380,9645,24.67599793
ADHD_patients_with_ADHD_medication_prescribed_in_previous_6_months,01/04/2020,30/04/2020,male,0 to 9,4140,9675,42.79069767
ADHD_patients_with_ADHD_medication_prescribed_in_previous_6_months,01/04/2020,30/04/2020,male,18 to 24,4890,28400,17.21830986
ADHD_patients_with_ADHD_medication_prescribed_in_previous_6_months,01/04/2020,30/04/2020,male,25 to 34,3350,30255,11.07254999
ADHD_patients_with_ADHD_medication_prescribed_in_previous_6_months,01/04/2020,30/04/2020,male,10 to 17,17330,35205,49.22596222
ADHD_patients_with_ADHD_medication_prescribed_in_previous_6_months,01/05/2020,31/05/2020,female,0 to 9,860,2350,36.59574468
ADHD_patients_with_ADHD_medication_prescribed_in_previous_6_months,01/05/2020,31/05/2020,female,35 and over,1505,4750,31.68421053
ADHD_patients_with_ADHD_medication_prescribed_in_previous_6_months,01/05/2020,31/05/2020,female,25 to 34,1445,7290,19.82167353
ADHD_patients_with_ADHD_medication_prescribed_in_previous_6_months,01/05/2020,31/05/2020,female,18 to 24,1700,7575,22.44224422
ADHD_patients_with_ADHD_medication_prescribed_in_previous_6_months,01/05/2020,31/05/2020,female,10 to 17,3905,8935,43.70453274
ADHD_patients_with_ADHD_medication_prescribed_in_previous_6_months,01/05/2020,31/05/2020,male,0 to 9,4065,9525,42.67716535
ADHD_patients_with_ADHD_medication_prescribed_in_previous_6_months,01/05/2020,31/05/2020,male,35 and over,2400,9820,24.43991853
ADHD_patients_with_ADHD_medication_prescribed_in_previous_6_months,01/05/2020,31/05/2020,male,18 to 24,4895,28385,17.24502378
ADHD_patients_with_ADHD_medication_prescribed_in_previous_6_months,01/05/2020,31/05/2020,male,25 to 34,3365,30520,11.02555701
ADHD_patients_with_ADHD_medication_prescribed_in_previous_6_months,01/05/2020,31/05/2020,male,10 to 17,17360,35435,48.99111048
ADHD_patients_with_ADHD_medication_prescribed_in_previous_6_months,01/06/2020,30/06/2020,female,0 to 9,845,2335,36.18843683
ADHD_patients_with_ADHD_medication_prescribed_in_previous_6_months,01/06/2020,30/06/2020,female,35 and over,1535,4845,31.68214654
ADHD_patients_with_ADHD_medication_prescribed_in_previous_6_months,01/06/2020,30/06/2020,female,25 to 34,1485,7385,20.10832769
ADHD_patients_with_ADHD_medication_prescribed_in_previous_6_months,01/06/2020,30/06/2020,female,18 to 24,1710,7620,22.44094488
ADHD_patients_with_ADHD_medication_prescribed_in_previous_6_months,01/06/2020,30/06/2020,female,10 to 17,3875,8985,43.12743461
ADHD_patients_with_ADHD_medication_prescribed_in_previous_6_months,01/06/2020,30/06/2020,male,0 to 9,3965,9435,42.02437732
ADHD_patients_with_ADHD_medication_prescribed_in_previous_6_months,01/06/2020,30/06/2020,male,35 and over,2435,9995,24.36218109
ADHD_patients_with_ADHD_medication_prescribed_in_previous_6_months,01/06/2020,30/06/2020,male,18 to 24,4915,28340,17.34297812
ADHD_patients_with_ADHD_medication_prescribed_in_previous_6_months,01/06/2020,30/06/2020,male,25 to 34,3445,30855,11.16512721
ADHD_patients_with_ADHD_medication_prescribed_in_previous_6_months,01/06/2020,30/06/2020,male,10 to 17,17295,35690,48.45895209
ADHD_patients_with_ADHD_medication_prescribed_in_previous_6_months,01/07/2020,31/07/2020,female,0 to 9,835,2315,36.06911447
ADHD_patients_with_ADHD_medication_prescribed_in_previous_6_months,01/07/2020,31/07/2020,female,35 and over,1595,4955,32.18970737
ADHD_patients_with_ADHD_medication_prescribed_in_previous_6_months,01/07/2020,31/07/2020,female,25 to 34,1515,7470,20.2811245
ADHD_patients_with_ADHD_medication_prescribed_in_previous_6_months,01/07/2020,31/07/2020,female,18 to 24,1760,7680,22.91666667
ADHD_patients_with_ADHD_medication_prescribed_in_previous_6_months,01/07/2020,31/07/2020,female,10 to 17,3880,9040,42.92035398
ADHD_patients_with_ADHD_medication_prescribed_in_previous_6_months,01/07/2020,31/07/2020,male,0 to 9,3885,9310,41.72932331
ADHD_patients_with_ADHD_medication_prescribed_in_previous_6_months,01/07/2020,31/07/2020,male,35 and over,2475,10180,24.31237721
ADHD_patients_with_ADHD_medication_prescribed_in_previous_6_months,01/07/2020,31/07/2020,male,18 to 24,4955,28385,17.45640303
ADHD_patients_with_ADHD_medication_prescribed_in_previous_6_months,01/07/2020,31/07/2020,male,25 to 34,3480,31145,11.1735431
ADHD_patients_with_ADHD_medication_prescribed_in_previous_6_months,01/07/2020,31/07/2020,male,10 to 17,17280,35840,48.21428571
ADHD_patients_with_ADHD_medication_prescribed_in_previous_6_months,01/08/2020,31/08/2020,female,0 to 9,825,2285,36.10503282
ADHD_patients_with_ADHD_medication_prescribed_in_previous_6_months,01/08/2020,31/08/2020,female,35 and over,1610,5045,31.91278494
ADHD_patients_with_ADHD_medication_prescribed_in_previous_6_months,01/08/2020,31/08/2020,female,25 to 34,1555,7590,20.48748353
ADHD_patients_with_ADHD_medication_prescribed_in_previous_6_months,01/08/2020,31/08/2020,female,18 to 24,1770,7755,22.82398453
ADHD_patients_with_ADHD_medication_prescribed_in_previous_6_months,01/08/2020,31/08/2020,female,10 to 17,3795,9120,41.61184211
ADHD_patients_with_ADHD_medication_prescribed_in_previous_6_months,01/08/2020,31/08/2020,male,0 to 9,3740,9155,40.85199345
ADHD_patients_with_ADHD_medication_prescribed_in_previous_6_months,01/08/2020,31/08/2020,male,35 and over,2510,10405,24.12301778
ADHD_patients_with_ADHD_medication_prescribed_in_previous_6_months,01/08/2020,31/08/2020,male,18 to 24,4925,28405,17.33849674
ADHD_patients_with_ADHD_medication_prescribed_in_previous_6_months,01/08/2020,31/08/2020,male,25 to 34,3490,31485,11.08464348
ADHD_patients_with_ADHD_medication_prescribed_in_previous_6_months,01/08/2020,31/08/2020,male,10 to 17,17070,36075,47.31808732
ADHD_patients_with_ADHD_medication_prescribed_in_previous_6_months,01/09/2020,30/09/2020,female,0 to 9,825,2310,35.71428571
ADHD_patients_with_ADHD_medication_prescribed_in_previous_6_months,01/09/2020,30/09/2020,female,35 and over,1670,5140,32.49027237
ADHD_patients_with_ADHD_medication_prescribed_in_previous_6_months,01/09/2020,30/09/2020,female,25 to 34,1580,7725,20.45307443
ADHD_patients_with_ADHD_medication_prescribed_in_previous_6_months,01/09/2020,30/09/2020,female,18 to 24,1765,7750,22.77419355
ADHD_patients_with_ADHD_medication_prescribed_in_previous_6_months,01/09/2020,30/09/2020,male,0 to 9,3695,9145,40.40459267
ADHD_patients_with_ADHD_medication_prescribed_in_previous_6_months,01/09/2020,30/09/2020,female,10 to 17,3790,9210,41.15092291
ADHD_patients_with_ADHD_medication_prescribed_in_previous_6_months,01/09/2020,30/09/2020,male,35 and over,2560,10610,24.12818096
ADHD_patients_with_ADHD_medication_prescribed_in_previous_6_months,01/09/2020,30/09/2020,male,18 to 24,4895,28380,17.24806202
ADHD_patients_with_ADHD_medication_prescribed_in_previous_6_months,01/09/2020,30/09/2020,male,25 to 34,3520,31725,11.09535067
ADHD_patients_with_ADHD_medication_prescribed_in_previous_6_months,01/09/2020,30/09/2020,male,10 to 17,17020,36290,46.89997244
ADHD_patients_with_ADHD_medication_prescribed_in_previous_6_months,01/10/2020,31/10/2020,female,0 to 9,815,2320,35.12931034
ADHD_patients_with_ADHD_medication_prescribed_in_previous_6_months,01/10/2020,31/10/2020,female,35 and over,1680,5250,32
ADHD_patients_with_ADHD_medication_prescribed_in_previous_6_months,01/10/2020,31/10/2020,female,25 to 34,1615,7880,20.49492386
ADHD_patients_with_ADHD_medication_prescribed_in_previous_6_months,01/10/2020,31/10/2020,female,18 to 24,1800,7890,22.81368821
ADHD_patients_with_ADHD_medication_prescribed_in_previous_6_months,01/10/2020,31/10/2020,male,0 to 9,3670,9190,39.93471164
ADHD_patients_with_ADHD_medication_prescribed_in_previous_6_months,01/10/2020,31/10/2020,female,10 to 17,3795,9375,40.48
ADHD_patients_with_ADHD_medication_prescribed_in_previous_6_months,01/10/2020,31/10/2020,male,35 and over,2620,10785,24.29299954
ADHD_patients_with_ADHD_medication_prescribed_in_previous_6_months,01/10/2020,31/10/2020,male,18 to 24,4900,28580,17.14485654
ADHD_patients_with_ADHD_medication_prescribed_in_previous_6_months,01/10/2020,31/10/2020,male,25 to 34,3570,32060,11.13537118
ADHD_patients_with_ADHD_medication_prescribed_in_previous_6_months,01/10/2020,31/10/2020,male,10 to 17,16820,36605,45.95000683
ADHD_patients_with_ADHD_medication_prescribed_in_previous_6_months,01/11/2020,30/11/2020,female,0 to 9,820,2330,35.19313305
ADHD_patients_with_ADHD_medication_prescribed_in_previous_6_months,01/11/2020,30/11/2020,female,35 and over,1730,5365,32.24603914
ADHD_patients_with_ADHD_medication_prescribed_in_previous_6_months,01/11/2020,30/11/2020,female,25 to 34,1675,8020,20.88528678
ADHD_patients_with_ADHD_medication_prescribed_in_previous_6_months,01/11/2020,30/11/2020,female,18 to 24,1850,8070,22.9244114
ADHD_patients_with_ADHD_medication_prescribed_in_previous_6_months,01/11/2020,30/11/2020,male,0 to 9,3690,9225,40
ADHD_patients_with_ADHD_medication_prescribed_in_previous_6_months,01/11/2020,30/11/2020,female,10 to 17,3885,9490,40.93782929
ADHD_patients_with_ADHD_medication_prescribed_in_previous_6_months,01/11/2020,30/11/2020,male,35 and over,2675,11020,24.27404719
ADHD_patients_with_ADHD_medication_prescribed_in_previous_6_months,01/11/2020,30/11/2020,male,18 to 24,5005,28730,17.42081448
ADHD_patients_with_ADHD_medication_prescribed_in_previous_6_months,01/11/2020,30/11/2020,male,25 to 34,3660,32365,11.30851228
ADHD_patients_with_ADHD_medication_prescribed_in_previous_6_months,01/11/2020,30/11/2020,male,10 to 17,17065,36965,46.16529149
ADHD_patients_with_ADHD_medication_prescribed_in_previous_6_months,01/12/2020,31/12/2020,female,0 to 9,830,2335,35.54603854
ADHD_patients_with_ADHD_medication_prescribed_in_previous_6_months,01/12/2020,31/12/2020,female,35 and over,1800,5505,32.69754768
ADHD_patients_with_ADHD_medication_prescribed_in_previous_6_months,01/12/2020,31/12/2020,female,25 to 34,1735,8185,21.19731216
ADHD_patients_with_ADHD_medication_prescribed_in_previous_6_months,01/12/2020,31/12/2020,female,18 to 24,1925,8190,23.5042735
ADHD_patients_with_ADHD_medication_prescribed_in_previous_6_months,01/12/2020,31/12/2020,male,0 to 9,3710,9265,40.04317323
ADHD_patients_with_ADHD_medication_prescribed_in_previous_6_months,01/12/2020,31/12/2020,female,10 to 17,3940,9630,40.91381101
ADHD_patients_with_ADHD_medication_prescribed_in_previous_6_months,01/12/2020,31/12/2020,male,35 and over,2770,11250,24.62222222
ADHD_patients_with_ADHD_medication_prescribed_in_previous_6_months,01/12/2020,31/12/2020,male,18 to 24,5085,28940,17.57083621
ADHD_patients_with_ADHD_medication_prescribed_in_previous_6_months,01/12/2020,31/12/2020,male,25 to 34,3740,32645,11.45657834
ADHD_patients_with_ADHD_medication_prescribed_in_previous_6_months,01/12/2020,31/12/2020,male,10 to 17,17315,37320,46.3960343
ADHD_patients_with_ADHD_medication_prescribed_in_previous_6_months,01/01/2021,31/01/2021,female,0 to 9,840,2375,35.36842105
ADHD_patients_with_ADHD_medication_prescribed_in_previous_6_months,01/01/2021,31/01/2021,female,35 and over,1850,5630,32.85968028
ADHD_patients_with_ADHD_medication_prescribed_in_previous_6_months,01/01/2021,31/01/2021,female,18 to 24,1985,8315,23.87251954
ADHD_patients_with_ADHD_medication_prescribed_in_previous_6_months,01/01/2021,31/01/2021,female,25 to 34,1745,8335,20.93581284
ADHD_patients_with_ADHD_medication_prescribed_in_previous_6_months,01/01/2021,31/01/2021,male,0 to 9,3715,9340,39.7751606
ADHD_patients_with_ADHD_medication_prescribed_in_previous_6_months,01/01/2021,31/01/2021,female,10 to 17,4015,9770,41.09518936
ADHD_patients_with_ADHD_medication_prescribed_in_previous_6_months,01/01/2021,31/01/2021,male,35 and over,2820,11465,24.59659834
ADHD_patients_with_ADHD_medication_prescribed_in_previous_6_months,01/01/2021,31/01/2021,male,18 to 24,5145,29030,17.72304513
ADHD_patients_with_ADHD_medication_prescribed_in_previous_6_months,01/01/2021,31/01/2021,male,25 to 34,3810,32970,11.55595996
ADHD_patients_with_ADHD_medication_prescribed_in_previous_6_months,01/01/2021,31/01/2021,male,10 to 17,17445,37680,46.2977707
ADHD_patients_with_ADHD_medication_prescribed_in_previous_6_months,01/02/2021,28/02/2021,female,0 to 9,840,2395,35.07306889
ADHD_patients_with_ADHD_medication_prescribed_in_previous_6_months,01/02/2021,28/02/2021,female,35 and over,1905,5770,33.01559792
ADHD_patients_with_ADHD_medication_prescribed_in_previous_6_months,01/02/2021,28/02/2021,female,18 to 24,2030,8490,23.91048292
ADHD_patients_with_ADHD_medication_prescribed_in_previous_6_months,01/02/2021,28/02/2021,female,25 to 34,1790,8530,20.98475967
ADHD_patients_with_ADHD_medication_prescribed_in_previous_6_months,01/02/2021,28/02/2021,male,0 to 9,3720,9400,39.57446809
ADHD_patients_with_ADHD_medication_prescribed_in_previous_6_months,01/02/2021,28/02/2021,female,10 to 17,4085,9860,41.43002028
ADHD_patients_with_ADHD_medication_prescribed_in_previous_6_months,01/02/2021,28/02/2021,male,35 and over,2845,11670,24.37874893
ADHD_patients_with_ADHD_medication_prescribed_in_previous_6_months,01/02/2021,28/02/2021,male,18 to 24,5190,29130,17.81668383
ADHD_patients_with_ADHD_medication_prescribed_in_previous_6_months,01/02/2021,28/02/2021,male,25 to 34,3835,33285,11.52170647
ADHD_patients_with_ADHD_medication_prescribed_in_previous_6_months,01/02/2021,28/02/2021,male,10 to 17,17595,37970,46.33921517
ADHD_patients_with_ADHD_medication_prescribed_in_previous_6_months,01/03/2021,31/03/2021,female,0 to 9,830,2385,34.80083857
ADHD_patients_with_ADHD_medication_prescribed_in_previous_6_months,01/03/2021,31/03/2021,female,35 and over,1960,5935,33.02443134
ADHD_patients_with_ADHD_medication_prescribed_in_previous_6_months,01/03/2021,31/03/2021,female,18 to 24,2115,8695,24.32432432
ADHD_patients_with_ADHD_medication_prescribed_in_previous_6_months,01/03/2021,31/03/2021,female,25 to 34,1865,8770,21.26567845
ADHD_patients_with_ADHD_medication_prescribed_in_previous_6_months,01/03/2021,31/03/2021,male,0 to 9,3740,9410,39.74495218
ADHD_patients_with_ADHD_medication_prescribed_in_previous_6_months,01/03/2021,31/03/2021,female,10 to 17,4145,9970,41.57472417
ADHD_patients_with_ADHD_medication_prescribed_in_previous_6_months,01/03/2021,31/03/2021,male,35 and over,2905,11905,24.40151197
ADHD_patients_with_ADHD_medication_prescribed_in_previous_6_months,01/03/2021,31/03/2021,male,18 to 24,5310,29215,18.17559473
ADHD_patients_with_ADHD_medication_prescribed_in_previous_6_months,01/03/2021,31/03/2021,male,25 to 34,3940,33630,11.71573
ADHD_patients_with_ADHD_medication_prescribed_in_previous_6_months,01/03/2021,31/03/2021,male,10 to 17,17915,38375,46.68403909
ADHD_patients_with_ADHD_medication_prescribed_in_previous_6_months,01/04/2021,30/04/2021,female,0 to 9,830,2405,34.51143451
ADHD_patients_with_ADHD_medication_prescribed_in_previous_6_months,01/04/2021,30/04/2021,female,35 and over,2020,6085,33.19638455
ADHD_patients_with_ADHD_medication_prescribed_in_previous_6_months,01/04/2021,30/04/2021,female,18 to 24,2170,8920,24.32735426
ADHD_patients_with_ADHD_medication_prescribed_in_previous_6_months,01/04/2021,30/04/2021,female,25 to 34,1945,9040,21.51548673
ADHD_patients_with_ADHD_medication_prescribed_in_previous_6_months,01/04/2021,30/04/2021,male,0 to 9,3705,9385,39.47789025
ADHD_patients_with_ADHD_medication_prescribed_in_previous_6_months,01/04/2021,30/04/2021,female,10 to 17,4200,10150,41.37931034
ADHD_patients_with_ADHD_medication_prescribed_in_previous_6_months,01/04/2021,30/04/2021,male,35 and over,2975,12170,24.44535744
ADHD_patients_with_ADHD_medication_prescribed_in_previous_6_months,01/04/2021,30/04/2021,male,18 to 24,5405,29465,18.34379773
ADHD_patients_with_ADHD_medication_prescribed_in_previous_6_months,01/04/2021,30/04/2021,male,25 to 34,3990,34005,11.73356859
ADHD_patients_with_ADHD_medication_prescribed_in_previous_6_months,01/04/2021,30/04/2021,male,10 to 17,17990,38710,46.47377939
ADHD_patients_with_ADHD_medication_prescribed_in_previous_6_months,01/05/2021,31/05/2021,female,0 to 9,815,2425,33.60824742
ADHD_patients_with_ADHD_medication_prescribed_in_previous_6_months,01/05/2021,31/05/2021,female,35 and over,2085,6265,33.28012769
ADHD_patients_with_ADHD_medication_prescribed_in_previous_6_months,01/05/2021,31/05/2021,female,18 to 24,2210,9100,24.28571429
ADHD_patients_with_ADHD_medication_prescribed_in_previous_6_months,01/05/2021,31/05/2021,female,25 to 34,2005,9240,21.6991342
ADHD_patients_with_ADHD_medication_prescribed_in_previous_6_months,01/05/2021,31/05/2021,male,0 to 9,3675,9375,39.2
ADHD_patients_with_ADHD_medication_prescribed_in_previous_6_months,01/05/2021,31/05/2021,female,10 to 17,4255,10325,41.21065375
ADHD_patients_with_ADHD_medication_prescribed_in_previous_6_months,01/05/2021,31/05/2021,male,35 and over,3070,12440,24.67845659
ADHD_patients_with_ADHD_medication_prescribed_in_previous_6_months,01/05/2021,31/05/2021,male,18 to 24,5510,29620,18.60229575
ADHD_patients_with_ADHD_medication_prescribed_in_previous_6_months,01/05/2021,31/05/2021,male,25 to 34,4055,34350,11.80494905
ADHD_patients_with_ADHD_medication_prescribed_in_previous_6_months,01/05/2021,31/05/2021,male,10 to 17,18105,39110,46.29250831
ADHD_patients_with_ADHD_medication_prescribed_in_previous_6_months,01/06/2021,30/06/2021,female,0 to 9,820,2445,33.53783231
ADHD_patients_with_ADHD_medication_prescribed_in_previous_6_months,01/06/2021,30/06/2021,female,35 and over,2170,6450,33.64341085
ADHD_patients_with_ADHD_medication_prescribed_in_previous_6_months,01/06/2021,30/06/2021,female,18 to 24,2275,9270,24.54153182
ADHD_patients_with_ADHD_medication_prescribed_in_previous_6_months,01/06/2021,30/06/2021,male,0 to 9,3690,9400,39.25531915
ADHD_patients_with_ADHD_medication_prescribed_in_previous_6_months,01/06/2021,30/06/2021,female,25 to 34,2060,9460,21.77589852
ADHD_patients_with_ADHD_medication_prescribed_in_previous_6_months,01/06/2021,30/06/2021,female,10 to 17,4310,10495,41.06717485
ADHD_patients_with_ADHD_medication_prescribed_in_previous_6_months,01/06/2021,30/06/2021,male,35 and over,3155,12715,24.81321274
ADHD_patients_with_ADHD_medication_prescribed_in_previous_6_months,01/06/2021,30/06/2021,male,18 to 24,5580,29715,18.77839475
ADHD_patients_with_ADHD_medication_prescribed_in_previous_6_months,01/06/2021,30/06/2021,male,25 to 34,4195,34755,12.07020573
ADHD_patients_with_ADHD_medication_prescribed_in_previous_6_months,01/06/2021,30/06/2021,male,10 to 17,18230,39485,46.16943143
ADHD_patients_with_ADHD_medication_prescribed_in_previous_6_months,01/07/2021,31/07/2021,female,0 to 9,825,2425,34.02061856
ADHD_patients_with_ADHD_medication_prescribed_in_previous_6_months,01/07/2021,31/07/2021,female,35 and over,2245,6650,33.7593985
ADHD_patients_with_ADHD_medication_prescribed_in_previous_6_months,01/07/2021,31/07/2021,male,0 to 9,3675,9400,39.09574468
ADHD_patients_with_ADHD_medication_prescribed_in_previous_6_months,01/07/2021,31/07/2021,female,18 to 24,2345,9465,24.77548864
ADHD_patients_with_ADHD_medication_prescribed_in_previous_6_months,01/07/2021,31/07/2021,female,25 to 34,2145,9725,22.05655527
ADHD_patients_with_ADHD_medication_prescribed_in_previous_6_months,01/07/2021,31/07/2021,female,10 to 17,4375,10665,41.02203469
ADHD_patients_with_ADHD_medication_prescribed_in_previous_6_months,01/07/2021,31/07/2021,male,35 and over,3245,13045,24.8754312
ADHD_patients_with_ADHD_medication_prescribed_in_previous_6_months,01/07/2021,31/07/2021,male,18 to 24,5680,29910,18.99030425
ADHD_patients_with_ADHD_medication_prescribed_in_previous_6_months,01/07/2021,31/07/2021,male,25 to 34,4325,35115,12.31667379
ADHD_patients_with_ADHD_medication_prescribed_in_previous_6_months,01/07/2021,31/07/2021,male,10 to 17,18385,39960,46.00850851
ADHD_patients_with_ADHD_medication_prescribed_in_previous_6_months,01/08/2021,31/08/2021,female,0 to 9,800,2400,33.33333333
ADHD_patients_with_ADHD_medication_prescribed_in_previous_6_months,01/08/2021,31/08/2021,female,35 and over,2330,6845,34.03944485
ADHD_patients_with_ADHD_medication_prescribed_in_previous_6_months,01/08/2021,31/08/2021,male,0 to 9,3605,9350,38.55614973
ADHD_patients_with_ADHD_medication_prescribed_in_previous_6_months,01/08/2021,31/08/2021,female,18 to 24,2380,9600,24.79166667
ADHD_patients_with_ADHD_medication_prescribed_in_previous_6_months,01/08/2021,31/08/2021,female,25 to 34,2210,9930,22.25579053
ADHD_patients_with_ADHD_medication_prescribed_in_previous_6_months,01/08/2021,31/08/2021,female,10 to 17,4390,10835,40.51684356
ADHD_patients_with_ADHD_medication_prescribed_in_previous_6_months,01/08/2021,31/08/2021,male,35 and over,3320,13350,24.86891386
ADHD_patients_with_ADHD_medication_prescribed_in_previous_6_months,01/08/2021,31/08/2021,male,18 to 24,5745,30100,19.08637874
ADHD_patients_with_ADHD_medication_prescribed_in_previous_6_months,01/08/2021,31/08/2021,male,25 to 34,4435,35515,12.48768126
ADHD_patients_with_ADHD_medication_prescribed_in_previous_6_months,01/08/2021,31/08/2021,male,10 to 17,18505,40255,45.96944479
ADHD_patients_with_ADHD_medication_prescribed_in_previous_6_months,01/09/2021,30/09/2021,female,0 to 9,825,2455,33.60488798
ADHD_patients_with_ADHD_medication_prescribed_in_previous_6_months,01/09/2021,30/09/2021,female,35 and over,2395,7050,33.97163121
ADHD_patients_with_ADHD_medication_prescribed_in_previous_6_months,01/09/2021,30/09/2021,male,0 to 9,3665,9440,38.82415254
ADHD_patients_with_ADHD_medication_prescribed_in_previous_6_months,01/09/2021,30/09/2021,female,18 to 24,2435,9725,25.03856041
ADHD_patients_with_ADHD_medication_prescribed_in_previous_6_months,01/09/2021,30/09/2021,female,25 to 34,2265,10150,22.31527094
ADHD_patients_with_ADHD_medication_prescribed_in_previous_6_months,01/09/2021,30/09/2021,female,10 to 17,4465,10995,40.60936789
ADHD_patients_with_ADHD_medication_prescribed_in_previous_6_months,01/09/2021,30/09/2021,male,35 and over,3420,13620,25.11013216
ADHD_patients_with_ADHD_medication_prescribed_in_previous_6_months,01/09/2021,30/09/2021,male,18 to 24,5795,30160,19.21419098
ADHD_patients_with_ADHD_medication_prescribed_in_previous_6_months,01/09/2021,30/09/2021,male,25 to 34,4550,35875,12.68292683
ADHD_patients_with_ADHD_medication_prescribed_in_previous_6_months,01/09/2021,30/09/2021,male,10 to 17,18755,40590,46.20596206
ADHD_patients_with_ADHD_medication_prescribed_in_previous_6_months,01/10/2021,31/10/2021,female,0 to 9,865,2510,34.46215139
ADHD_patients_with_ADHD_medication_prescribed_in_previous_6_months,01/10/2021,31/10/2021,female,35 and over,2495,7270,34.31911967
ADHD_patients_with_ADHD_medication_prescribed_in_previous_6_months,01/10/2021,31/10/2021,male,0 to 9,3695,9540,38.73165618
ADHD_patients_with_ADHD_medication_prescribed_in_previous_6_months,01/10/2021,31/10/2021,female,18 to 24,2520,9985,25.23785679
ADHD_patients_with_ADHD_medication_prescribed_in_previous_6_months,01/10/2021,31/10/2021,female,25 to 34,2365,10450,22.63157895
ADHD_patients_with_ADHD_medication_prescribed_in_previous_6_months,01/10/2021,31/10/2021,female,10 to 17,4515,11165,40.43887147
ADHD_patients_with_ADHD_medication_prescribed_in_previous_6_months,01/10/2021,31/10/2021,male,35 and over,3490,13920,25.07183908
ADHD_patients_with_ADHD_medication_prescribed_in_previous_6_months,01/10/2021,31/10/2021,male,18 to 24,5870,30390,19.31556433
ADHD_patients_with_ADHD_medication_prescribed_in_previous_6_months,01/10/2021,31/10/2021,male,25 to 34,4630,36215,12.7847577
ADHD_patients_with_ADHD_medication_prescribed_in_previous_6_months,01/10/2021,31/10/2021,male,10 to 17,18885,40980,46.08345534
ADHD_patients_with_ADHD_medication_prescribed_in_previous_6_months,01/11/2021,30/11/2021,female,0 to 9,880,2550,34.50980392
ADHD_patients_with_ADHD_medication_prescribed_in_previous_6_months,01/11/2021,30/11/2021,female,35 and over,2595,7505,34.5769487
ADHD_patients_with_ADHD_medication_prescribed_in_previous_6_months,01/11/2021,30/11/2021,male,0 to 9,3730,9660,38.61283644
ADHD_patients_with_ADHD_medication_prescribed_in_previous_6_months,01/11/2021,30/11/2021,female,18 to 24,2600,10275,25.30413625
ADHD_patients_with_ADHD_medication_prescribed_in_previous_6_months,01/11/2021,30/11/2021,female,25 to 34,2500,10750,23.25581395
ADHD_patients_with_ADHD_medication_prescribed_in_previous_6_months,01/11/2021,30/11/2021,female,10 to 17,4600,11400,40.35087719
ADHD_patients_with_ADHD_medication_prescribed_in_previous_6_months,01/11/2021,30/11/2021,male,35 and over,3580,14220,25.17580872
ADHD_patients_with_ADHD_medication_prescribed_in_previous_6_months,01/11/2021,30/11/2021,male,18 to 24,5905,30560,19.32264398
ADHD_patients_with_ADHD_medication_prescribed_in_previous_6_months,01/11/2021,30/11/2021,male,25 to 34,4745,36575,12.97334245
ADHD_patients_with_ADHD_medication_prescribed_in_previous_6_months,01/11/2021,30/11/2021,male,10 to 17,19030,41395,45.97173572
ADHD_patients_with_ADHD_medication_prescribed_in_previous_6_months,01/12/2021,31/12/2021,female,0 to 9,900,2590,34.74903475
ADHD_patients_with_ADHD_medication_prescribed_in_previous_6_months,01/12/2021,31/12/2021,female,35 and over,2710,7705,35.17196626
ADHD_patients_with_ADHD_medication_prescribed_in_previous_6_months,01/12/2021,31/12/2021,male,0 to 9,3770,9710,38.82595263
ADHD_patients_with_ADHD_medication_prescribed_in_previous_6_months,01/12/2021,31/12/2021,female,18 to 24,2715,10555,25.72240644
ADHD_patients_with_ADHD_medication_prescribed_in_previous_6_months,01/12/2021,31/12/2021,female,25 to 34,2625,11100,23.64864865
ADHD_patients_with_ADHD_medication_prescribed_in_previous_6_months,01/12/2021,31/12/2021,female,10 to 17,4650,11535,40.31209363
ADHD_patients_with_ADHD_medication_prescribed_in_previous_6_months,01/12/2021,31/12/2021,male,35 and over,3685,14525,25.37005164
ADHD_patients_with_ADHD_medication_prescribed_in_previous_6_months,01/12/2021,31/12/2021,male,18 to 24,5965,30870,19.32296728
ADHD_patients_with_ADHD_medication_prescribed_in_previous_6_months,01/12/2021,31/12/2021,male,25 to 34,4845,36985,13.09990537
ADHD_patients_with_ADHD_medication_prescribed_in_previous_6_months,01/12/2021,31/12/2021,male,10 to 17,19095,41790,45.69274946
ADHD_patients_with_ADHD_medication_prescribed_in_previous_6_months,01/01/2022,31/01/2022,female,0 to 9,905,2655,34.086629
ADHD_patients_with_ADHD_medication_prescribed_in_previous_6_months,01/01/2022,31/01/2022,female,35 and over,2810,7970,35.25721455
ADHD_patients_with_ADHD_medication_prescribed_in_previous_6_months,01/01/2022,31/01/2022,male,0 to 9,3715,9750,38.1025641
ADHD_patients_with_ADHD_medication_prescribed_in_previous_6_months,01/01/2022,31/01/2022,female,18 to 24,2820,10805,26.09902823
ADHD_patients_with_ADHD_medication_prescribed_in_previous_6_months,01/01/2022,31/01/2022,female,25 to 34,2715,11465,23.68076755
ADHD_patients_with_ADHD_medication_prescribed_in_previous_6_months,01/01/2022,31/01/2022,female,10 to 17,4710,11745,40.10217114
ADHD_patients_with_ADHD_medication_prescribed_in_previous_6_months,01/01/2022,31/01/2022,male,35 and over,3775,14880,25.36962366
ADHD_patients_with_ADHD_medication_prescribed_in_previous_6_months,01/01/2022,31/01/2022,male,18 to 24,6050,31120,19.44087404
ADHD_patients_with_ADHD_medication_prescribed_in_previous_6_months,01/01/2022,31/01/2022,male,25 to 34,4935,37355,13.21108285
ADHD_patients_with_ADHD_medication_prescribed_in_previous_6_months,01/01/2022,31/01/2022,male,10 to 17,19200,42185,45.51380823
ADHD_patients_with_ADHD_medication_prescribed_in_previous_6_months,01/02/2022,28/02/2022,female,0 to 9,900,2700,33.33333333
ADHD_patients_with_ADHD_medication_prescribed_in_previous_6_months,01/02/2022,28/02/2022,female,35 and over,2910,8210,35.44457978
ADHD_patients_with_ADHD_medication_prescribed_in_previous_6_months,01/02/2022,28/02/2022,male,0 to 9,3700,9835,37.62074225
ADHD_patients_with_ADHD_medication_prescribed_in_previous_6_months,01/02/2022,28/02/2022,female,18 to 24,2900,11050,26.24434389
ADHD_patients_with_ADHD_medication_prescribed_in_previous_6_months,01/02/2022,28/02/2022,female,25 to 34,2830,11740,24.10562181
ADHD_patients_with_ADHD_medication_prescribed_in_previous_6_months,01/02/2022,28/02/2022,female,10 to 17,4795,11940,40.15912898
ADHD_patients_with_ADHD_medication_prescribed_in_previous_6_months,01/02/2022,28/02/2022,male,35 and over,3875,15200,25.49342105
ADHD_patients_with_ADHD_medication_prescribed_in_previous_6_months,01/02/2022,28/02/2022,male,18 to 24,6085,31295,19.44400064
ADHD_patients_with_ADHD_medication_prescribed_in_previous_6_months,01/02/2022,28/02/2022,male,25 to 34,5020,37755,13.29625215
ADHD_patients_with_ADHD_medication_prescribed_in_previous_6_months,01/02/2022,28/02/2022,male,10 to 17,19360,42635,45.40870177
ADHD_patients_with_ADHD_medication_prescribed_in_previous_6_months,01/03/2022,31/03/2022,female,0 to 9,920,2755,33.3938294
ADHD_patients_with_ADHD_medication_prescribed_in_previous_6_months,01/03/2022,31/03/2022,female,35 and over,3040,8530,35.63892145
ADHD_patients_with_ADHD_medication_prescribed_in_previous_6_months,01/03/2022,31/03/2022,male,0 to 9,3745,9955,37.61928679
ADHD_patients_with_ADHD_medication_prescribed_in_previous_6_months,01/03/2022,31/03/2022,female,18 to 24,3035,11380,26.66959578
ADHD_patients_with_ADHD_medication_prescribed_in_previous_6_months,01/03/2022,31/03/2022,female,10 to 17,4915,12135,40.5026782
ADHD_patients_with_ADHD_medication_prescribed_in_previous_6_months,01/03/2022,31/03/2022,female,25 to 34,2960,12140,24.38220758
ADHD_patients_with_ADHD_medication_prescribed_in_previous_6_months,01/03/2022,31/03/2022,male,35 and over,3975,15560,25.54627249
ADHD_patients_with_ADHD_medication_prescribed_in_previous_6_months,01/03/2022,31/03/2022,male,18 to 24,6200,31560,19.64512041
ADHD_patients_with_ADHD_medication_prescribed_in_previous_6_months,01/03/2022,31/03/2022,male,25 to 34,5165,38205,13.51917288
ADHD_patients_with_ADHD_medication_prescribed_in_previous_6_months,01/03/2022,31/03/2022,male,10 to 17,19735,43055,45.83672047
ADHD_patients_with_ADHD_medication_prescribed_in_previous_6_months,01/04/2022,30/04/2022,female,0 to 9,915,2785,32.8545781
ADHD_patients_with_ADHD_medication_prescribed_in_previous_6_months,01/04/2022,30/04/2022,female,35 and over,3140,8815,35.6211004
ADHD_patients_with_ADHD_medication_prescribed_in_previous_6_months,01/04/2022,30/04/2022,male,0 to 9,3705,9945,37.25490196
ADHD_patients_with_ADHD_medication_prescribed_in_previous_6_months,01/04/2022,30/04/2022,female,18 to 24,3115,11690,26.64670659
ADHD_patients_with_ADHD_medication_prescribed_in_previous_6_months,01/04/2022,30/04/2022,female,10 to 17,5000,12370,40.42037187
ADHD_patients_with_ADHD_medication_prescribed_in_previous_6_months,01/04/2022,30/04/2022,female,25 to 34,3085,12530,24.62090982
ADHD_patients_with_ADHD_medication_prescribed_in_previous_6_months,01/04/2022,30/04/2022,male,35 and over,4080,15925,25.62009419
ADHD_patients_with_ADHD_medication_prescribed_in_previous_6_months,01/04/2022,30/04/2022,male,18 to 24,6285,31725,19.8108747
ADHD_patients_with_ADHD_medication_prescribed_in_previous_6_months,01/04/2022,30/04/2022,male,25 to 34,5245,38575,13.59688918
ADHD_patients_with_ADHD_medication_prescribed_in_previous_6_months,01/04/2022,30/04/2022,male,10 to 17,19870,43615,45.55772097
ADHD_patients_with_ADHD_medication_prescribed_in_previous_6_months,01/05/2022,31/05/2022,female,0 to 9,915,2805,32.62032086
ADHD_patients_with_ADHD_medication_prescribed_in_previous_6_months,01/05/2022,31/05/2022,female,35 and over,3275,9150,35.79234973
ADHD_patients_with_ADHD_medication_prescribed_in_previous_6_months,01/05/2022,31/05/2022,male,0 to 9,3700,10085,36.68815072
ADHD_patients_with_ADHD_medication_prescribed_in_previous_6_months,01/05/2022,31/05/2022,female,18 to 24,3225,11975,26.93110647
ADHD_patients_with_ADHD_medication_prescribed_in_previous_6_months,01/05/2022,31/05/2022,female,10 to 17,5080,12575,40.39761431
ADHD_patients_with_ADHD_medication_prescribed_in_previous_6_months,01/05/2022,31/05/2022,female,25 to 34,3255,12910,25.21301317
ADHD_patients_with_ADHD_medication_prescribed_in_previous_6_months,01/05/2022,31/05/2022,male,35 and over,4180,16265,25.69935444
ADHD_patients_with_ADHD_medication_prescribed_in_previous_6_months,01/05/2022,31/05/2022,male,18 to 24,6410,31910,20.08774679
ADHD_patients_with_ADHD_medication_prescribed_in_previous_6_months,01/05/2022,31/05/2022,male,25 to 34,5360,38795,13.81621343
ADHD_patients_with_ADHD_medication_prescribed_in_previous_6_months,01/05/2022,31/05/2022,male,10 to 17,20120,44025,45.70130608
ADHD_patients_with_ADHD_medication_prescribed_in_previous_6_months,01/06/2022,30/06/2022,female,0 to 9,930,2830,32.86219081
ADHD_patients_with_ADHD_medication_prescribed_in_previous_6_months,01/06/2022,30/06/2022,female,35 and over,3385,9525,35.53805774
ADHD_patients_with_ADHD_medication_prescribed_in_previous_6_months,01/06/2022,30/06/2022,male,0 to 9,3705,10110,36.64688427
ADHD_patients_with_ADHD_medication_prescribed_in_previous_6_months,01/06/2022,30/06/2022,female,18 to 24,3290,12235,26.89006947
ADHD_patients_with_ADHD_medication_prescribed_in_previous_6_months,01/06/2022,30/06/2022,female,10 to 17,5170,12835,40.28048305
ADHD_patients_with_ADHD_medication_prescribed_in_previous_6_months,01/06/2022,30/06/2022,female,25 to 34,3385,13335,25.38432696
ADHD_patients_with_ADHD_medication_prescribed_in_previous_6_months,01/06/2022,30/06/2022,male,35 and over,4310,16705,25.80065849
ADHD_patients_with_ADHD_medication_prescribed_in_previous_6_months,01/06/2022,30/06/2022,male,18 to 24,6455,32090,20.11530072
ADHD_patients_with_ADHD_medication_prescribed_in_previous_6_months,01/06/2022,30/06/2022,male,25 to 34,5505,39155,14.05950709
ADHD_patients_with_ADHD_medication_prescribed_in_previous_6_months,01/06/2022,30/06/2022,male,10 to 17,20325,44520,45.65363881
ADHD_patients_with_ADHD_medication_prescribed_in_previous_6_months,01/07/2022,31/07/2022,female,0 to 9,920,2860,32.16783217
ADHD_patients_with_ADHD_medication_prescribed_in_previous_6_months,01/07/2022,31/07/2022,female,35 and over,3515,9910,35.46922301
ADHD_patients_with_ADHD_medication_prescribed_in_previous_6_months,01/07/2022,31/07/2022,male,0 to 9,3760,10215,36.80861478
ADHD_patients_with_ADHD_medication_prescribed_in_previous_6_months,01/07/2022,31/07/2022,female,18 to 24,3380,12485,27.07248698
ADHD_patients_with_ADHD_medication_prescribed_in_previous_6_months,01/07/2022,31/07/2022,female,10 to 17,5245,13105,40.02289203
ADHD_patients_with_ADHD_medication_prescribed_in_previous_6_months,01/07/2022,31/07/2022,female,25 to 34,3535,13785,25.64381574
ADHD_patients_with_ADHD_medication_prescribed_in_previous_6_months,01/07/2022,31/07/2022,male,35 and over,4390,17080,25.70257611
ADHD_patients_with_ADHD_medication_prescribed_in_previous_6_months,01/07/2022,31/07/2022,male,18 to 24,6575,32260,20.38127712
ADHD_patients_with_ADHD_medication_prescribed_in_previous_6_months,01/07/2022,31/07/2022,male,25 to 34,5615,39595,14.18108347
ADHD_patients_with_ADHD_medication_prescribed_in_previous_6_months,01/07/2022,31/07/2022,male,10 to 17,20495,45055,45.48884696
ADHD_patients_with_ADHD_medication_prescribed_in_previous_6_months,01/08/2022,31/08/2022,female,0 to 9,905,2845,31.81019332
ADHD_patients_with_ADHD_medication_prescribed_in_previous_6_months,01/08/2022,31/08/2022,male,0 to 9,3705,10160,36.46653543
ADHD_patients_with_ADHD_medication_prescribed_in_previous_6_months,01/08/2022,31/08/2022,female,35 and over,3665,10295,35.59980573
ADHD_patients_with_ADHD_medication_prescribed_in_previous_6_months,01/08/2022,31/08/2022,female,18 to 24,3505,12780,27.4256651
ADHD_patients_with_ADHD_medication_prescribed_in_previous_6_months,01/08/2022,31/08/2022,female,10 to 17,5310,13425,39.55307263
ADHD_patients_with_ADHD_medication_prescribed_in_previous_6_months,01/08/2022,31/08/2022,female,25 to 34,3700,14245,25.97402597
ADHD_patients_with_ADHD_medication_prescribed_in_previous_6_months,01/08/2022,31/08/2022,male,35 and over,4495,17500,25.68571429
ADHD_patients_with_ADHD_medication_prescribed_in_previous_6_months,01/08/2022,31/08/2022,male,18 to 24,6650,32415,20.51519358
ADHD_patients_with_ADHD_medication_prescribed_in_previous_6_months,01/08/2022,31/08/2022,male,25 to 34,5750,39975,14.38398999
ADHD_patients_with_ADHD_medication_prescribed_in_previous_6_months,01/08/2022,31/08/2022,male,10 to 17,20680,45605,45.34590505
ADHD_patients_with_ADHD_medication_prescribed_in_previous_6_months,01/09/2022,30/09/2022,female,0 to 9,935,2920,32.02054795
ADHD_patients_with_ADHD_medication_prescribed_in_previous_6_months,01/09/2022,30/09/2022,male,0 to 9,3795,10310,36.80892338
ADHD_patients_with_ADHD_medication_prescribed_in_previous_6_months,01/09/2022,30/09/2022,female,35 and over,3820,10730,35.60111836
ADHD_patients_with_ADHD_medication_prescribed_in_previous_6_months,01/09/2022,30/09/2022,female,18 to 24,3545,12955,27.36395214
ADHD_patients_with_ADHD_medication_prescribed_in_previous_6_months,01/09/2022,30/09/2022,female,10 to 17,5410,13675,39.56124314
ADHD_patients_with_ADHD_medication_prescribed_in_previous_6_months,01/09/2022,30/09/2022,female,25 to 34,3830,14675,26.0988075
ADHD_patients_with_ADHD_medication_prescribed_in_previous_6_months,01/09/2022,30/09/2022,male,35 and over,4590,17910,25.6281407
ADHD_patients_with_ADHD_medication_prescribed_in_previous_6_months,01/09/2022,30/09/2022,male,18 to 24,6710,32610,20.57651027
ADHD_patients_with_ADHD_medication_prescribed_in_previous_6_months,01/09/2022,30/09/2022,male,25 to 34,5885,40335,14.59030619
ADHD_patients_with_ADHD_medication_prescribed_in_previous_6_months,01/09/2022,30/09/2022,male,10 to 17,20960,46105,45.4614467
ADHD_patients_with_ADHD_medication_prescribed_in_previous_6_months,01/10/2022,31/10/2022,female,0 to 9,955,3015,31.67495854
ADHD_patients_with_ADHD_medication_prescribed_in_previous_6_months,01/10/2022,31/10/2022,male,0 to 9,3815,10455,36.48971784
ADHD_patients_with_ADHD_medication_prescribed_in_previous_6_months,01/10/2022,31/10/2022,female,35 and over,3970,11190,35.47810545
ADHD_patients_with_ADHD_medication_prescribed_in_previous_6_months,01/10/2022,31/10/2022,female,18 to 24,3635,13365,27.19790498
ADHD_patients_with_ADHD_medication_prescribed_in_previous_6_months,01/10/2022,31/10/2022,female,10 to 17,5500,13965,39.38417472
ADHD_patients_with_ADHD_medication_prescribed_in_previous_6_months,01/10/2022,31/10/2022,female,25 to 34,3980,15190,26.20144832
ADHD_patients_with_ADHD_medication_prescribed_in_previous_6_months,01/10/2022,31/10/2022,male,35 and over,4715,18365,25.6738361
ADHD_patients_with_ADHD_medication_prescribed_in_previous_6_months,01/10/2022,31/10/2022,male,18 to 24,6805,32890,20.69017939
ADHD_patients_with_ADHD_medication_prescribed_in_previous_6_months,01/10/2022,31/10/2022,male,25 to 34,6020,40715,14.78570551
ADHD_patients_with_ADHD_medication_prescribed_in_previous_6_months,01/10/2022,31/10/2022,male,10 to 17,21125,46710,45.2258617
ADHD_patients_with_ADHD_medication_prescribed_in_previous_6_months,01/11/2022,30/11/2022,female,0 to 9,990,3085,32.09076175
ADHD_patients_with_ADHD_medication_prescribed_in_previous_6_months,01/11/2022,30/11/2022,male,0 to 9,3875,10605,36.53936822
ADHD_patients_with_ADHD_medication_prescribed_in_previous_6_months,01/11/2022,30/11/2022,female,35 and over,4145,11735,35.32168726
ADHD_patients_with_ADHD_medication_prescribed_in_previous_6_months,01/11/2022,30/11/2022,female,18 to 24,3810,13845,27.51895991
ADHD_patients_with_ADHD_medication_prescribed_in_previous_6_months,01/11/2022,30/11/2022,female,10 to 17,5635,14290,39.43317005
ADHD_patients_with_ADHD_medication_prescribed_in_previous_6_months,01/11/2022,30/11/2022,female,25 to 34,4160,15755,26.40431609
ADHD_patients_with_ADHD_medication_prescribed_in_previous_6_months,01/11/2022,30/11/2022,male,35 and over,4865,18875,25.77483444
ADHD_patients_with_ADHD_medication_prescribed_in_previous_6_months,01/11/2022,30/11/2022,male,18 to 24,6905,33275,20.7513148
ADHD_patients_with_ADHD_medication_prescribed_in_previous_6_months,01/11/2022,30/11/2022,male,25 to 34,6160,41105,14.98601143
ADHD_patients_with_ADHD_medication_prescribed_in_previous_6_months,01/11/2022,30/11/2022,male,10 to 17,21415,47310,45.26527161
ADHD_patients_with_ADHD_medication_prescribed_in_previous_6_months,01/12/2022,31/12/2022,female,0 to 9,990,3130,31.62939297
ADHD_patients_with_ADHD_medication_prescribed_in_previous_6_months,01/12/2022,31/12/2022,male,0 to 9,3890,10605,36.68081094
ADHD_patients_with_ADHD_medication_prescribed_in_previous_6_months,01/12/2022,31/12/2022,female,35 and over,4305,12220,35.22913257
ADHD_patients_with_ADHD_medication_prescribed_in_previous_6_months,01/12/2022,31/12/2022,female,18 to 24,3875,14210,27.2695285
ADHD_patients_with_ADHD_medication_prescribed_in_previous_6_months,01/12/2022,31/12/2022,female,10 to 17,5700,14540,39.20220083
ADHD_patients_with_ADHD_medication_prescribed_in_previous_6_months,01/12/2022,31/12/2022,female,25 to 34,4330,16290,26.58072437
ADHD_patients_with_ADHD_medication_prescribed_in_previous_6_months,01/12/2022,31/12/2022,male,35 and over,4990,19345,25.79477901
ADHD_patients_with_ADHD_medication_prescribed_in_previous_6_months,01/12/2022,31/12/2022,male,18 to 24,6960,33560,20.73897497
ADHD_patients_with_ADHD_medication_prescribed_in_previous_6_months,01/12/2022,31/12/2022,male,25 to 34,6285,41630,15.09728561
ADHD_patients_with_ADHD_medication_prescribed_in_previous_6_months,01/12/2022,31/12/2022,male,10 to 17,21455,47880,44.80994152
ADHD_patients_with_ADHD_medication_prescribed_in_previous_6_months,01/01/2023,31/01/2023,female,0 to 9,1000,3185,31.39717425
ADHD_patients_with_ADHD_medication_prescribed_in_previous_6_months,01/01/2023,31/01/2023,male,0 to 9,3895,10785,36.1149745
ADHD_patients_with_ADHD_medication_prescribed_in_previous_6_months,01/01/2023,31/01/2023,female,35 and over,4490,12745,35.22950177
ADHD_patients_with_ADHD_medication_prescribed_in_previous_6_months,01/01/2023,31/01/2023,female,18 to 24,3975,14515,27.38546331
ADHD_patients_with_ADHD_medication_prescribed_in_previous_6_months,01/01/2023,31/01/2023,female,10 to 17,5785,14865,38.91691894
ADHD_patients_with_ADHD_medication_prescribed_in_previous_6_months,01/01/2023,31/01/2023,female,25 to 34,4485,16820,26.6646849
ADHD_patients_with_ADHD_medication_prescribed_in_previous_6_months,01/01/2023,31/01/2023,male,35 and over,5105,19805,25.77631911
ADHD_patients_with_ADHD_medication_prescribed_in_previous_6_months,01/01/2023,31/01/2023,male,18 to 24,6980,33790,20.65699911
ADHD_patients_with_ADHD_medication_prescribed_in_previous_6_months,01/01/2023,31/01/2023,male,25 to 34,6370,41950,15.18474374
ADHD_patients_with_ADHD_medication_prescribed_in_previous_6_months,01/01/2023,31/01/2023,male,10 to 17,21635,48445,44.65889153
ADHD_patients_with_ADHD_medication_prescribed_in_previous_6_months,01/02/2023,28/02/2023,female,0 to 9,1010,3255,31.02918587
ADHD_patients_with_ADHD_medication_prescribed_in_previous_6_months,01/02/2023,28/02/2023,male,0 to 9,3920,10960,35.76642336
ADHD_patients_with_ADHD_medication_prescribed_in_previous_6_months,01/02/2023,28/02/2023,female,35 and over,4640,13245,35.03208758
ADHD_patients_with_ADHD_medication_prescribed_in_previous_6_months,01/02/2023,28/02/2023,female,18 to 24,4095,14915,27.45558163
ADHD_patients_with_ADHD_medication_prescribed_in_previous_6_months,01/02/2023,28/02/2023,female,10 to 17,5885,15170,38.79367172
ADHD_patients_with_ADHD_medication_prescribed_in_previous_6_months,01/02/2023,28/02/2023,female,25 to 34,4665,17385,26.83347714
ADHD_patients_with_ADHD_medication_prescribed_in_previous_6_months,01/02/2023,28/02/2023,male,35 and over,5275,20335,25.94049668
ADHD_patients_with_ADHD_medication_prescribed_in_previous_6_months,01/02/2023,28/02/2023,male,18 to 24,7085,34120,20.76494725
ADHD_patients_with_ADHD_medication_prescribed_in_previous_6_months,01/02/2023,28/02/2023,male,25 to 34,6505,42380,15.34922133
ADHD_patients_with_ADHD_medication_prescribed_in_previous_6_months,01/02/2023,28/02/2023,male,10 to 17,21840,49080,44.49877751
ADHD_patients_with_ADHD_medication_prescribed_in_previous_6_months,01/03/2023,31/03/2023,female,0 to 9,1035,3315,31.22171946
ADHD_patients_with_ADHD_medication_prescribed_in_previous_6_months,01/03/2023,31/03/2023,male,0 to 9,4010,11095,36.14240649
ADHD_patients_with_ADHD_medication_prescribed_in_previous_6_months,01/03/2023,31/03/2023,female,35 and over,4865,13850,35.12635379
ADHD_patients_with_ADHD_medication_prescribed_in_previous_6_months,01/03/2023,31/03/2023,female,18 to 24,4260,15280,27.87958115
ADHD_patients_with_ADHD_medication_prescribed_in_previous_6_months,01/03/2023,31/03/2023,female,10 to 17,6060,15545,38.98359601
ADHD_patients_with_ADHD_medication_prescribed_in_previous_6_months,01/03/2023,31/03/2023,female,25 to 34,4855,17920,27.09263393
ADHD_patients_with_ADHD_medication_prescribed_in_previous_6_months,01/03/2023,31/03/2023,male,35 and over,5440,20885,26.04740244
ADHD_patients_with_ADHD_medication_prescribed_in_previous_6_months,01/03/2023,31/03/2023,male,18 to 24,7225,34480,20.95417633
ADHD_patients_with_ADHD_medication_prescribed_in_previous_6_months,01/03/2023,31/03/2023,male,25 to 34,6675,42700,15.6323185
ADHD_patients_with_ADHD_medication_prescribed_in_previous_6_months,01/03/2023,31/03/2023,male,10 to 17,22140,49695,44.55176577
ADHD_patients_with_ADHD_medication_prescribed_in_previous_6_months,01/04/2023,30/04/2023,female,0 to 9,1050,3365,31.20356612
ADHD_patients_with_ADHD_medication_prescribed_in_previous_6_months,01/04/2023,30/04/2023,male,0 to 9,4040,11190,36.10366399
ADHD_patients_with_ADHD_medication_prescribed_in_previous_6_months,01/04/2023,30/04/2023,female,35 and over,5070,14405,35.19611246
ADHD_patients_with_ADHD_medication_prescribed_in_previous_6_months,01/04/2023,30/04/2023,female,18 to 24,4310,15625,27.584
ADHD_patients_with_ADHD_medication_prescribed_in_previous_6_months,01/04/2023,30/04/2023,female,10 to 17,6145,15855,38.75748975
ADHD_patients_with_ADHD_medication_prescribed_in_previous_6_months,01/04/2023,30/04/2023,female,25 to 34,5055,18430,27.42810635
ADHD_patients_with_ADHD_medication_prescribed_in_previous_6_months,01/04/2023,30/04/2023,male,35 and over,5605,21425,26.16102684
ADHD_patients_with_ADHD_medication_prescribed_in_previous_6_months,01/04/2023,30/04/2023,male,18 to 24,7315,34735,21.05945012
ADHD_patients_with_ADHD_medication_prescribed_in_previous_6_months,01/04/2023,30/04/2023,male,25 to 34,6820,43195,15.78886445
ADHD_patients_with_ADHD_medication_prescribed_in_previous_6_months,01/04/2023,30/04/2023,male,10 to 17,22350,50290,44.44223504
ADHD_patients_with_ADHD_medication_prescribed_in_previous_6_months,01/05/2023,31/05/2023,female,0 to 9,1055,3415,30.89311859
ADHD_patients_with_ADHD_medication_prescribed_in_previous_6_months,01/05/2023,31/05/2023,male,0 to 9,4030,11290,35.69530558
ADHD_patients_with_ADHD_medication_prescribed_in_previous_6_months,01/05/2023,31/05/2023,female,35 and over,5315,14960,35.52807487
ADHD_patients_with_ADHD_medication_prescribed_in_previous_6_months,01/05/2023,31/05/2023,female,18 to 24,4465,15955,27.98495769
ADHD_patients_with_ADHD_medication_prescribed_in_previous_6_months,01/05/2023,31/05/2023,female,10 to 17,6275,16235,38.65106252
ADHD_patients_with_ADHD_medication_prescribed_in_previous_6_months,01/05/2023,31/05/2023,female,25 to 34,5260,18975,27.72068511
ADHD_patients_with_ADHD_medication_prescribed_in_previous_6_months,01/05/2023,31/05/2023,male,35 and over,5785,21990,26.30741246
ADHD_patients_with_ADHD_medication_prescribed_in_previous_6_months,01/05/2023,31/05/2023,male,18 to 24,7450,35015,21.27659574
ADHD_patients_with_ADHD_medication_prescribed_in_previous_6_months,01/05/2023,31/05/2023,male,25 to 34,6945,43510,15.96184785
ADHD_patients_with_ADHD_medication_prescribed_in_previous_6_months,01/05/2023,31/05/2023,male,10 to 17,22645,50960,44.43681319
ADHD_patients_with_ADHD_medication_prescribed_in_previous_6_months,01/06/2023,30/06/2023,female,0 to 9,1035,3445,30.04354136
ADHD_patients_with_ADHD_medication_prescribed_in_previous_6_months,01/06/2023,30/06/2023,male,0 to 9,4105,11485,35.74227253
ADHD_patients_with_ADHD_medication_prescribed_in_previous_6_months,01/06/2023,30/06/2023,female,35 and over,5565,15530,35.83386993
ADHD_patients_with_ADHD_medication_prescribed_in_previous_6_months,01/06/2023,30/06/2023,female,18 to 24,4615,16260,28.38253383
ADHD_patients_with_ADHD_medication_prescribed_in_previous_6_months,01/06/2023,30/06/2023,female,10 to 17,6390,16635,38.41298467
ADHD_patients_with_ADHD_medication_prescribed_in_previous_6_months,01/06/2023,30/06/2023,female,25 to 34,5510,19555,28.17693684
ADHD_patients_with_ADHD_medication_prescribed_in_previous_6_months,01/06/2023,30/06/2023,male,35 and over,5980,22535,26.53649878
ADHD_patients_with_ADHD_medication_prescribed_in_previous_6_months,01/06/2023,30/06/2023,male,18 to 24,7545,35195,21.43770422
ADHD_patients_with_ADHD_medication_prescribed_in_previous_6_months,01/06/2023,30/06/2023,male,25 to 34,7145,43995,16.24048187
ADHD_patients_with_ADHD_medication_prescribed_in_previous_6_months,01/06/2023,30/06/2023,male,10 to 17,22855,51585,44.30551517
ADHD_patients_with_ADHD_medication_prescribed_in_previous_6_months,01/07/2023,31/07/2023,female,0 to 9,1040,3475,29.92805755
ADHD_patients_with_ADHD_medication_prescribed_in_previous_6_months,01/07/2023,31/07/2023,male,0 to 9,4125,11570,35.6525497
ADHD_patients_with_ADHD_medication_prescribed_in_previous_6_months,01/07/2023,31/07/2023,female,35 and over,5860,16100,36.39751553
ADHD_patients_with_ADHD_medication_prescribed_in_previous_6_months,01/07/2023,31/07/2023,female,18 to 24,4745,16575,28.62745098
ADHD_patients_with_ADHD_medication_prescribed_in_previous_6_months,01/07/2023,31/07/2023,female,10 to 17,6495,17000,38.20588235
ADHD_patients_with_ADHD_medication_prescribed_in_previous_6_months,01/07/2023,31/07/2023,female,25 to 34,5750,20105,28.59985078
ADHD_patients_with_ADHD_medication_prescribed_in_previous_6_months,01/07/2023,31/07/2023,male,35 and over,6195,23070,26.85305592
ADHD_patients_with_ADHD_medication_prescribed_in_previous_6_months,01/07/2023,31/07/2023,male,18 to 24,7660,35480,21.58962796
ADHD_patients_with_ADHD_medication_prescribed_in_previous_6_months,01/07/2023,31/07/2023,male,25 to 34,7340,44445,16.51479357
ADHD_patients_with_ADHD_medication_prescribed_in_previous_6_months,01/07/2023,31/07/2023,male,10 to 17,23145,52255,44.29241221
ADHD_patients_with_ADHD_medication_prescribed_in_previous_6_months,01/08/2023,31/08/2023,female,0 to 9,1030,3460,29.76878613
ADHD_patients_with_ADHD_medication_prescribed_in_previous_6_months,01/08/2023,31/08/2023,male,0 to 9,4115,11630,35.38263113
ADHD_patients_with_ADHD_medication_prescribed_in_previous_6_months,01/08/2023,31/08/2023,female,35 and over,6090,16685,36.49985016
ADHD_patients_with_ADHD_medication_prescribed_in_previous_6_months,01/08/2023,31/08/2023,female,18 to 24,4855,16840,28.83016627
ADHD_patients_with_ADHD_medication_prescribed_in_previous_6_months,01/08/2023,31/08/2023,female,10 to 17,6575,17375,37.84172662
ADHD_patients_with_ADHD_medication_prescribed_in_previous_6_months,01/08/2023,31/08/2023,female,25 to 34,5930,20580,28.8143829
ADHD_patients_with_ADHD_medication_prescribed_in_previous_6_months,01/08/2023,31/08/2023,male,35 and over,6395,23625,27.06878307
ADHD_patients_with_ADHD_medication_prescribed_in_previous_6_months,01/08/2023,31/08/2023,male,18 to 24,7765,35840,21.66573661
ADHD_patients_with_ADHD_medication_prescribed_in_previous_6_months,01/08/2023,31/08/2023,male,25 to 34,7515,44800,16.77455357
ADHD_patients_with_ADHD_medication_prescribed_in_previous_6_months,01/08/2023,31/08/2023,male,10 to 17,23245,52785,44.03713176
ADHD_patients_with_ADHD_medication_prescribed_in_previous_6_months,01/09/2023,30/09/2023,female,0 to 9,1075,3555,30.23909986
ADHD_patients_with_ADHD_medication_prescribed_in_previous_6_months,01/09/2023,30/09/2023,male,0 to 9,4175,11790,35.41136556
ADHD_patients_with_ADHD_medication_prescribed_in_previous_6_months,01/09/2023,30/09/2023,female,18 to 24,4905,16935,28.96368468
ADHD_patients_with_ADHD_medication_prescribed_in_previous_6_months,01/09/2023,30/09/2023,female,35 and over,6365,17250,36.89855072
ADHD_patients_with_ADHD_medication_prescribed_in_previous_6_months,01/09/2023,30/09/2023,female,10 to 17,6710,17695,37.92031647
ADHD_patients_with_ADHD_medication_prescribed_in_previous_6_months,01/09/2023,30/09/2023,female,25 to 34,6110,21090,28.97107634
ADHD_patients_with_ADHD_medication_prescribed_in_previous_6_months,01/09/2023,30/09/2023,male,35 and over,6570,24200,27.14876033
ADHD_patients_with_ADHD_medication_prescribed_in_previous_6_months,01/09/2023,30/09/2023,male,18 to 24,7780,35955,21.63815881
ADHD_patients_with_ADHD_medication_prescribed_in_previous_6_months,01/09/2023,30/09/2023,male,25 to 34,7695,45205,17.02245327
ADHD_patients_with_ADHD_medication_prescribed_in_previous_6_months,01/09/2023,30/09/2023,male,10 to 17,23490,53405,43.98464563
ADHD_patients_with_ADHD_medication_prescribed_in_previous_6_months,01/10/2023,31/10/2023,female,0 to 9,1095,3650,30
ADHD_patients_with_ADHD_medication_prescribed_in_previous_6_months,01/10/2023,31/10/2023,male,0 to 9,4240,12000,35.33333333
ADHD_patients_with_ADHD_medication_prescribed_in_previous_6_months,01/10/2023,31/10/2023,female,18 to 24,5060,17370,29.13068509
ADHD_patients_with_ADHD_medication_prescribed_in_previous_6_months,01/10/2023,31/10/2023,female,35 and over,6585,17810,36.97361033
ADHD_patients_with_ADHD_medication_prescribed_in_previous_6_months,01/10/2023,31/10/2023,female,10 to 17,6805,18085,37.6278684
ADHD_patients_with_ADHD_medication_prescribed_in_previous_6_months,01/10/2023,31/10/2023,female,25 to 34,6315,21580,29.26320667
ADHD_patients_with_ADHD_medication_prescribed_in_previous_6_months,01/10/2023,31/10/2023,male,35 and over,6705,24675,27.17325228
ADHD_patients_with_ADHD_medication_prescribed_in_previous_6_months,01/10/2023,31/10/2023,male,18 to 24,7910,36295,21.79363549
ADHD_patients_with_ADHD_medication_prescribed_in_previous_6_months,01/10/2023,31/10/2023,male,25 to 34,7810,45565,17.14034895
ADHD_patients_with_ADHD_medication_prescribed_in_previous_6_months,01/10/2023,31/10/2023,male,10 to 17,23670,54055,43.7887337
ADHD_patients_with_ADHD_medication_prescribed_in_previous_6_months,01/11/2023,30/11/2023,female,0 to 9,1120,3760,29.78723404
ADHD_patients_with_ADHD_medication_prescribed_in_previous_6_months,01/11/2023,30/11/2023,male,0 to 9,4265,12225,34.88752556
ADHD_patients_with_ADHD_medication_prescribed_in_previous_6_months,01/11/2023,30/11/2023,female,18 to 24,5220,17900,29.16201117
ADHD_patients_with_ADHD_medication_prescribed_in_previous_6_months,01/11/2023,30/11/2023,female,35 and over,6770,18470,36.65403357
ADHD_patients_with_ADHD_medication_prescribed_in_previous_6_months,01/11/2023,30/11/2023,female,10 to 17,6900,18520,37.25701944
ADHD_patients_with_ADHD_medication_prescribed_in_previous_6_months,01/11/2023,30/11/2023,female,25 to 34,6520,22170,29.40911141
ADHD_patients_with_ADHD_medication_prescribed_in_previous_6_months,01/11/2023,30/11/2023,male,35 and over,6875,25270,27.20617333
ADHD_patients_with_ADHD_medication_prescribed_in_previous_6_months,01/11/2023,30/11/2023,male,18 to 24,8035,36805,21.83127292
ADHD_patients_with_ADHD_medication_prescribed_in_previous_6_months,01/11/2023,30/11/2023,male,25 to 34,7920,45985,17.2230075
ADHD_patients_with_ADHD_medication_prescribed_in_previous_6_months,01/11/2023,30/11/2023,male,10 to 17,23885,54700,43.6654479
ADHD_patients_with_ADHD_medication_prescribed_in_previous_6_months,01/12/2023,31/12/2023,female,0 to 9,1130,3795,29.77602108
ADHD_patients_with_ADHD_medication_prescribed_in_previous_6_months,01/12/2023,31/12/2023,male,0 to 9,4230,12295,34.40422936
ADHD_patients_with_ADHD_medication_prescribed_in_previous_6_months,01/12/2023,31/12/2023,female,18 to 24,5270,18345,28.72717362
ADHD_patients_with_ADHD_medication_prescribed_in_previous_6_months,01/12/2023,31/12/2023,female,10 to 17,6950,18845,36.87980897
ADHD_patients_with_ADHD_medication_prescribed_in_previous_6_months,01/12/2023,31/12/2023,female,35 and over,6930,19100,36.28272251
ADHD_patients_with_ADHD_medication_prescribed_in_previous_6_months,01/12/2023,31/12/2023,female,25 to 34,6620,22695,29.16942058
ADHD_patients_with_ADHD_medication_prescribed_in_previous_6_months,01/12/2023,31/12/2023,male,35 and over,6955,25845,26.91042755
ADHD_patients_with_ADHD_medication_prescribed_in_previous_6_months,01/12/2023,31/12/2023,male,18 to 24,8045,37205,21.62343771
ADHD_patients_with_ADHD_medication_prescribed_in_previous_6_months,01/12/2023,31/12/2023,male,25 to 34,8000,46460,17.21911322
ADHD_patients_with_ADHD_medication_prescribed_in_previous_6_months,01/12/2023,31/12/2023,male,10 to 17,23765,55290,42.98245614
ADHD_patients_with_ADHD_medication_prescribed_in_previous_6_months,01/01/2024,31/01/2024,female,0 to 9,1110,3880,28.60824742
ADHD_patients_with_ADHD_medication_prescribed_in_previous_6_months,01/01/2024,31/01/2024,male,0 to 9,4230,12455,33.96226415
ADHD_patients_with_ADHD_medication_prescribed_in_previous_6_months,01/01/2024,31/01/2024,female,18 to 24,5325,18670,28.52169255
ADHD_patients_with_ADHD_medication_prescribed_in_previous_6_months,01/01/2024,31/01/2024,female,10 to 17,6990,19240,36.33056133
ADHD_patients_with_ADHD_medication_prescribed_in_previous_6_months,01/01/2024,31/01/2024,female,35 and over,7110,19795,35.91816115
ADHD_patients_with_ADHD_medication_prescribed_in_previous_6_months,01/01/2024,31/01/2024,female,25 to 34,6715,23155,29.00021594
ADHD_patients_with_ADHD_medication_prescribed_in_previous_6_months,01/01/2024,31/01/2024,male,35 and over,7095,26425,26.84957427
ADHD_patients_with_ADHD_medication_prescribed_in_previous_6_months,01/01/2024,31/01/2024,male,18 to 24,8110,37425,21.67000668
ADHD_patients_with_ADHD_medication_prescribed_in_previous_6_months,01/01/2024,31/01/2024,male,25 to 34,8070,46750,17.26203209
ADHD_patients_with_ADHD_medication_prescribed_in_previous_6_months,01/01/2024,31/01/2024,male,10 to 17,23780,55930,42.5174325
ADHD_patients_with_ADHD_medication_prescribed_in_previous_6_months,01/02/2024,29/02/2024,female,0 to 9,1090,3965,27.49054224
ADHD_patients_with_ADHD_medication_prescribed_in_previous_6_months,01/02/2024,29/02/2024,male,0 to 9,4225,12605,33.51844506
ADHD_patients_with_ADHD_medication_prescribed_in_previous_6_months,01/02/2024,29/02/2024,female,18 to 24,5400,18990,28.43601896
ADHD_patients_with_ADHD_medication_prescribed_in_previous_6_months,01/02/2024,29/02/2024,female,10 to 17,7120,19695,36.15130744
ADHD_patients_with_ADHD_medication_prescribed_in_previous_6_months,01/02/2024,29/02/2024,female,35 and over,7285,20420,35.67580803
ADHD_patients_with_ADHD_medication_prescribed_in_previous_6_months,01/02/2024,29/02/2024,female,25 to 34,6910,23725,29.12539515
ADHD_patients_with_ADHD_medication_prescribed_in_previous_6_months,01/02/2024,29/02/2024,male,35 and over,7205,27055,26.63093698
ADHD_patients_with_ADHD_medication_prescribed_in_previous_6_months,01/02/2024,29/02/2024,male,18 to 24,8160,37780,21.59872949
ADHD_patients_with_ADHD_medication_prescribed_in_previous_6_months,01/02/2024,29/02/2024,male,25 to 34,8250,47215,17.47326062
ADHD_patients_with_ADHD_medication_prescribed_in_previous_6_months,01/02/2024,29/02/2024,male,10 to 17,23890,56695,42.13775465
ADHD_patients_with_ADHD_medication_prescribed_in_previous_6_months,01/03/2024,31/03/2024,female,0 to 9,1095,4055,27.00369914
ADHD_patients_with_ADHD_medication_prescribed_in_previous_6_months,01/03/2024,31/03/2024,male,0 to 9,4215,12730,33.11076198
ADHD_patients_with_ADHD_medication_prescribed_in_previous_6_months,01/03/2024,31/03/2024,female,18 to 24,5450,19305,28.23102823
ADHD_patients_with_ADHD_medication_prescribed_in_previous_6_months,01/03/2024,31/03/2024,female,10 to 17,7205,20060,35.91724826
ADHD_patients_with_ADHD_medication_prescribed_in_previous_6_months,01/03/2024,31/03/2024,female,35 and over,7540,21090,35.75154101
ADHD_patients_with_ADHD_medication_prescribed_in_previous_6_months,01/03/2024,31/03/2024,female,25 to 34,7095,24340,29.14954807
ADHD_patients_with_ADHD_medication_prescribed_in_previous_6_months,01/03/2024,31/03/2024,male,35 and over,7410,27730,26.72196177
ADHD_patients_with_ADHD_medication_prescribed_in_previous_6_months,01/03/2024,31/03/2024,male,18 to 24,8220,38075,21.58896914
ADHD_patients_with_ADHD_medication_prescribed_in_previous_6_months,01/03/2024,31/03/2024,male,25 to 34,8355,47725,17.50654793
ADHD_patients_with_ADHD_medication_prescribed_in_previous_6_months,01/03/2024,31/03/2024,male,10 to 17,24055,57390,41.91496776
ADHD_patients_with_ADHD_medication_prescribed_in_previous_6_months,01/04/2024,30/04/2024,female,0 to 9,1090,4090,26.65036675
ADHD_patients_with_ADHD_medication_prescribed_in_previous_6_months,01/04/2024,30/04/2024,male,0 to 9,4200,12820,32.76131045
ADHD_patients_with_ADHD_medication_prescribed_in_previous_6_months,01/04/2024,30/04/2024,female,18 to 24,5530,19660,28.12817904
ADHD_patients_with_ADHD_medication_prescribed_in_previous_6_months,01/04/2024,30/04/2024,female,10 to 17,7250,20425,35.49571603
ADHD_patients_with_ADHD_medication_prescribed_in_previous_6_months,01/04/2024,30/04/2024,female,35 and over,7705,21815,35.31973413
ADHD_patients_with_ADHD_medication_prescribed_in_previous_6_months,01/04/2024,30/04/2024,female,25 to 34,7240,24845,29.14067217
ADHD_patients_with_ADHD_medication_prescribed_in_previous_6_months,01/04/2024,30/04/2024,male,35 and over,7555,28335,26.66313746
ADHD_patients_with_ADHD_medication_prescribed_in_previous_6_months,01/04/2024,30/04/2024,male,18 to 24,8285,38470,21.53626202
ADHD_patients_with_ADHD_medication_prescribed_in_previous_6_months,01/04/2024,30/04/2024,male,25 to 34,8455,48015,17.6090805
ADHD_patients_with_ADHD_medication_prescribed_in_previous_6_months,01/04/2024,30/04/2024,male,10 to 17,24075,58020,41.49431231
ADHD_patients_with_ADHD_medication_prescribed_in_previous_6_months,01/05/2024,31/05/2024,female,0 to 9,1090,4170,26.13908873
ADHD_patients_with_ADHD_medication_prescribed_in_previous_6_months,01/05/2024,31/05/2024,male,0 to 9,4220,12995,32.47402847
ADHD_patients_with_ADHD_medication_prescribed_in_previous_6_months,01/05/2024,31/05/2024,female,18 to 24,5575,20015,27.85410942
ADHD_patients_with_ADHD_medication_prescribed_in_previous_6_months,01/05/2024,31/05/2024,female,10 to 17,7350,20955,35.07516106
ADHD_patients_with_ADHD_medication_prescribed_in_previous_6_months,01/05/2024,31/05/2024,female,35 and over,7885,22610,34.87394958
ADHD_patients_with_ADHD_medication_prescribed_in_previous_6_months,01/05/2024,31/05/2024,female,25 to 34,7380,25500,28.94117647
ADHD_patients_with_ADHD_medication_prescribed_in_previous_6_months,01/05/2024,31/05/2024,male,35 and over,7730,29095,26.56813886
ADHD_patients_with_ADHD_medication_prescribed_in_previous_6_months,01/05/2024,31/05/2024,male,18 to 24,8285,38855,21.32286707
ADHD_patients_with_ADHD_medication_prescribed_in_previous_6_months,01/05/2024,31/05/2024,male,25 to 34,8545,48450,17.63673891
ADHD_patients_with_ADHD_medication_prescribed_in_previous_6_months,01/05/2024,31/05/2024,male,10 to 17,24135,58825,41.02847429
ADHD_patients_with_ADHD_medication_prescribed_in_previous_6_months,01/06/2024,30/06/2024,female,0 to 9,1065,4195,25.38736591
ADHD_patients_with_ADHD_medication_prescribed_in_previous_6_months,01/06/2024,30/06/2024,male,0 to 9,4160,13130,31.68316832
ADHD_patients_with_ADHD_medication_prescribed_in_previous_6_months,01/06/2024,30/06/2024,female,18 to 24,5630,20420,27.57100881
ADHD_patients_with_ADHD_medication_prescribed_in_previous_6_months,01/06/2024,30/06/2024,female,10 to 17,7415,21375,34.69005848
ADHD_patients_with_ADHD_medication_prescribed_in_previous_6_months,01/06/2024,30/06/2024,female,35 and over,8070,23395,34.49455012
ADHD_patients_with_ADHD_medication_prescribed_in_previous_6_months,01/06/2024,30/06/2024,female,25 to 34,7520,26065,28.85094955
ADHD_patients_with_ADHD_medication_prescribed_in_previous_6_months,01/06/2024,30/06/2024,male,35 and over,7875,29795,26.43060916
ADHD_patients_with_ADHD_medication_prescribed_in_previous_6_months,01/06/2024,30/06/2024,male,18 to 24,8330,39275,21.20942075
ADHD_patients_with_ADHD_medication_prescribed_in_previous_6_months,01/06/2024,30/06/2024,male,25 to 34,8665,48900,17.7198364
ADHD_patients_with_ADHD_medication_prescribed_in_previous_6_months,01/06/2024,30/06/2024,male,10 to 17,24165,59420,40.66812521
ADHD_patients_with_ADHD_medication_prescribed_in_previous_6_months,01/07/2024,31/07/2024,female,0 to 9,1070,4285,24.97082847
ADHD_patients_with_ADHD_medication_prescribed_in_previous_6_months,01/07/2024,31/07/2024,male,0 to 9,4165,13290,31.3393529
ADHD_patients_with_ADHD_medication_prescribed_in_previous_6_months,01/07/2024,31/07/2024,female,18 to 24,5680,20685,27.45951172
ADHD_patients_with_ADHD_medication_prescribed_in_previous_6_months,01/07/2024,31/07/2024,female,10 to 17,7550,21865,34.53007089
ADHD_patients_with_ADHD_medication_prescribed_in_previous_6_months,01/07/2024,31/07/2024,female,35 and over,8360,24360,34.31855501
ADHD_patients_with_ADHD_medication_prescribed_in_previous_6_months,01/07/2024,31/07/2024,female,25 to 34,7725,26780,28.84615385
ADHD_patients_with_ADHD_medication_prescribed_in_previous_6_months,01/07/2024,31/07/2024,male,35 and over,8115,30575,26.54129191
ADHD_patients_with_ADHD_medication_prescribed_in_previous_6_months,01/07/2024,31/07/2024,male,18 to 24,8480,39615,21.40603307
ADHD_patients_with_ADHD_medication_prescribed_in_previous_6_months,01/07/2024,31/07/2024,male,25 to 34,8850,49360,17.92949757
ADHD_patients_with_ADHD_medication_prescribed_in_previous_6_months,01/07/2024,31/07/2024,male,10 to 17,24440,60200,40.59800664
ADHD_patients_with_ADHD_medication_prescribed_in_previous_6_months,01/08/2024,31/08/2024,female,0 to 9,1050,4320,24.30555556
ADHD_patients_with_ADHD_medication_prescribed_in_previous_6_months,01/08/2024,31/08/2024,male,0 to 9,4070,13280,30.64759036
ADHD_patients_with_ADHD_medication_prescribed_in_previous_6_months,01/08/2024,31/08/2024,female,18 to 24,5765,21040,27.40019011
ADHD_patients_with_ADHD_medication_prescribed_in_previous_6_months,01/08/2024,31/08/2024,female,10 to 17,7555,22245,33.96268824
ADHD_patients_with_ADHD_medication_prescribed_in_previous_6_months,01/08/2024,31/08/2024,female,35 and over,8695,25310,34.35401027
ADHD_patients_with_ADHD_medication_prescribed_in_previous_6_months,01/08/2024,31/08/2024,female,25 to 34,8005,27570,29.03518317
ADHD_patients_with_ADHD_medication_prescribed_in_previous_6_months,01/08/2024,31/08/2024,male,35 and over,8350,31460,26.54164018
ADHD_patients_with_ADHD_medication_prescribed_in_previous_6_months,01/08/2024,31/08/2024,male,18 to 24,8515,40030,21.27154634
ADHD_patients_with_ADHD_medication_prescribed_in_previous_6_months,01/08/2024,31/08/2024,male,25 to 34,8990,49930,18.00520729
ADHD_patients_with_ADHD_medication_prescribed_in_previous_6_months,01/08/2024,31/08/2024,male,10 to 17,24535,60895,40.29066426
ADHD_patients_with_ADHD_medication_prescribed_in_previous_6_months,01/09/2024,30/09/2024,female,0 to 9,1090,4415,24.68856172
ADHD_patients_with_ADHD_medication_prescribed_in_previous_6_months,01/09/2024,30/09/2024,male,0 to 9,4130,13475,30.64935065
ADHD_patients_with_ADHD_medication_prescribed_in_previous_6_months,01/09/2024,30/09/2024,female,18 to 24,5765,21090,27.33522997
ADHD_patients_with_ADHD_medication_prescribed_in_previous_6_months,01/09/2024,30/09/2024,female,10 to 17,7645,22675,33.71554576
ADHD_patients_with_ADHD_medication_prescribed_in_previous_6_months,01/09/2024,30/09/2024,female,35 and over,9035,26240,34.43216463
ADHD_patients_with_ADHD_medication_prescribed_in_previous_6_months,01/09/2024,30/09/2024,female,25 to 34,8290,28365,29.226159
ADHD_patients_with_ADHD_medication_prescribed_in_previous_6_months,01/09/2024,30/09/2024,male,35 and over,8595,32230,26.6677009
ADHD_patients_with_ADHD_medication_prescribed_in_previous_6_months,01/09/2024,30/09/2024,male,18 to 24,8535,40130,21.26837777
ADHD_patients_with_ADHD_medication_prescribed_in_previous_6_months,01/09/2024,30/09/2024,male,25 to 34,9165,50455,18.16470122
ADHD_patients_with_ADHD_medication_prescribed_in_previous_6_months,01/09/2024,30/09/2024,male,10 to 17,24745,61645,40.14113067
ADHD_patients_with_ADHD_medication_prescribed_in_previous_6_months,01/10/2024,31/10/2024,female,0 to 9,1100,4555,24.1492865
ADHD_patients_with_ADHD_medication_prescribed_in_previous_6_months,01/10/2024,31/10/2024,male,0 to 9,4170,13730,30.37144938
ADHD_patients_with_ADHD_medication_prescribed_in_previous_6_months,01/10/2024,31/10/2024,female,18 to 24,6000,21770,27.56086357
ADHD_patients_with_ADHD_medication_prescribed_in_previous_6_months,01/10/2024,31/10/2024,female,10 to 17,7790,23250,33.50537634
ADHD_patients_with_ADHD_medication_prescribed_in_previous_6_months,01/10/2024,31/10/2024,female,35 and over,9380,27425,34.2023701
ADHD_patients_with_ADHD_medication_prescribed_in_previous_6_months,01/10/2024,31/10/2024,female,25 to 34,8480,29215,29.02618518
ADHD_patients_with_ADHD_medication_prescribed_in_previous_6_months,01/10/2024,31/10/2024,male,35 and over,8795,33075,26.59108088
ADHD_patients_with_ADHD_medication_prescribed_in_previous_6_months,01/10/2024,31/10/2024,male,18 to 24,8750,40700,21.4987715
ADHD_patients_with_ADHD_medication_prescribed_in_previous_6_months,01/10/2024,31/10/2024,male,25 to 34,9345,51020,18.31634653
ADHD_patients_with_ADHD_medication_prescribed_in_previous_6_months,01/10/2024,31/10/2024,male,10 to 17,25095,62665,40.04627783
ADHD_patients_with_ADHD_medication_prescribed_in_previous_6_months,01/11/2024,30/11/2024,female,0 to 9,1130,4700,24.04255319
ADHD_patients_with_ADHD_medication_prescribed_in_previous_6_months,01/11/2024,30/11/2024,male,0 to 9,4205,14000,30.03571429
ADHD_patients_with_ADHD_medication_prescribed_in_previous_6_months,01/11/2024,30/11/2024,female,18 to 24,6180,22415,27.57082311
ADHD_patients_with_ADHD_medication_prescribed_in_previous_6_months,01/11/2024,30/11/2024,female,10 to 17,7885,23730,33.22798146
ADHD_patients_with_ADHD_medication_prescribed_in_previous_6_months,01/11/2024,30/11/2024,female,35 and over,9685,28605,33.85771718
ADHD_patients_with_ADHD_medication_prescribed_in_previous_6_months,01/11/2024,30/11/2024,female,25 to 34,8660,30085,28.78510886
ADHD_patients_with_ADHD_medication_prescribed_in_previous_6_months,01/11/2024,30/11/2024,male,35 and over,8990,33850,26.55834564
ADHD_patients_with_ADHD_medication_prescribed_in_previous_6_months,01/11/2024,30/11/2024,male,18 to 24,8855,41295,21.443274
ADHD_patients_with_ADHD_medication_prescribed_in_previous_6_months,01/11/2024,30/11/2024,male,25 to 34,9440,51640,18.28040279
ADHD_patients_with_ADHD_medication_prescribed_in_previous_6_months,01/11/2024,30/11/2024,male,10 to 17,25230,63355,39.82321837
ADHD_patients_with_ADHD_medication_prescribed_in_previous_6_months,01/12/2024,31/12/2024,female,0 to 9,1145,4765,24.0293809
ADHD_patients_with_ADHD_medication_prescribed_in_previous_6_months,01/12/2024,31/12/2024,male,0 to 9,4200,14030,29.93585175
ADHD_patients_with_ADHD_medication_prescribed_in_previous_6_months,01/12/2024,31/12/2024,female,18 to 24,6260,22990,27.2292301
ADHD_patients_with_ADHD_medication_prescribed_in_previous_6_months,01/12/2024,31/12/2024,female,10 to 17,8000,24165,33.10573143
ADHD_patients_with_ADHD_medication_prescribed_in_previous_6_months,01/12/2024,31/12/2024,female,35 and over,9960,29725,33.50714886
ADHD_patients_with_ADHD_medication_prescribed_in_previous_6_months,01/12/2024,31/12/2024,female,25 to 34,8765,30930,28.33818299
ADHD_patients_with_ADHD_medication_prescribed_in_previous_6_months,01/12/2024,31/12/2024,male,35 and over,9180,34695,26.45914397
ADHD_patients_with_ADHD_medication_prescribed_in_previous_6_months,01/12/2024,31/12/2024,male,18 to 24,8980,41820,21.47297944
ADHD_patients_with_ADHD_medication_prescribed_in_previous_6_months,01/12/2024,31/12/2024,male,25 to 34,9570,52225,18.3245572
ADHD_patients_with_ADHD_medication_prescribed_in_previous_6_months,01/12/2024,31/12/2024,male,10 to 17,25225,64095,39.35564397
ADHD_patients_with_ADHD_medication_prescribed_in_previous_6_months,01/01/2025,31/01/2025,female,0 to 9,1160,4870,23.81930185
ADHD_patients_with_ADHD_medication_prescribed_in_previous_6_months,01/01/2025,31/01/2025,male,0 to 9,4220,14205,29.70784935
ADHD_patients_with_ADHD_medication_prescribed_in_previous_6_months,01/01/2025,31/01/2025,female,18 to 24,6355,23505,27.03680068
ADHD_patients_with_ADHD_medication_prescribed_in_previous_6_months,01/01/2025,31/01/2025,female,10 to 17,8120,24630,32.96792529
ADHD_patients_with_ADHD_medication_prescribed_in_previous_6_months,01/01/2025,31/01/2025,female,35 and over,10245,31065,32.97923708
ADHD_patients_with_ADHD_medication_prescribed_in_previous_6_months,01/01/2025,31/01/2025,female,25 to 34,8990,31890,28.19065538
ADHD_patients_with_ADHD_medication_prescribed_in_previous_6_months,01/01/2025,31/01/2025,male,35 and over,9380,35600,26.34831461
ADHD_patients_with_ADHD_medication_prescribed_in_previous_6_months,01/01/2025,31/01/2025,male,18 to 24,9050,42220,21.4353387
ADHD_patients_with_ADHD_medication_prescribed_in_previous_6_months,01/01/2025,31/01/2025,male,25 to 34,9675,52630,18.38305149
ADHD_patients_with_ADHD_medication_prescribed_in_previous_6_months,01/01/2025,31/01/2025,male,10 to 17,25400,64855,39.16428957
ADHD_patients_with_ADHD_medication_prescribed_in_previous_6_months,01/02/2025,28/02/2025,female,0 to 9,1180,4935,23.91084093
ADHD_patients_with_ADHD_medication_prescribed_in_previous_6_months,01/02/2025,28/02/2025,male,0 to 9,4255,14375,29.6
ADHD_patients_with_ADHD_medication_prescribed_in_previous_6_months,01/02/2025,28/02/2025,female,18 to 24,6410,24195,26.49307708
ADHD_patients_with_ADHD_medication_prescribed_in_previous_6_months,01/02/2025,28/02/2025,female,10 to 17,8210,25085,32.72872234
ADHD_patients_with_ADHD_medication_prescribed_in_previous_6_months,01/02/2025,28/02/2025,female,35 and over,10520,32440,32.42909988
ADHD_patients_with_ADHD_medication_prescribed_in_previous_6_months,01/02/2025,28/02/2025,female,25 to 34,9100,32890,27.66798419
ADHD_patients_with_ADHD_medication_prescribed_in_previous_6_months,01/02/2025,28/02/2025,male,35 and over,9580,36705,26.09998638
ADHD_patients_with_ADHD_medication_prescribed_in_previous_6_months,01/02/2025,28/02/2025,male,18 to 24,9065,42740,21.20963968
ADHD_patients_with_ADHD_medication_prescribed_in_previous_6_months,01/02/2025,28/02/2025,male,25 to 34,9735,53215,18.29371418
ADHD_patients_with_ADHD_medication_prescribed_in_previous_6_months,01/02/2025,28/02/2025,male,10 to 17,25470,65540,38.86176381
ADHD_patients_with_ADHD_medication_prescribed_in_previous_6_months,01/03/2025,31/03/2025,female,0 to 9,1175,5025,23.38308458
ADHD_patients_with_ADHD_medication_prescribed_in_previous_6_months,01/03/2025,31/03/2025,male,0 to 9,4220,14460,29.18395574
ADHD_patients_with_ADHD_medication_prescribed_in_previous_6_months,01/03/2025,31/03/2025,female,18 to 24,6475,24715,26.19866478
ADHD_patients_with_ADHD_medication_prescribed_in_previous_6_months,01/03/2025,31/03/2025,female,10 to 17,8330,25565,32.5836104
ADHD_patients_with_ADHD_medication_prescribed_in_previous_6_months,01/03/2025,31/03/2025,female,35 and over,10820,33920,31.89858491
ADHD_patients_with_ADHD_medication_prescribed_in_previous_6_months,01/03/2025,31/03/2025,female,25 to 34,9215,33940,27.15085445
ADHD_patients_with_ADHD_medication_prescribed_in_previous_6_months,01/03/2025,31/03/2025,male,35 and over,9775,37785,25.87005425
ADHD_patients_with_ADHD_medication_prescribed_in_previous_6_months,01/03/2025,31/03/2025,male,18 to 24,9165,43235,21.19810339
ADHD_patients_with_ADHD_medication_prescribed_in_previous_6_months,01/03/2025,31/03/2025,male,25 to 34,9800,53835,18.20377078
ADHD_patients_with_ADHD_medication_prescribed_in_previous_6_months,01/03/2025,31/03/2025,male,10 to 17,25700,66295,38.76612113
