,LSOA code (2011),LSOA name (2011),Local Authority District code (2019),Local Authority District name (2019),Index of Multiple Deprivation (IMD) Score,Index of Multiple Deprivation (IMD) Rank (where 1 is most deprived),Index of Multiple Deprivation (IMD) Decile (where 1 is most deprived 10% of LSOAs),Income Score (rate),Income Rank (where 1 is most deprived),Income Decile (where 1 is most deprived 10% of LSOAs),Employment Score (rate),Employment Rank (where 1 is most deprived),Employment Decile (where 1 is most deprived 10% of LSOAs),"Education, Skills and Training Score","Education, Skills and Training Rank (where 1 is most deprived)","Education, Skills and Training Decile (where 1 is most deprived 10% of LSOAs)",Health Deprivation and Disability Score,Health Deprivation and Disability Rank (where 1 is most deprived),Health Deprivation and Disability Decile (where 1 is most deprived 10% of LSOAs),Crime Score,Crime Rank (where 1 is most deprived),Crime Decile (where 1 is most deprived 10% of LSOAs),Barriers to Housing and Services Score,Barriers to Housing and Services Rank (where 1 is most deprived),Barriers to Housing and Services Decile (where 1 is most deprived 10% of LSOAs),Living Environment Score,Living Environment Rank (where 1 is most deprived),Living Environment Decile (where 1 is most deprived 10% of LSOAs)
0,E01000001,City of London 001A,E09000001,City of London,6.208,29199,9,0.007,32831,10,0.01,32742,10,0.024,32842,10,-1.654,32113,10,-2.012,32662,10,29.472,7319,3,31.873,7789,3
1,E01000002,City of London 001B,E09000001,City of London,5.143,30379,10,0.034,29901,10,0.027,31190,10,0.063,32832,10,-1.115,29705,10,-2.343,32789,10,24.412,11707,4,23.084,13070,4
2,E01000003,City of London 001C,E09000001,City of London,19.402,14915,5,0.086,18510,6,0.086,15103,5,5.804,26386,9,-0.102,17600,6,-1.032,29363,9,40.103,2157,1,40.535,4092,2
3,E01000005,City of London 001E,E09000001,City of London,28.652,8678,3,0.211,6029,2,0.136,7833,3,22.26,12370,4,-0.121,17907,6,-1.317,31059,10,39.9,2217,1,28.979,9397,3
4,E01032739,City of London 001F,E09000001,City of London,13.584,20391,7,0.014,32638,10,0.011,32727,10,1.771,31135,10,-0.676,25654,8,-1.56,31947,10,46.314,837,1,49.165,2040,1
5,E01032740,City of London 001G,E09000001,City of London,15.841,18089,6,0.024,31774,10,0.035,29443,9,2.259,30578,10,-0.355,21520,7,-1.701,32292,10,37.427,3054,1,68.585,130,1
6,E01000006,Barking and Dagenham 016A,E09000002,Barking and Dagenham,19.837,14486,5,0.117,14023,5,0.059,21692,7,14.798,17511,6,-0.359,21581,7,-0.147,18848,6,45.171,1033,1,26.888,10629,4
7,E01000007,Barking and Dagenham 015A,E09000002,Barking and Dagenham,31.576,7256,3,0.207,6261,2,0.107,11487,4,11.385,20536,7,-0.027,16414,5,0.846,4925,2,50.42,274,1,25.995,11162,4
8,E01000008,Barking and Dagenham 015B,E09000002,Barking and Dagenham,37.596,5010,2,0.265,3382,2,0.151,6431,2,25.506,10569,4,0.25,12334,4,0.353,11113,4,45.413,981,1,30.233,8672,3
9,E01000009,Barking and Dagenham 016B,E09000002,Barking and Dagenham,32.844,6736,3,0.187,7506,3,0.109,11132,4,15.713,16819,6,0.454,9661,3,0.895,4431,2,48.119,554,1,28.601,9611,3
10,E01000010,Barking and Dagenham 015C,E09000002,Barking and Dagenham,32.437,6900,3,0.169,8902,3,0.073,17988,6,11.762,20182,7,-0.002,16050,5,1.214,2164,1,50.58,259,1,47.932,2269,1
11,E01000011,Barking and Dagenham 016C,E09000002,Barking and Dagenham,30.679,7698,3,0.167,9033,3,0.081,16108,5,22.519,12224,4,-0.137,18178,6,0.526,8727,3,52.948,110,1,39.857,4309,2
12,E01000012,Barking and Dagenham 015D,E09000002,Barking and Dagenham,34.714,5990,2,0.239,4570,2,0.096,13201,5,19.774,13896,5,-0.056,16887,6,0.542,8515,3,56.507,39,1,36.881,5437,2
13,E01000013,Barking and Dagenham 013A,E09000002,Barking and Dagenham,38.997,4573,2,0.213,5966,2,0.145,7013,3,24.003,11346,4,0.67,7172,3,1.199,2236,1,45.252,1018,1,30.424,8569,3
14,E01000014,Barking and Dagenham 013B,E09000002,Barking and Dagenham,35.67,5650,2,0.201,6627,3,0.135,7932,3,31.501,7994,3,0.35,10972,4,0.825,5163,2,46.135,872,1,25.122,11704,4
15,E01000015,Barking and Dagenham 009A,E09000002,Barking and Dagenham,33.632,6405,2,0.216,5755,2,0.123,9271,3,26.013,10318,4,0.025,15626,5,0.372,10845,4,50.4,278,1,25.696,11351,4
16,E01000016,Barking and Dagenham 009B,E09000002,Barking and Dagenham,32.839,6739,3,0.199,6711,3,0.122,9461,3,28.996,8971,3,0.373,10676,4,0.528,8699,3,43.772,1273,1,24.95,11815,4
17,E01000017,Barking and Dagenham 009C,E09000002,Barking and Dagenham,39.004,4570,2,0.25,4033,2,0.169,5016,2,22.899,11972,4,0.694,6950,3,0.317,11685,4,45.929,902,1,27.688,10141,4
18,E01000018,Barking and Dagenham 009D,E09000002,Barking and Dagenham,33.406,6504,2,0.212,5998,2,0.136,7832,3,26.358,10125,4,0.273,12006,4,0.457,9663,3,43.512,1323,1,25.659,11373,4
19,E01000019,Barking and Dagenham 023A,E09000002,Barking and Dagenham,33.62,6410,2,0.194,7049,3,0.138,7641,3,26.111,10264,4,0.477,9374,3,0.645,7142,3,41.248,1855,1,26.826,10667,4
20,E01000020,Barking and Dagenham 023B,E09000002,Barking and Dagenham,36.035,5520,2,0.216,5760,2,0.131,8401,3,24.184,11245,4,0.76,6282,2,0.651,7066,3,43.518,1319,1,30.078,8756,3
21,E01000021,Barking and Dagenham 008A,E09000002,Barking and Dagenham,38.888,4611,2,0.23,5007,2,0.136,7865,3,31.637,7939,3,0.418,10085,4,0.559,8283,3,45.544,961,1,44.214,3095,1
22,E01000022,Barking and Dagenham 008B,E09000002,Barking and Dagenham,34.413,6098,2,0.195,6941,3,0.139,7576,3,27.111,9771,3,0.427,9980,4,0.506,9002,3,44.277,1191,1,30.435,8559,3
23,E01000023,Barking and Dagenham 008C,E09000002,Barking and Dagenham,36.877,5243,2,0.228,5088,2,0.108,11325,4,22.994,11907,4,0.033,15505,5,1.286,1812,1,45.846,912,1,39.968,4268,2
24,E01000024,Barking and Dagenham 008D,E09000002,Barking and Dagenham,29.339,8333,3,0.155,10056,4,0.1,12570,4,29.298,8860,3,0.263,12148,4,0.244,12816,4,45.704,940,1,29.869,8892,3
25,E01000025,Barking and Dagenham 008E,E09000002,Barking and Dagenham,36.702,5303,2,0.219,5570,2,0.138,7683,3,25.691,10465,4,0.395,10405,4,0.837,5042,2,47.029,707,1,28.042,9925,4
26,E01000027,Barking and Dagenham 001A,E09000002,Barking and Dagenham,37.347,5097,2,0.216,5730,2,0.146,6959,3,38.122,5869,2,0.148,13752,5,1.042,3211,1,44.976,1062,1,20.329,15032,5
27,E01000028,Barking and Dagenham 001B,E09000002,Barking and Dagenham,40.078,4240,2,0.26,3610,2,0.155,6080,2,27.699,9522,3,1.138,3254,1,-0.111,18303,6,48.625,494,1,16.282,18166,6
28,E01000029,Barking and Dagenham 001C,E09000002,Barking and Dagenham,22.503,12389,4,0.113,14506,5,0.075,17567,6,17.349,15570,5,-0.28,20355,7,0.35,11162,4,47.51,627,1,21.974,13867,5
29,E01000030,Barking and Dagenham 001D,E09000002,Barking and Dagenham,38.415,4760,2,0.264,3448,2,0.162,5569,2,38.753,5699,2,0.016,15751,5,0.499,9086,3,44.592,1127,1,20.993,14570,5
30,E01000031,Barking and Dagenham 002A,E09000002,Barking and Dagenham,22.672,12267,4,0.126,12951,4,0.075,17380,6,12.953,19087,6,0.046,15303,5,0.919,4231,2,34.14,4505,2,27.703,10136,4
31,E01000032,Barking and Dagenham 002B,E09000002,Barking and Dagenham,29.958,8037,3,0.146,10854,4,0.106,11603,4,23.035,11882,4,0.095,14597,5,0.913,4275,2,39.922,2210,1,38.369,4853,2
32,E01000033,Barking and Dagenham 006A,E09000002,Barking and Dagenham,37.978,4879,2,0.257,3732,2,0.136,7857,3,32.037,7805,3,0.278,11932,4,0.162,14128,5,55.686,52,1,21.763,14002,5
33,E01000034,Barking and Dagenham 003A,E09000002,Barking and Dagenham,35.895,5575,2,0.216,5759,2,0.147,6863,3,33.858,7148,3,0.661,7279,3,0.302,11900,4,45.083,1044,1,18.01,16800,6
34,E01000035,Barking and Dagenham 010A,E09000002,Barking and Dagenham,26.175,10070,4,0.15,10489,4,0.092,13897,5,25.536,10551,4,0.397,10364,4,0.242,12838,4,39.025,2476,1,23.071,13084,4
35,E01000036,Barking and Dagenham 010B,E09000002,Barking and Dagenham,19.27,15028,5,0.112,14690,5,0.073,17997,6,15.969,16612,6,-0.185,18923,6,0.386,10655,4,31.724,5829,2,27.612,10188,4
36,E01000037,Barking and Dagenham 003B,E09000002,Barking and Dagenham,17.988,16128,5,0.096,16924,6,0.101,12386,4,20.288,13611,5,-0.504,23465,8,-0.067,17649,6,29.715,7168,3,19.057,15997,5
37,E01000038,Barking and Dagenham 003C,E09000002,Barking and Dagenham,19.646,14671,5,0.127,12877,4,0.079,16560,6,18.702,14630,5,-0.103,17616,6,0.204,13426,5,27.945,8490,3,27.001,10547,4
38,E01000039,Barking and Dagenham 003D,E09000002,Barking and Dagenham,22.288,12542,4,0.127,12861,4,0.074,17820,6,19.753,13908,5,0.173,13416,5,0.092,15241,5,42.779,1472,1,17.527,17185,6
39,E01000040,Barking and Dagenham 019A,E09000002,Barking and Dagenham,34.608,6028,2,0.218,5648,2,0.123,9313,3,31.332,8063,3,0.155,13665,5,0.607,7641,3,45.801,915,1,29.323,9203,3
40,E01000041,Barking and Dagenham 017A,E09000002,Barking and Dagenham,33.173,6601,3,0.172,8647,3,0.105,11669,4,33.867,7142,3,0.349,10992,4,0.432,10010,4,48.606,501,1,33.127,7142,3
41,E01000042,Barking and Dagenham 017B,E09000002,Barking and Dagenham,41.573,3842,2,0.263,3492,2,0.164,5445,2,31.45,8009,3,0.526,8795,3,0.263,12499,4,57.015,32,1,24.75,11945,4
42,E01000043,Barking and Dagenham 019B,E09000002,Barking and Dagenham,28.075,8992,3,0.147,10803,4,0.085,15314,5,28.946,8996,3,0.044,15334,5,0.574,8080,3,42.921,1445,1,33.853,6764,3
43,E01000044,Barking and Dagenham 016D,E09000002,Barking and Dagenham,28.389,8825,3,0.133,12202,4,0.079,16632,6,22.263,12369,4,-0.41,22250,7,1.077,2950,1,42.638,1507,1,44.13,3119,1
44,E01000045,Barking and Dagenham 017C,E09000002,Barking and Dagenham,35.688,5639,2,0.188,7494,3,0.125,9056,3,24.013,11338,4,0.279,11924,4,1.214,2160,1,44.514,1145,1,35.245,6123,2
45,E01000046,Barking and Dagenham 017D,E09000002,Barking and Dagenham,29.763,8138,3,0.17,8795,3,0.111,10956,4,28.185,9321,3,0.222,12756,4,-0.026,17088,6,45.338,996,1,30.26,8655,3
46,E01000048,Barking and Dagenham 021B,E09000002,Barking and Dagenham,44.704,3117,1,0.341,1195,1,0.182,4191,2,26.49,10073,4,0.495,9163,3,0.246,12778,4,49.012,449,1,20.578,14836,5
47,E01000049,Barking and Dagenham 021C,E09000002,Barking and Dagenham,41.172,3928,2,0.29,2525,1,0.143,7156,3,27.852,9454,3,0.409,10214,4,0.376,10784,4,55.298,58,1,26.588,10818,4
48,E01000050,Barking and Dagenham 019C,E09000002,Barking and Dagenham,34.701,5994,2,0.176,8360,3,0.114,10452,4,22.642,12144,4,0.61,7817,3,0.74,6059,2,48.003,567,1,36.588,5545,2
49,E01000051,Barking and Dagenham 021D,E09000002,Barking and Dagenham,36.941,5228,2,0.234,4785,2,0.13,8540,3,28.197,9315,3,0.391,10460,4,0.859,4814,2,45.996,892,1,27.521,10252,4
50,E01000052,Barking and Dagenham 019D,E09000002,Barking and Dagenham,33.284,6549,2,0.188,7440,3,0.111,10931,4,27.403,9645,3,-0.153,18434,6,0.335,11417,4,51.774,163,1,38.532,4788,2
51,E01000053,Barking and Dagenham 020A,E09000002,Barking and Dagenham,40.044,4249,2,0.229,5037,2,0.126,8972,3,27.703,9519,3,0.701,6865,3,1.217,2144,1,49.479,395,1,26.503,10870,4
52,E01000054,Barking and Dagenham 018A,E09000002,Barking and Dagenham,29.788,8124,3,0.18,8012,3,0.096,13318,5,26.697,9978,4,0.198,13087,4,0.514,8887,3,42.507,1537,1,31.481,8004,3
53,E01000055,Barking and Dagenham 018B,E09000002,Barking and Dagenham,30.898,7604,3,0.211,6032,2,0.114,10475,4,27.143,9752,3,0.126,14090,5,0.047,15940,5,43.185,1392,1,29.369,9167,3
54,E01000056,Barking and Dagenham 018C,E09000002,Barking and Dagenham,35.903,5571,2,0.197,6839,3,0.144,7099,3,25.304,10670,4,0.455,9652,3,0.485,9269,3,51.736,165,1,23.506,12777,4
55,E01000057,Barking and Dagenham 012A,E09000002,Barking and Dagenham,32.887,6712,3,0.196,6909,3,0.118,9877,4,31.462,8006,3,0.097,14559,5,0.644,7156,3,43.725,1279,1,30.046,8781,3
56,E01000058,Barking and Dagenham 018D,E09000002,Barking and Dagenham,31.763,7176,3,0.199,6736,3,0.117,10069,4,25.845,10397,4,0.147,13772,5,0.358,11053,4,46.251,848,1,27.809,10066,4
57,E01000059,Barking and Dagenham 013C,E09000002,Barking and Dagenham,32.331,6950,3,0.176,8297,3,0.129,8597,3,28.14,9341,3,0.136,13932,5,0.414,10248,4,45.241,1021,1,32.699,7356,3
58,E01000060,Barking and Dagenham 006B,E09000002,Barking and Dagenham,36.154,5475,2,0.202,6512,2,0.129,8627,3,25.54,10548,4,0.282,11879,4,1.109,2737,1,48.53,509,1,24.729,11955,4
59,E01000061,Barking and Dagenham 006C,E09000002,Barking and Dagenham,46.283,2802,1,0.303,2125,1,0.186,3923,2,39.776,5414,2,1.013,4136,2,0.145,14393,5,49.627,375,1,15.967,18454,6
60,E01000062,Barking and Dagenham 006D,E09000002,Barking and Dagenham,26.669,9781,3,0.143,11124,4,0.088,14664,5,30.73,8286,3,-0.143,18285,6,0.558,8288,3,45.088,1042,1,20.153,15164,5
61,E01000063,Barking and Dagenham 004A,E09000002,Barking and Dagenham,33.371,6520,2,0.181,7943,3,0.124,9225,3,37.624,6017,2,0.286,11816,4,0.342,11295,4,41.886,1689,1,35.452,6036,2
62,E01000064,Barking and Dagenham 006E,E09000002,Barking and Dagenham,35.283,5791,2,0.208,6220,2,0.13,8440,3,24.438,11115,4,0.39,10490,4,0.212,13303,5,50.054,310,1,34.175,6602,3
63,E01000065,Barking and Dagenham 007A,E09000002,Barking and Dagenham,39.89,4296,2,0.228,5065,2,0.173,4770,2,26.185,10220,4,0.817,5745,2,0.324,11574,4,47.453,634,1,29.31,9210,3
64,E01000066,Barking and Dagenham 011A,E09000002,Barking and Dagenham,25.763,10329,4,0.147,10725,4,0.097,13108,4,18.294,14926,5,0.054,15169,5,-0.273,20658,7,50.656,249,1,17.916,16885,6
65,E01000067,Barking and Dagenham 011B,E09000002,Barking and Dagenham,20.973,13573,5,0.132,12329,4,0.066,19905,7,15.99,16594,6,-0.388,21963,7,0.381,10735,4,42.456,1551,1,21.711,14035,5
66,E01000068,Barking and Dagenham 016E,E09000002,Barking and Dagenham,25.603,10421,4,0.123,13349,5,0.075,17599,6,16.187,16416,5,0.167,13509,5,0.946,3970,2,41.502,1777,1,31.382,8062,3
67,E01000069,Barking and Dagenham 011C,E09000002,Barking and Dagenham,16.375,17580,6,0.087,18292,6,0.07,18888,6,16.481,16211,5,-0.626,25051,8,0.032,16201,5,31.781,5792,2,28.36,9748,3
68,E01000070,Barking and Dagenham 011D,E09000002,Barking and Dagenham,21.038,13531,5,0.11,14981,5,0.077,17070,6,14.434,17805,6,-0.442,22662,7,0.84,5018,2,35.596,3806,2,27.639,10170,4
69,E01000071,Barking and Dagenham 011E,E09000002,Barking and Dagenham,18.848,15370,5,0.13,12518,4,0.058,22157,7,14.114,18062,6,-0.261,20051,7,-0.155,18962,6,40.981,1935,1,22.064,13807,5
70,E01000072,Barking and Dagenham 017E,E09000002,Barking and Dagenham,41.016,3974,2,0.241,4451,2,0.138,7689,3,34.242,7028,3,0.478,9357,3,1.197,2249,1,46.957,722,1,30.082,8754,3
71,E01000073,Barking and Dagenham 012B,E09000002,Barking and Dagenham,38.757,4645,2,0.209,6133,2,0.135,7982,3,35.14,6712,3,0.57,8284,3,1.346,1554,1,43.442,1340,1,23.636,12681,4
72,E01000074,Barking and Dagenham 012C,E09000002,Barking and Dagenham,35.044,5870,2,0.234,4794,2,0.128,8763,3,32.398,7662,3,0.461,9581,3,0.005,16602,6,47.408,641,1,22.806,13256,5
73,E01000075,Barking and Dagenham 012D,E09000002,Barking and Dagenham,36.999,5215,2,0.196,6873,3,0.118,9943,4,36.347,6343,2,0.136,13939,5,1.057,3101,1,44.869,1086,1,39.815,4325,2
74,E01000076,Barking and Dagenham 012E,E09000002,Barking and Dagenham,36.246,5451,2,0.208,6177,2,0.148,6722,3,36.193,6380,2,0.097,14560,5,0.287,12141,4,49.87,338,1,27.02,10531,4
75,E01000077,Barking and Dagenham 008F,E09000002,Barking and Dagenham,41.032,3967,2,0.251,3973,2,0.159,5768,2,33.494,7276,3,0.725,6631,3,0.487,9244,3,44.143,1218,1,35.02,6233,2
76,E01000078,Barking and Dagenham 007B,E09000002,Barking and Dagenham,35.033,5874,2,0.228,5086,2,0.128,8778,3,33.668,7216,3,0.035,15460,5,0.467,9512,3,44.311,1183,1,33.091,7156,3
77,E01000079,Barking and Dagenham 009E,E09000002,Barking and Dagenham,34.522,6057,2,0.227,5141,2,0.141,7379,3,24.526,11072,4,0.045,15314,5,0.253,12695,4,48.007,566,1,29.325,9200,3
78,E01000080,Barking and Dagenham 007C,E09000002,Barking and Dagenham,33.185,6596,3,0.19,7274,3,0.146,6934,3,26.379,10114,4,0.445,9777,3,0.145,14386,5,45.385,989,1,24.492,12095,4
79,E01000081,Barking and Dagenham 007D,E09000002,Barking and Dagenham,30.608,7738,3,0.162,9449,3,0.116,10130,4,30.952,8201,3,0.225,12703,4,0.192,13643,5,43.718,1281,1,32.758,7318,3
80,E01000082,Barking and Dagenham 007E,E09000002,Barking and Dagenham,27.895,9100,3,0.158,9753,3,0.113,10671,4,31.053,8160,3,-0.111,17747,6,-0.221,19918,7,43.176,1396,1,30.006,8806,3
81,E01000083,Barking and Dagenham 007F,E09000002,Barking and Dagenham,34.377,6111,2,0.196,6904,3,0.134,8025,3,27.072,9793,3,0.361,10842,4,0.434,9982,4,44.245,1199,1,35.395,6063,2
82,E01000084,Barking and Dagenham 013D,E09000002,Barking and Dagenham,39.815,4315,2,0.229,5030,2,0.141,7393,3,36.839,6237,2,0.338,11120,4,1.309,1715,1,43.432,1344,1,28.534,9648,3
83,E01000085,Barking and Dagenham 013E,E09000002,Barking and Dagenham,35.154,5838,2,0.189,7390,3,0.124,9203,3,36.259,6360,2,-0.227,19518,6,1.036,3245,1,46.139,871,1,32.465,7484,3
84,E01000086,Barking and Dagenham 013F,E09000002,Barking and Dagenham,38.156,4822,2,0.218,5632,2,0.142,7318,3,28.503,9185,3,0.89,5137,2,0.868,4717,2,42.757,1477,1,26.281,11002,4
85,E01000087,Barking and Dagenham 020B,E09000002,Barking and Dagenham,34.357,6122,2,0.226,5212,2,0.131,8331,3,27.171,9744,3,0.046,15307,5,0.135,14563,5,48.565,506,1,31.357,8076,3
86,E01000088,Barking and Dagenham 020C,E09000002,Barking and Dagenham,28.849,8574,3,0.147,10790,4,0.1,12495,4,20.313,13589,5,0.264,12126,4,0.552,8365,3,44.005,1238,1,34.525,6458,2
87,E01000089,Barking and Dagenham 020D,E09000002,Barking and Dagenham,28.968,8508,3,0.156,9981,4,0.092,13980,5,25.246,10703,4,-0.154,18445,6,0.189,13690,5,47.254,668,1,40.955,3962,2
88,E01000090,Barking and Dagenham 020E,E09000002,Barking and Dagenham,28.317,8873,3,0.169,8855,3,0.091,14060,5,22.024,12523,4,-0.187,18942,6,0.7,6503,2,45.475,973,1,29.464,9116,3
89,E01000091,Barking and Dagenham 022A,E09000002,Barking and Dagenham,42.183,3669,2,0.256,3775,2,0.175,4635,2,32.562,7594,3,0.324,11282,4,0.994,3573,2,48.266,540,1,23.563,12738,4
90,E01000092,Barking and Dagenham 019E,E09000002,Barking and Dagenham,33.768,6348,2,0.215,5804,2,0.106,11606,4,18.788,14566,5,-0.008,16131,5,0.657,7000,3,61.059,11,1,29.993,8818,3
91,E01000093,Barking and Dagenham 022B,E09000002,Barking and Dagenham,46.922,2669,1,0.26,3596,2,0.169,5065,2,27.955,9411,3,0.842,5519,2,1.073,2977,1,49.657,370,1,43.57,3282,1
92,E01000094,Barking and Dagenham 022C,E09000002,Barking and Dagenham,28.182,8930,3,0.167,9003,3,0.094,13554,5,10.866,21017,7,-0.036,16555,6,0.524,8737,3,64.961,4,1,20.692,14763,5
93,E01000095,Barking and Dagenham 018E,E09000002,Barking and Dagenham,32.254,6984,3,0.196,6925,3,0.095,13425,5,22.314,12341,4,-0.111,17759,6,0.944,3990,2,63.151,7,1,18.657,16305,5
94,E01000096,Barking and Dagenham 022D,E09000002,Barking and Dagenham,40.926,3997,2,0.259,3651,2,0.135,7977,3,34.307,7010,3,0.008,15882,5,1.284,1816,1,48.317,534,1,29.982,8823,3
95,E01000097,Barking and Dagenham 023C,E09000002,Barking and Dagenham,38.009,4866,2,0.223,5351,2,0.131,8344,3,32.926,7462,3,0.808,5831,2,0.468,9503,3,47.096,692,1,28.566,9628,3
96,E01000098,Barking and Dagenham 023D,E09000002,Barking and Dagenham,39.405,4455,2,0.239,4575,2,0.159,5822,2,31.389,8040,3,0.443,9792,3,0.911,4288,2,43.482,1332,1,28.673,9574,3
97,E01000099,Barking and Dagenham 023E,E09000002,Barking and Dagenham,29.266,8373,3,0.174,8476,3,0.105,11800,4,25.037,10808,4,0.214,12858,4,0.008,16553,6,47.111,688,1,26.795,10685,4
98,E01000100,Barking and Dagenham 004B,E09000002,Barking and Dagenham,31.83,7152,3,0.16,9665,3,0.117,10100,4,29.622,8731,3,0.106,14418,5,0.634,7277,3,42.938,1444,1,38.207,4920,2
99,E01000101,Barking and Dagenham 004C,E09000002,Barking and Dagenham,40.463,4126,2,0.254,3849,2,0.154,6223,2,28.988,8974,3,0.464,9545,3,0.832,5094,2,43.29,1362,1,37.223,5302,2
100,E01000102,Barking and Dagenham 007G,E09000002,Barking and Dagenham,42.631,3557,2,0.275,3043,1,0.175,4646,2,23.976,11364,4,0.684,7036,3,0.762,5806,2,44.376,1167,1,33.8,6799,3
101,E01000103,Barking and Dagenham 014A,E09000002,Barking and Dagenham,32.894,6708,3,0.18,8028,3,0.113,10618,4,26.208,10205,4,0.427,9979,4,0.58,7987,3,50.872,227,1,20.068,15230,5
102,E01000104,Barking and Dagenham 014B,E09000002,Barking and Dagenham,34.672,6002,2,0.222,5419,2,0.134,8092,3,31.664,7929,3,0.276,11958,4,0.131,14637,5,50.107,304,1,18.066,16764,6
103,E01000105,Barking and Dagenham 014C,E09000002,Barking and Dagenham,44.149,3229,1,0.246,4221,2,0.165,5349,2,36.132,6402,2,0.932,4774,2,1.039,3225,1,47.24,670,1,25.589,11416,4
104,E01000106,Barking and Dagenham 014D,E09000002,Barking and Dagenham,43.523,3355,2,0.275,3032,1,0.167,5211,2,27.219,9725,3,0.636,7543,3,0.786,5569,2,51.428,180,1,26.265,11010,4
105,E01000107,Barking and Dagenham 010C,E09000002,Barking and Dagenham,28.332,8865,3,0.151,10392,4,0.095,13329,5,29.324,8851,3,0.579,8175,3,-0.027,17090,6,44.429,1156,1,22.813,13252,5
106,E01000108,Barking and Dagenham 010D,E09000002,Barking and Dagenham,28.166,8940,3,0.171,8694,3,0.104,11946,4,20.596,13397,5,0.158,13637,5,0.183,13794,5,41.045,1914,1,35.136,6178,2
107,E01000109,Barking and Dagenham 004D,E09000002,Barking and Dagenham,25.691,10373,4,0.12,13637,5,0.084,15539,5,22.485,12247,4,-0.199,19119,6,0.891,4478,2,39.755,2272,1,34.149,6609,3
108,E01000110,Barking and Dagenham 002C,E09000002,Barking and Dagenham,17.741,16365,5,0.112,14678,5,0.078,16725,6,12.848,19168,6,-0.002,16046,5,-0.312,21211,7,32.872,5156,2,20.544,14867,5
109,E01000111,Barking and Dagenham 002D,E09000002,Barking and Dagenham,28.903,8544,3,0.174,8457,3,0.111,10920,4,20.878,13216,5,0.187,13246,5,0.313,11745,4,44.339,1179,1,26.789,10690,4
110,E01000112,Barking and Dagenham 002E,E09000002,Barking and Dagenham,24.743,10925,4,0.129,12627,4,0.065,19995,7,18.969,14420,5,-0.324,21026,7,0.602,7729,3,43.159,1404,1,40.766,4026,2
111,E01000113,Barking and Dagenham 002F,E09000002,Barking and Dagenham,25.268,10601,4,0.152,10322,4,0.081,16043,5,16.983,15827,5,-0.122,17933,6,0.708,6421,2,42.208,1615,1,26.945,10582,4
112,E01000114,Barking and Dagenham 004E,E09000002,Barking and Dagenham,23.288,11855,4,0.119,13863,5,0.074,17792,6,19.124,14308,5,-0.117,17851,6,0.423,10125,4,40.755,1978,1,34.274,6563,2
113,E01032580,Barking and Dagenham 023F,E09000002,Barking and Dagenham,34.123,6215,2,0.191,7241,3,0.132,8299,3,22.768,12054,4,0.527,8769,3,0.892,4470,2,43.804,1267,1,24.616,12013,4
114,E01033587,Barking and Dagenham 021E,E09000002,Barking and Dagenham,35.019,5880,2,0.2,6678,3,0.11,11085,4,20.416,13528,5,-0.149,18379,6,0.669,6865,3,58.179,22,1,43.024,3399,2
115,E01033588,Barking and Dagenham 021F,E09000002,Barking and Dagenham,35.248,5808,2,0.219,5616,2,0.127,8809,3,23.479,11625,4,0.505,9037,3,0.316,11702,4,54.585,72,1,19.996,15294,5
116,E01000115,Barnet 009A,E09000003,Barnet,6.227,29174,9,0.055,24852,8,0.046,26011,8,3.734,28835,9,-1.526,31772,10,-0.545,24388,8,17.004,20425,7,18.838,16164,5
117,E01000116,Barnet 009B,E09000003,Barnet,7.79,27318,9,0.074,20597,7,0.049,25160,8,3.87,28684,9,-1.412,31379,10,-0.43,22839,7,19.173,17651,6,18.248,16614,6
118,E01000117,Barnet 010A,E09000003,Barnet,9.642,24958,8,0.071,21222,7,0.062,21069,7,6.077,26087,8,-1.141,29887,10,-0.168,19170,6,21.506,14896,5,17.66,17080,6
119,E01000118,Barnet 010B,E09000003,Barnet,9.812,24743,8,0.077,20191,7,0.059,21699,7,8.59,23320,8,-1.679,32170,10,-0.206,19710,7,22.339,13923,5,16.261,18191,6
120,E01000119,Barnet 009C,E09000003,Barnet,11.589,22657,7,0.078,19862,7,0.054,23311,8,3.312,29365,9,-1.884,32503,10,0.627,7366,3,23.519,12644,4,21.949,13884,5
121,E01000120,Barnet 009D,E09000003,Barnet,5.902,29572,10,0.061,23592,8,0.036,28933,9,4.436,27995,9,-1.58,31931,10,-0.568,24686,8,18.977,17894,6,14.872,19324,6
122,E01000121,Barnet 010C,E09000003,Barnet,36.203,5463,2,0.262,3532,2,0.194,3444,2,22.583,12192,4,0.261,12164,4,0.336,11408,4,37.522,3010,1,13.339,20733,7
123,E01000122,Barnet 009E,E09000003,Barnet,10.152,24308,8,0.071,21201,7,0.055,23116,8,2.257,30583,10,-1.246,30581,10,-0.622,25342,8,30.659,6494,2,21.817,13971,5
124,E01000123,Barnet 010D,E09000003,Barnet,11.048,23278,8,0.075,20571,7,0.049,24914,8,8.519,23385,8,-1.062,29311,9,-0.684,26038,8,34.632,4252,2,15.659,18691,6
125,E01000124,Barnet 010E,E09000003,Barnet,23.589,11634,4,0.166,9081,3,0.128,8789,3,14.674,17610,6,-0.593,24615,8,0.491,9189,3,30.587,6538,2,20.768,14719,5
126,E01000125,Barnet 024A,E09000003,Barnet,26.704,9759,3,0.179,8105,3,0.088,14613,5,23.785,11445,4,-0.615,24898,8,0.586,7913,3,45.911,904,1,20.582,14835,5
127,E01000126,Barnet 026A,E09000003,Barnet,33.625,6407,2,0.243,4366,2,0.152,6354,2,13.21,18871,6,-0.077,17202,6,-0.164,19092,6,51.181,201,1,24.433,12134,4
128,E01000127,Barnet 024B,E09000003,Barnet,27.543,9275,3,0.193,7125,3,0.129,8594,3,21.348,12944,4,-0.495,23367,8,0.424,10103,4,37.588,2978,1,22.92,13192,5
129,E01000128,Barnet 024C,E09000003,Barnet,27.055,9555,3,0.171,8718,3,0.103,12046,4,22.529,12220,4,-0.346,21389,7,0.957,3869,2,34.708,4215,2,27.146,10444,4
130,E01000129,Barnet 024D,E09000003,Barnet,31.0,7554,3,0.214,5873,2,0.11,11084,4,23.973,11367,4,-0.148,18366,6,1.004,3487,2,38.657,2603,1,25.543,11448,4
131,E01000130,Barnet 021A,E09000003,Barnet,30.863,7621,3,0.185,7670,3,0.118,9925,4,19.118,14311,5,-0.331,21139,7,0.839,5021,2,43.475,1334,1,35.288,6102,2
132,E01000131,Barnet 024E,E09000003,Barnet,20.904,13623,5,0.116,14225,5,0.067,19498,6,10.9,20987,7,-0.802,27020,9,1.133,2608,1,39.033,2472,1,20.979,14578,5
133,E01000132,Barnet 021B,E09000003,Barnet,25.53,10459,4,0.187,7554,3,0.106,11581,4,22.698,12100,4,-0.464,22939,7,0.309,11812,4,35.397,3895,2,25.837,11269,4
134,E01000133,Barnet 021C,E09000003,Barnet,30.774,7660,3,0.188,7489,3,0.159,5788,2,24.516,11075,4,-0.059,16936,6,0.065,15664,5,40.079,2166,1,26.72,10732,4
135,E01000134,Barnet 024F,E09000003,Barnet,24.669,10969,4,0.184,7770,3,0.093,13810,5,20.26,13625,5,-0.579,24429,8,-0.195,19554,6,42.152,1626,1,27.225,10405,4
136,E01000135,Barnet 038A,E09000003,Barnet,12.523,21585,7,0.076,20336,7,0.048,25207,8,4.357,28090,9,-1.087,29489,9,0.385,10680,4,25.516,10648,4,33.536,6935,3
137,E01000136,Barnet 038B,E09000003,Barnet,8.96,25840,8,0.037,29403,9,0.02,32200,10,0.946,32080,10,-1.93,32547,10,0.188,13707,5,27.615,8749,3,36.198,5733,2
138,E01000137,Barnet 041A,E09000003,Barnet,28.786,8611,3,0.235,4769,2,0.145,7065,3,8.14,23802,8,0.077,14846,5,0.348,11200,4,33.329,4917,2,22.835,13240,5
139,E01000138,Barnet 040A,E09000003,Barnet,27.86,9114,3,0.178,8210,3,0.127,8832,3,8.449,23460,8,-0.547,24007,8,1.066,3016,1,35.73,3762,2,31.895,7778,3
140,E01000139,Barnet 041B,E09000003,Barnet,12.388,21727,7,0.082,19148,6,0.041,27475,9,4.481,27939,9,-1.326,30993,10,0.61,7591,3,25.608,10558,4,29.28,9230,3
141,E01000140,Barnet 041C,E09000003,Barnet,16.817,17164,6,0.118,13979,5,0.078,16748,6,9.457,22414,7,-0.914,28092,9,-0.026,17079,6,30.188,6833,3,30.341,8608,3
142,E01000141,Barnet 039A,E09000003,Barnet,28.797,8601,3,0.149,10621,4,0.083,15544,5,11.28,20639,7,-0.736,26316,9,1.518,998,1,35.668,3781,2,52.22,1546,1
143,E01000142,Barnet 040B,E09000003,Barnet,16.669,17305,6,0.126,12982,4,0.077,17086,6,8.856,23016,8,-0.676,25666,8,-0.373,22062,7,30.865,6375,2,28.68,9571,3
144,E01000143,Barnet 041D,E09000003,Barnet,31.342,7380,3,0.239,4534,2,0.153,6262,2,16.558,16148,5,-0.081,17289,6,0.763,5800,2,33.531,4795,2,19.252,15838,5
145,E01000144,Barnet 038C,E09000003,Barnet,18.338,15833,5,0.102,16060,5,0.082,15795,5,8.328,23604,8,-0.906,28028,9,0.717,6317,2,31.107,6215,2,29.17,9289,3
146,E01000145,Barnet 037A,E09000003,Barnet,14.626,19310,6,0.088,18244,6,0.072,18151,6,4.679,27693,9,-1.5,31703,10,0.196,13588,5,29.116,7564,3,32.598,7415,3
147,E01000146,Barnet 038D,E09000003,Barnet,18.538,15647,5,0.103,15846,5,0.089,14465,5,4.798,27554,9,-1.542,31821,10,0.638,7217,3,34.561,4289,2,29.849,8905,3
148,E01000147,Barnet 030A,E09000003,Barnet,12.786,21282,7,0.078,19924,7,0.04,27874,9,9.893,21938,7,-1.99,32596,10,0.336,11383,4,27.447,8877,3,33.415,6999,3
149,E01000148,Barnet 030B,E09000003,Barnet,27.671,9213,3,0.186,7576,3,0.115,10390,4,15.794,16751,6,-0.042,16658,6,0.009,16537,6,43.166,1401,1,29.844,8909,3
150,E01000150,Barnet 036A,E09000003,Barnet,15.583,18371,6,0.106,15457,5,0.056,22713,7,9.297,22579,7,-1.385,31284,10,-0.033,17184,6,33.726,4710,2,33.545,6930,3
151,E01000151,Barnet 026B,E09000003,Barnet,38.897,4606,2,0.332,1383,1,0.191,3621,2,18.815,14541,5,-0.203,19182,6,0.085,15355,5,40.945,1948,1,19.735,15489,5
152,E01000152,Barnet 026C,E09000003,Barnet,32.418,6908,3,0.265,3391,2,0.144,7125,3,25.229,10713,4,-0.552,24090,8,0.049,15902,5,44.269,1193,1,16.001,18424,6
153,E01000153,Barnet 026D,E09000003,Barnet,41.649,3826,2,0.276,3020,1,0.173,4735,2,36.066,6415,2,-0.047,16727,6,0.872,4658,2,49.389,407,1,18.106,16737,6
154,E01000154,Barnet 026E,E09000003,Barnet,32.667,6805,3,0.201,6589,3,0.141,7428,3,22.212,12409,4,0.007,15897,5,0.827,5150,2,43.4,1350,1,22.744,13307,5
155,E01000155,Barnet 030D,E09000003,Barnet,20.797,13700,5,0.135,12048,4,0.062,20992,7,12.175,19786,7,-1.303,30874,10,-0.128,18553,6,39.038,2470,1,47.35,2383,1
156,E01000156,Barnet 022A,E09000003,Barnet,8.319,26669,9,0.075,20480,7,0.04,27970,9,1.668,31256,10,-0.991,28748,9,-0.158,18997,6,22.228,14049,5,19.997,15291,5
157,E01000157,Barnet 022B,E09000003,Barnet,12.655,21431,7,0.089,18020,6,0.054,23337,8,10.386,21468,7,-1.084,29471,9,-0.281,20763,7,24.93,11191,4,32.014,7699,3
158,E01000158,Barnet 015A,E09000003,Barnet,19.721,14606,5,0.13,12554,4,0.087,14944,5,10.783,21097,7,-0.598,24692,8,0.561,8251,3,28.16,8292,3,31.142,8183,3
159,E01000159,Barnet 015B,E09000003,Barnet,16.257,17696,6,0.112,14637,5,0.077,16967,6,4.883,27445,9,-1.287,30795,10,0.561,8253,3,32.939,5117,2,17.393,17292,6
160,E01000160,Barnet 015C,E09000003,Barnet,12.121,22025,7,0.07,21491,7,0.047,25821,8,7.531,24450,8,-1.028,29047,9,0.463,9589,3,26.935,9329,3,26.093,11117,4
161,E01000161,Barnet 015D,E09000003,Barnet,14.513,19434,6,0.109,15071,5,0.055,23203,8,3.782,28785,9,-0.524,23738,8,0.612,7561,3,27.508,8832,3,20.014,15281,5
162,E01000162,Barnet 015E,E09000003,Barnet,18.504,15689,5,0.117,14118,5,0.098,12852,4,9.943,21882,7,-0.479,23118,8,0.481,9327,3,24.285,11836,4,27.187,10428,4
163,E01000163,Barnet 022C,E09000003,Barnet,28.541,8744,3,0.2,6673,3,0.145,7026,3,13.328,18746,6,0.036,15455,5,0.26,12561,4,38.055,2815,1,21.987,13854,5
164,E01000164,Barnet 022D,E09000003,Barnet,25.331,10557,4,0.172,8617,3,0.107,11407,4,11.909,20020,7,-0.666,25537,8,0.841,4999,2,36.044,3614,2,28.698,9562,3
165,E01000165,Barnet 022E,E09000003,Barnet,13.258,20782,7,0.099,16434,6,0.05,24651,8,5.196,27089,9,-1.29,30809,10,0.198,13551,5,35.632,3791,2,16.048,18378,6
166,E01000166,Barnet 003A,E09000003,Barnet,14.861,19054,6,0.105,15602,5,0.082,15856,5,7.16,24869,8,-0.922,28162,9,0.276,12305,4,28.957,7702,3,13.626,20472,7
167,E01000167,Barnet 002A,E09000003,Barnet,28.35,8854,3,0.199,6730,3,0.125,9073,3,22.649,12139,4,0.166,13541,5,0.516,8847,3,33.883,4625,2,18.27,16601,6
168,E01000168,Barnet 003B,E09000003,Barnet,6.975,28357,9,0.05,26071,8,0.035,29238,9,3.41,29243,9,-1.486,31651,10,-0.095,18057,6,21.872,14471,5,21.5,14193,5
169,E01000169,Barnet 003C,E09000003,Barnet,13.226,20813,7,0.086,18500,6,0.063,20563,7,4.871,27460,9,-1.209,30347,10,0.466,9541,3,25.427,10718,4,25.647,11383,4
170,E01000170,Barnet 006A,E09000003,Barnet,20.384,14031,5,0.147,10719,4,0.114,10414,4,10.294,21554,7,-0.625,25024,8,0.536,8594,3,22.502,13749,5,25.376,11534,4
171,E01000171,Barnet 006B,E09000003,Barnet,24.261,11210,4,0.196,6871,3,0.105,11775,4,12.3,19665,6,-0.164,18595,6,0.288,12123,4,26.487,9720,3,33.967,6704,3
172,E01000172,Barnet 003D,E09000003,Barnet,8.421,26533,9,0.075,20565,7,0.039,28221,9,2.666,30143,10,-1.613,32018,10,-0.743,26715,9,24.854,11275,4,25.96,11181,4
173,E01000173,Barnet 006C,E09000003,Barnet,9.709,24872,8,0.081,19433,6,0.05,24580,8,5.844,26333,9,-1.13,29803,10,-0.085,17910,6,19.649,17062,6,23.152,13018,4
174,E01000174,Barnet 006D,E09000003,Barnet,16.271,17685,6,0.128,12760,4,0.069,19157,6,8.05,23885,8,-0.672,25607,8,-0.248,20317,7,30.198,6828,3,29.971,8830,3
175,E01000175,Barnet 006E,E09000003,Barnet,7.614,27536,9,0.052,25718,8,0.047,25725,8,2.159,30711,10,-1.45,31540,10,0.185,13765,5,22.205,14085,5,15.768,18613,6
176,E01000176,Barnet 027A,E09000003,Barnet,30.549,7768,3,0.233,4859,2,0.136,7899,3,19.609,14011,5,-0.459,22882,7,0.377,10772,4,44.215,1205,1,17.867,16934,6
177,E01000177,Barnet 029A,E09000003,Barnet,8.263,26742,9,0.055,25054,8,0.026,31483,10,4.627,27761,9,-1.826,32421,10,0.031,16208,5,22.96,13256,5,29.925,8862,3
178,E01000178,Barnet 027B,E09000003,Barnet,8.055,27008,9,0.058,24124,8,0.045,26228,8,1.098,31906,10,-1.31,30902,10,-0.15,18895,6,22.904,13319,5,23.749,12599,4
179,E01000179,Barnet 029B,E09000003,Barnet,8.467,26462,9,0.064,22746,7,0.036,29121,9,2.024,30869,10,-0.712,26043,8,-0.087,17939,6,24.92,11205,4,19.606,15597,5
180,E01000180,Barnet 029C,E09000003,Barnet,14.555,19391,6,0.13,12478,4,0.073,17950,6,4.839,27500,9,-1.044,29166,9,-0.257,20452,7,29.565,7258,3,19.421,15732,5
181,E01000181,Barnet 029D,E09000003,Barnet,8.204,26821,9,0.058,24244,8,0.039,28293,9,0.31,32678,10,-1.634,32071,10,0.07,15601,5,20.819,15696,5,29.674,9010,3
182,E01000182,Barnet 029E,E09000003,Barnet,8.01,27057,9,0.04,28697,9,0.032,30147,10,0.42,32588,10,-1.738,32281,10,-0.177,19306,6,22.913,13308,5,37.424,5210,2
183,E01000183,Barnet 033A,E09000003,Barnet,10.613,23760,8,0.085,18766,6,0.047,25825,8,1.885,31018,10,-0.676,25664,8,-0.504,23864,8,30.174,6841,3,20.769,14718,5
184,E01000184,Barnet 027C,E09000003,Barnet,31.921,7110,3,0.212,5967,2,0.141,7398,3,17.632,15371,5,-0.186,18934,6,0.303,11888,4,43.284,1365,1,35.661,5952,2
185,E01000185,Barnet 029F,E09000003,Barnet,25.824,10299,4,0.239,4541,2,0.128,8723,3,12.502,19497,6,-0.208,19242,6,-0.438,22953,7,32.704,5260,2,19.475,15701,5
186,E01000186,Barnet 014A,E09000003,Barnet,5.195,30326,10,0.044,27519,9,0.035,29214,9,3.442,29202,9,-1.988,32593,10,-0.699,26212,8,19.417,17370,6,18.927,16097,5
187,E01000187,Barnet 014B,E09000003,Barnet,13.015,21042,7,0.118,13871,5,0.063,20781,7,7.661,24295,8,-0.599,24697,8,-0.561,24590,8,27.997,8435,3,14.508,19649,6
188,E01000188,Barnet 014C,E09000003,Barnet,8.028,27036,9,0.032,30414,10,0.036,28966,9,2.684,30119,10,-2.011,32615,10,0.509,8968,3,21.076,15409,5,27.374,10331,4
189,E01000189,Barnet 014D,E09000003,Barnet,24.526,11051,4,0.149,10587,4,0.091,14045,5,25.611,10515,4,-0.871,27729,9,-0.444,23049,8,38.504,2658,1,43.589,3275,1
190,E01000190,Barnet 014E,E09000003,Barnet,10.149,24311,8,0.091,17811,6,0.056,22730,7,5.319,26945,9,-1.301,30863,10,-0.437,22930,7,25.601,10564,4,16.24,18206,6
191,E01000191,Barnet 014F,E09000003,Barnet,6.834,28527,9,0.055,25033,8,0.048,25233,8,1.76,31153,10,-1.605,31996,10,-0.547,24413,8,22.059,14254,5,18.833,16169,5
192,E01000192,Barnet 018A,E09000003,Barnet,15.472,18475,6,0.105,15682,5,0.066,19723,7,6.778,25275,8,-1.035,29094,9,0.535,8607,3,27.087,9186,3,28.127,9877,4
193,E01000193,Barnet 018B,E09000003,Barnet,16.117,17828,6,0.09,17895,6,0.071,18479,6,7.965,23988,8,-1.393,31313,10,0.546,8454,3,28.912,7727,3,33.122,7146,3
194,E01000194,Barnet 018C,E09000003,Barnet,19.392,14920,5,0.114,14371,5,0.078,16742,6,5.706,26490,9,-1.007,28883,9,0.884,4540,2,33.467,4831,2,29.783,8938,3
195,E01000195,Barnet 013A,E09000003,Barnet,26.999,9593,3,0.177,8228,3,0.109,11220,4,23.459,11639,4,-0.58,24457,8,0.143,14429,5,47.051,706,1,19.966,15323,5
196,E01000196,Barnet 028A,E09000003,Barnet,12.284,21850,7,0.093,17436,6,0.068,19382,6,5.839,26345,9,-1.183,30188,10,-0.675,25935,8,29.058,7602,3,22.92,13191,5
197,E01000197,Barnet 023A,E09000003,Barnet,12.516,21591,7,0.086,18468,6,0.056,22711,7,1.749,31164,10,-1.585,31942,10,0.035,16146,5,26.823,9434,3,34.534,6454,2
198,E01000198,Barnet 025A,E09000003,Barnet,11.841,22353,7,0.087,18412,6,0.048,25333,8,2.096,30790,10,-1.852,32466,10,-0.606,25140,8,36.202,3536,2,25.751,11317,4
199,E01000199,Barnet 025B,E09000003,Barnet,7.222,28042,9,0.056,24764,8,0.036,29076,9,1.162,31831,10,-2.149,32707,10,-0.138,18711,6,27.064,9205,3,16.028,18404,6
200,E01000200,Barnet 028B,E09000003,Barnet,9.566,25046,8,0.081,19357,6,0.055,23175,8,1.098,31907,10,-1.812,32399,10,0.008,16549,6,23.179,13009,4,19.86,15396,5
201,E01000201,Barnet 028C,E09000003,Barnet,7.184,28084,9,0.041,28364,9,0.034,29698,10,0.774,32270,10,-1.855,32469,10,-0.066,17627,6,20.134,16487,6,32.502,7463,3
202,E01000202,Barnet 028D,E09000003,Barnet,6.735,28623,9,0.053,25482,8,0.031,30478,10,1.508,31446,10,-1.941,32558,10,-0.497,23739,8,25.128,10979,4,23.038,13100,4
203,E01000203,Barnet 028E,E09000003,Barnet,15.523,18422,6,0.114,14462,5,0.072,18236,6,5.763,26424,9,-1.173,30128,10,-0.564,24624,8,36.786,3280,1,24.962,11805,4
204,E01000204,Barnet 025C,E09000003,Barnet,10.063,24436,8,0.068,21863,7,0.046,25965,8,3.121,29593,10,-1.795,32369,10,0.3,11927,4,23.008,13199,5,27.209,10412,4
205,E01000205,Barnet 035A,E09000003,Barnet,7.725,27397,9,0.053,25441,8,0.035,29476,9,1.073,31937,10,-1.993,32600,10,0.215,13254,5,22.867,13351,5,23.489,12790,4
206,E01000206,Barnet 033B,E09000003,Barnet,9.118,25629,8,0.013,32706,10,0.012,32692,10,1.793,31108,10,-2.703,32823,10,0.147,14364,5,38.568,2636,1,24.319,12215,4
207,E01000207,Barnet 033C,E09000003,Barnet,6.585,28804,9,0.042,28150,9,0.035,29472,9,2.896,29862,10,-2.053,32645,10,-0.487,23598,8,22.612,13623,5,27.164,10436,4
208,E01000208,Barnet 033D,E09000003,Barnet,6.612,28766,9,0.028,31181,10,0.01,32744,10,1.282,31699,10,-2.453,32795,10,0.17,13995,5,26.632,9612,3,22.502,13475,5
209,E01000209,Barnet 035B,E09000003,Barnet,7.058,28249,9,0.048,26588,9,0.035,29393,9,0.414,32595,10,-1.562,31889,10,-0.013,16887,6,23.561,12593,4,22.769,13289,5
210,E01000210,Barnet 033E,E09000003,Barnet,8.197,26833,9,0.058,24220,8,0.033,29944,10,0.518,32505,10,-1.85,32462,10,0.359,11037,4,19.894,16778,6,27.374,10330,4
211,E01000211,Barnet 035C,E09000003,Barnet,14.568,19377,6,0.112,14654,5,0.072,18292,6,3.225,29476,9,-0.835,27338,9,-0.369,22011,7,30.399,6679,3,27.757,10106,4
212,E01000212,Barnet 035D,E09000003,Barnet,10.294,24145,8,0.063,23021,8,0.069,18960,6,0.467,32546,10,-1.669,32148,10,-0.219,19894,7,25.312,10825,4,25.698,11349,4
213,E01000213,Barnet 033F,E09000003,Barnet,7.583,27586,9,0.028,31216,10,0.025,31617,10,1.321,31659,10,-2.218,32733,10,-0.45,23109,8,30.621,6517,2,31.33,8092,3
214,E01000214,Barnet 038E,E09000003,Barnet,10.503,23881,8,0.046,27180,9,0.038,28460,9,0.416,32591,10,-2.082,32660,10,0.283,12197,4,36.7,3331,2,23.936,12462,4
215,E01000215,Barnet 037B,E09000003,Barnet,13.565,20414,7,0.103,15859,5,0.062,20859,7,6.101,26065,8,-0.575,24381,8,-0.456,23197,8,30.762,6431,2,22.19,13727,5
216,E01000216,Barnet 035E,E09000003,Barnet,10.017,24507,8,0.071,21332,7,0.061,21286,7,2.247,30600,10,-1.305,30884,10,-0.268,20587,7,26.235,9956,4,21.24,14375,5
217,E01000217,Barnet 035F,E09000003,Barnet,10.826,23520,8,0.066,22376,7,0.056,22862,7,9.331,22543,7,-1.212,30365,10,-0.342,21624,7,24.166,11971,4,29.261,9244,3
218,E01000218,Barnet 037C,E09000003,Barnet,15.33,18612,6,0.104,15821,5,0.071,18558,6,9.755,22091,7,-0.755,26523,9,0.132,14620,5,28.641,7938,3,25.532,11456,4
219,E01000219,Barnet 037D,E09000003,Barnet,19.87,14460,5,0.097,16734,6,0.093,13697,5,14.667,17613,6,-0.764,26620,9,0.403,10389,4,34.545,4298,2,31.116,8190,3
220,E01000220,Barnet 037E,E09000003,Barnet,17.109,16891,6,0.117,14048,5,0.092,13981,5,7.734,24209,8,-0.48,23139,8,-0.403,22479,7,28.881,7749,3,29.431,9132,3
221,E01000221,Barnet 039B,E09000003,Barnet,45.842,2878,1,0.28,2886,1,0.186,3909,2,23.471,11630,4,0.346,11027,4,1.127,2639,1,55.984,44,1,29.763,8955,3
222,E01000222,Barnet 040C,E09000003,Barnet,27.098,9539,3,0.163,9338,3,0.13,8480,3,12.267,19703,6,-0.287,20458,7,0.729,6190,2,37.056,3179,1,29.883,8884,3
223,E01000223,Barnet 039C,E09000003,Barnet,35.812,5606,2,0.225,5219,2,0.142,7310,3,21.168,13036,4,-0.005,16092,5,0.888,4500,2,47.877,582,1,28.472,9686,3
224,E01000224,Barnet 040D,E09000003,Barnet,19.679,14638,5,0.152,10311,4,0.097,13101,4,14.005,18160,6,-0.928,28221,9,-0.054,17484,6,29.827,7085,3,27.142,10450,4
225,E01000225,Barnet 037F,E09000003,Barnet,10.981,23364,8,0.066,22472,7,0.054,23306,8,6.55,25545,8,-1.052,29235,9,-0.009,16830,6,28.248,8226,3,22.709,13328,5
226,E01000226,Barnet 018D,E09000003,Barnet,31.658,7222,3,0.224,5288,2,0.123,9332,3,23.481,11624,4,0.373,10680,4,-0.171,19222,6,41.017,1925,1,30.803,8364,3
227,E01000227,Barnet 018E,E09000003,Barnet,9.965,24577,8,0.082,19223,6,0.052,24076,8,4.644,27735,9,-1.687,32188,10,-0.601,25093,8,29.152,7533,3,18.465,16456,6
228,E01000228,Barnet 007A,E09000003,Barnet,12.492,21621,7,0.079,19698,6,0.055,23078,8,5.053,27227,9,-1.232,30502,10,0.618,7481,3,28.384,8123,3,17.002,17584,6
229,E01000229,Barnet 013B,E09000003,Barnet,21.609,13079,4,0.135,12047,4,0.108,11304,4,11.185,20727,7,-0.868,27683,9,0.071,15566,5,43.196,1385,1,18.134,16706,6
230,E01000230,Barnet 013C,E09000003,Barnet,7.886,27204,9,0.071,21300,7,0.044,26803,9,8.824,23054,8,-1.463,31585,10,-0.336,21540,7,20.598,15942,5,14.054,20064,7
231,E01000231,Barnet 013D,E09000003,Barnet,17.628,16447,6,0.103,15887,5,0.063,20544,7,4.325,28133,9,-1.112,29693,10,0.156,14223,5,46.81,745,1,22.468,13506,5
232,E01000232,Barnet 013E,E09000003,Barnet,14.534,19413,6,0.114,14404,5,0.072,18344,6,5.022,27272,9,-0.843,27433,9,0.019,16385,5,29.815,7095,3,20.257,15093,5
233,E01000233,Barnet 013F,E09000003,Barnet,8.853,25991,8,0.069,21747,7,0.054,23380,8,4.009,28531,9,-1.829,32427,10,-0.162,19066,6,22.349,13908,5,20.027,15270,5
234,E01000234,Barnet 021D,E09000003,Barnet,8.657,26226,8,0.067,22186,7,0.047,25571,8,3.867,28687,9,-1.185,30198,10,-0.259,20474,7,25.044,11062,4,18.383,16530,6
235,E01000235,Barnet 021E,E09000003,Barnet,23.347,11811,4,0.164,9316,3,0.101,12345,4,18.521,14759,5,-0.622,24980,8,0.481,9335,3,31.954,5689,2,28.246,9812,3
236,E01000236,Barnet 034A,E09000003,Barnet,10.572,23808,8,0.079,19680,6,0.059,21799,7,3.637,28956,9,-1.135,29846,10,-0.545,24391,8,25.167,10944,4,26.189,11051,4
237,E01000237,Barnet 032A,E09000003,Barnet,9.545,25066,8,0.055,24986,8,0.036,29142,9,1.569,31373,10,-1.722,32251,10,0.266,12465,4,26.964,9308,3,29.614,9041,3
238,E01000238,Barnet 034B,E09000003,Barnet,14.457,19485,6,0.096,16992,6,0.074,17719,6,4.747,27606,9,-1.429,31453,10,-0.19,19488,6,30.448,6642,3,31.179,8164,3
239,E01000239,Barnet 031A,E09000003,Barnet,21.568,13120,4,0.137,11811,4,0.077,16948,6,6.545,25549,8,-0.872,27733,9,-0.006,16770,6,50.079,308,1,25.352,11552,4
240,E01000240,Barnet 031B,E09000003,Barnet,19.599,14717,5,0.118,13892,5,0.065,19999,7,5.762,26426,9,-1.108,29663,10,0.071,15563,5,48.523,511,1,28.397,9725,3
241,E01000241,Barnet 031C,E09000003,Barnet,10.706,23646,8,0.071,21281,7,0.04,27860,9,1.467,31496,10,-1.771,32334,10,-0.181,19355,6,34.775,4182,2,24.967,11802,4
242,E01000242,Barnet 032B,E09000003,Barnet,19.154,15111,5,0.125,13112,4,0.084,15495,5,3.59,29017,9,-0.959,28490,9,0.287,12135,4,42.621,1516,1,21.089,14489,5
243,E01000243,Barnet 032C,E09000003,Barnet,14.093,19861,7,0.084,18854,6,0.053,23716,8,4.629,27755,9,-0.996,28790,9,0.105,15063,5,30.061,6931,3,37.611,5126,2
244,E01000244,Barnet 032D,E09000003,Barnet,15.649,18293,6,0.076,20321,7,0.056,22860,7,6.449,25656,8,-1.024,29007,9,0.292,12038,4,29.684,7188,3,45.264,2831,1
245,E01000245,Barnet 032E,E09000003,Barnet,24.116,11312,4,0.168,8983,3,0.119,9813,3,11.778,20172,7,-0.366,21679,7,0.449,9778,3,31.387,6032,2,29.665,9019,3
246,E01000246,Barnet 002B,E09000003,Barnet,10.621,23751,8,0.048,26762,9,0.04,27831,9,1.711,31198,10,-1.472,31610,10,0.498,9108,3,33.776,4693,2,21.694,14047,5
247,E01000247,Barnet 002C,E09000003,Barnet,10.138,24330,8,0.077,20059,7,0.066,19922,7,2.68,30127,10,-1.249,30591,10,-0.555,24522,8,28.98,7674,3,13.317,20763,7
248,E01000248,Barnet 001A,E09000003,Barnet,7.296,27938,9,0.046,27165,9,0.036,28987,9,1.477,31482,10,-1.413,31384,10,0.52,8790,3,17.762,19451,6,19.701,15516,5
249,E01000249,Barnet 001B,E09000003,Barnet,5.863,29613,10,0.026,31437,10,0.044,26762,9,1.17,31821,10,-1.947,32562,10,0.087,15324,5,21.352,15076,5,16.223,18222,6
250,E01000250,Barnet 001C,E09000003,Barnet,13.03,21023,7,0.107,15300,5,0.071,18377,6,3.559,29054,9,-1.451,31547,10,0.064,15679,5,26.11,10078,4,20.775,14715,5
251,E01000251,Barnet 002D,E09000003,Barnet,18.853,15365,5,0.144,11035,4,0.114,10435,4,7.175,24848,8,-0.578,24423,8,0.114,14914,5,24.873,11258,4,22.749,13305,5
252,E01000252,Barnet 002E,E09000003,Barnet,13.376,20654,7,0.099,16417,5,0.074,17637,6,2.148,30730,10,-1.04,29137,9,0.165,14082,5,30.622,6516,2,13.639,20457,7
253,E01000253,Barnet 007B,E09000003,Barnet,9.449,25200,8,0.043,27890,9,0.032,30107,10,3.48,29154,9,-0.861,27601,9,0.187,13716,5,36.662,3340,2,11.349,22627,7
254,E01000254,Barnet 001D,E09000003,Barnet,7.764,27346,9,0.04,28579,9,0.028,31105,10,2.182,30689,10,-1.332,31021,10,-0.121,18455,6,26.527,9693,3,29.206,9273,3
255,E01000255,Barnet 017A,E09000003,Barnet,18.729,15471,5,0.149,10582,4,0.097,13154,5,6.712,25354,8,-1.007,28882,9,0.195,13597,5,30.356,6713,3,24.066,12365,4
256,E01000256,Barnet 016A,E09000003,Barnet,10.628,23742,8,0.079,19723,7,0.043,26979,9,3.474,29160,9,-1.523,31768,10,0.014,16460,6,32.338,5455,2,18.002,16810,6
257,E01000257,Barnet 017B,E09000003,Barnet,25.001,10770,4,0.168,8979,3,0.119,9751,3,17.095,15743,5,-0.383,21902,7,0.252,12703,4,38.645,2609,1,21.402,14265,5
258,E01000258,Barnet 016B,E09000003,Barnet,9.156,25595,8,0.058,24275,8,0.04,27890,9,3.553,29064,9,-1.215,30395,10,0.361,11007,4,21.856,14493,5,25.212,11644,4
259,E01000259,Barnet 025D,E09000003,Barnet,13.364,20665,7,0.095,17032,6,0.066,19832,7,3.908,28639,9,-1.594,31968,10,0.318,11664,4,30.248,6797,3,19.213,15873,5
260,E01000260,Barnet 025E,E09000003,Barnet,19.85,14473,5,0.11,14972,5,0.074,17840,6,10.626,21242,7,-0.992,28756,9,0.203,13443,5,46.598,791,1,24.416,12152,4
261,E01000261,Barnet 017C,E09000003,Barnet,7.628,27512,9,0.046,27097,9,0.029,30945,10,1.12,31884,10,-1.964,32578,10,-0.944,28637,9,35.954,3667,2,18.535,16408,5
262,E01000262,Barnet 017D,E09000003,Barnet,11.643,22595,7,0.094,17210,6,0.046,26157,8,7.639,24324,8,-1.535,31803,10,-0.404,22489,7,34.821,4163,2,15.179,19041,6
263,E01000263,Barnet 016C,E09000003,Barnet,5.865,29609,10,0.024,31818,10,0.024,31702,10,1.201,31787,10,-2.094,32671,10,-0.311,21188,7,27.802,8614,3,20.901,14624,5
264,E01000264,Barnet 016D,E09000003,Barnet,16.482,17488,6,0.116,14146,5,0.077,16955,6,5.608,26596,9,-1.209,30350,10,0.195,13598,5,30.864,6377,2,29.859,8899,3
265,E01000265,Barnet 011A,E09000003,Barnet,15.103,18822,6,0.126,12969,4,0.08,16377,5,6.251,25897,8,-0.774,26727,9,-0.357,21847,7,28.433,8086,3,21.211,14393,5
266,E01000266,Barnet 011B,E09000003,Barnet,8.023,27042,9,0.045,27414,9,0.031,30474,10,2.204,30659,10,-1.594,31967,10,0.572,8110,3,22.766,13452,5,20.379,14994,5
267,E01000267,Barnet 005A,E09000003,Barnet,12.75,21327,7,0.086,18565,6,0.057,22319,7,2.451,30360,10,-1.07,29372,9,-0.628,25397,8,33.384,4885,2,30.675,8426,3
268,E01000268,Barnet 005B,E09000003,Barnet,15.262,18670,6,0.148,10687,4,0.069,19000,6,8.957,22903,7,-1.026,29031,9,-0.132,18630,6,24.859,11269,4,22.772,13285,5
269,E01000269,Barnet 005C,E09000003,Barnet,10.434,23965,8,0.067,22236,7,0.047,25808,8,5.73,26465,9,-1.522,31764,10,0.173,13940,5,27.931,8504,3,22.356,13616,5
270,E01000270,Barnet 005D,E09000003,Barnet,11.98,22199,7,0.087,18355,6,0.069,19081,6,2.743,30040,10,-1.613,32015,10,0.109,15000,5,26.546,9672,3,21.073,14508,5
271,E01000271,Barnet 008A,E09000003,Barnet,6.648,28725,9,0.041,28349,9,0.034,29713,10,2.069,30811,10,-1.838,32452,10,-0.499,23780,8,29.726,7162,3,16.985,17600,6
272,E01000272,Barnet 008B,E09000003,Barnet,4.839,30661,10,0.03,30815,10,0.016,32508,10,1.163,31830,10,-1.587,31949,10,-0.007,16784,6,22.373,13878,5,14.362,19802,7
273,E01000273,Barnet 008C,E09000003,Barnet,14.148,19790,7,0.121,13572,5,0.083,15698,5,3.636,28957,9,-0.964,28539,9,-0.127,18549,6,25.776,10384,4,18.949,16080,5
274,E01000274,Barnet 011C,E09000003,Barnet,15.582,18373,6,0.126,12948,4,0.086,15095,5,7.751,24193,8,-0.901,27984,9,-0.061,17561,6,25.14,10967,4,22.706,13334,5
275,E01000275,Barnet 012A,E09000003,Barnet,13.504,20490,7,0.118,13890,5,0.063,20745,7,3.017,29716,10,-0.996,28792,9,-0.842,27720,9,36.715,3323,2,14.371,19792,7
276,E01000276,Barnet 020A,E09000003,Barnet,4.061,31443,10,0.027,31263,10,0.023,31878,10,0.771,32273,10,-2.082,32661,10,-1.275,30864,10,26.175,10019,4,13.428,20649,7
277,E01000277,Barnet 012B,E09000003,Barnet,18.23,15935,5,0.144,11081,4,0.106,11602,4,4.07,28453,9,-0.769,26671,9,-0.957,28752,9,36.343,3486,2,19.329,15787,5
278,E01000278,Barnet 020B,E09000003,Barnet,5.525,29998,10,0.033,30148,10,0.018,32414,10,0.964,32060,10,-1.831,32433,10,-1.202,30478,10,29.02,7633,3,21.104,14479,5
279,E01000279,Barnet 007C,E09000003,Barnet,8.956,25843,8,0.017,32440,10,0.017,32474,10,1.781,31123,10,-2.378,32783,10,0.538,8570,3,37.898,2872,1,12.864,21169,7
280,E01000280,Barnet 007D,E09000003,Barnet,3.958,31544,10,0.023,31895,10,0.03,30700,10,0.945,32085,10,-2.161,32712,10,-0.63,25425,8,21.565,14821,5,15.478,18824,6
281,E01000281,Barnet 008D,E09000003,Barnet,10.933,23416,8,0.081,19336,6,0.059,21750,7,6.189,25974,8,-0.996,28786,9,-0.177,19304,6,26.224,9960,4,18.025,16789,6
282,E01000282,Barnet 008E,E09000003,Barnet,8.582,26321,9,0.057,24495,8,0.045,26407,9,1.968,30925,10,-1.781,32352,10,0.194,13611,5,24.399,11718,4,21.335,14307,5
283,E01000283,Barnet 012C,E09000003,Barnet,4.647,30858,10,0.03,30868,10,0.019,32311,10,0.596,32446,10,-2.208,32727,10,-0.928,28510,9,28.055,8383,3,14.301,19864,7
284,E01000284,Barnet 012D,E09000003,Barnet,15.477,18467,6,0.136,11861,4,0.083,15680,5,5.239,27035,9,-0.698,25901,8,-0.094,18045,6,26.898,9370,3,17.659,17083,6
285,E01000285,Barnet 004A,E09000003,Barnet,15.134,18783,6,0.105,15593,5,0.082,15977,5,8.337,23595,8,-0.706,25983,8,0.22,13179,5,27.112,9160,3,17.854,16941,6
286,E01000286,Barnet 007E,E09000003,Barnet,23.897,11433,4,0.17,8775,3,0.119,9812,3,11.092,20812,7,-0.444,22693,7,0.64,7200,3,31.405,6025,2,23.41,12839,4
287,E01000287,Barnet 004B,E09000003,Barnet,22.723,12242,4,0.16,9601,3,0.104,11832,4,21.677,12759,4,-0.404,22171,7,0.314,11726,4,30.131,6871,3,22.608,13401,5
288,E01000288,Barnet 004C,E09000003,Barnet,13.041,21005,7,0.091,17775,6,0.065,20153,7,8.012,23923,8,-1.187,30211,10,0.101,15125,5,27.921,8510,3,21.62,14109,5
289,E01000289,Barnet 004D,E09000003,Barnet,38.33,4786,2,0.249,4091,2,0.17,5003,2,28.383,9238,3,-0.327,21072,7,0.693,6583,3,51.981,152,1,18.355,16547,6
290,E01000290,Barnet 007F,E09000003,Barnet,19.937,14405,5,0.12,13651,5,0.098,12905,4,10.938,20958,7,-0.714,26065,8,0.486,9251,3,38.416,2694,1,13.391,20685,7
291,E01000291,Barnet 004E,E09000003,Barnet,32.936,6697,3,0.23,4977,2,0.166,5288,2,25.657,10485,4,-0.267,20149,7,0.721,6270,2,38.957,2494,1,11.862,22109,7
292,E01000292,Barnet 001E,E09000003,Barnet,11.315,22974,7,0.079,19725,7,0.077,17108,6,3.672,28916,9,-1.209,30345,10,0.185,13764,5,20.499,16070,5,18.462,16462,6
293,E01000293,Barnet 001F,E09000003,Barnet,7.608,27550,9,0.06,23643,8,0.044,26644,9,1.381,31603,10,-1.409,31374,10,0.092,15240,5,18.942,17920,6,21.151,14440,5
294,E01000294,Barnet 004F,E09000003,Barnet,12.242,21893,7,0.093,17451,6,0.086,15044,5,2.224,30625,10,-0.295,20573,7,-1.003,29109,9,25.006,11108,4,12.621,21397,7
295,E01000295,Barnet 023B,E09000003,Barnet,13.306,20731,7,0.06,23730,8,0.056,22914,7,1.118,31886,10,-1.255,30624,10,0.492,9175,3,25.781,10380,4,41.739,3732,2
296,E01000296,Barnet 023C,E09000003,Barnet,12.11,22036,7,0.085,18623,6,0.053,23664,8,4.316,28145,9,-1.184,30194,10,0.231,13009,4,28.689,7899,3,23.002,13127,4
297,E01000297,Barnet 027D,E09000003,Barnet,9.009,25783,8,0.074,20617,7,0.044,26560,9,7.204,24800,8,-1.322,30976,10,-0.395,22390,7,24.197,11937,4,19.889,15374,5
298,E01000298,Barnet 023D,E09000003,Barnet,11.827,22372,7,0.094,17269,6,0.046,26166,8,1.708,31204,10,-1.449,31538,10,0.331,11476,4,26.444,9761,3,27.123,10460,4
299,E01000299,Barnet 019A,E09000003,Barnet,17.004,16989,6,0.119,13854,5,0.06,21404,7,2.994,29746,10,-0.639,25202,8,0.409,10309,4,26.429,9779,3,41.331,3851,2
300,E01000300,Barnet 019B,E09000003,Barnet,12.253,21880,7,0.097,16788,6,0.059,21876,7,3.089,29630,10,-0.681,25728,8,-0.181,19354,6,27.881,8538,3,21.835,13954,5
301,E01000301,Barnet 020C,E09000003,Barnet,7.059,28246,9,0.048,26564,9,0.048,25290,8,1.066,31950,10,-1.613,32019,10,-0.26,20484,7,21.836,14519,5,21.665,14074,5
302,E01000302,Barnet 019C,E09000003,Barnet,15.595,18360,6,0.129,12599,4,0.086,15064,5,6.762,25292,8,-0.724,26172,8,-0.287,20855,7,28.26,8217,3,18.501,16427,6
303,E01000303,Barnet 020D,E09000003,Barnet,6.805,28555,9,0.05,26128,8,0.032,30069,10,1.124,31875,10,-1.639,32083,10,-0.581,24865,8,31.613,5900,2,12.46,21551,7
304,E01000304,Barnet 020E,E09000003,Barnet,13.531,20455,7,0.087,18405,6,0.06,21451,7,4.188,28304,9,-0.637,25168,8,-0.642,25561,8,36.709,3328,2,23.302,12922,4
305,E01000305,Barnet 036B,E09000003,Barnet,27.857,9115,3,0.164,9250,3,0.117,10049,4,15.048,17322,6,-0.648,25317,8,0.481,9339,3,45.441,978,1,34.409,6512,2
306,E01000306,Barnet 036C,E09000003,Barnet,14.045,19906,7,0.075,20530,7,0.044,26653,9,13.002,19039,6,-0.947,28384,9,0.156,14218,5,32.814,5189,2,31.348,8081,3
307,E01000307,Barnet 039D,E09000003,Barnet,23.325,11835,4,0.147,10789,4,0.081,16027,5,18.495,14779,5,-1.017,28967,9,0.834,5064,2,35.276,3948,2,32.261,7576,3
308,E01000308,Barnet 036D,E09000003,Barnet,31.832,7151,3,0.204,6394,2,0.109,11234,4,25.938,10346,4,-0.535,23868,8,1.036,3251,1,42.403,1563,1,31.921,7763,3
309,E01000309,Barnet 031D,E09000003,Barnet,13.899,20046,7,0.09,17904,6,0.059,21812,7,3.428,29214,9,-1.603,31992,10,-0.061,17570,6,36.538,3397,2,26.827,10666,4
310,E01000310,Barnet 034C,E09000003,Barnet,19.223,15067,5,0.108,15185,5,0.064,20489,7,14.199,17988,6,-0.751,26473,9,0.28,12245,4,41.658,1741,1,28.117,9884,4
311,E01000311,Barnet 034D,E09000003,Barnet,11.072,23246,8,0.043,27778,9,0.053,23824,8,1.966,30927,10,-1.843,32457,10,0.539,8559,3,26.841,9425,3,31.631,7921,3
312,E01000312,Barnet 036E,E09000003,Barnet,24.927,10806,4,0.151,10365,4,0.096,13246,5,9.643,22228,7,-0.25,19872,7,-0.218,19877,7,54.472,74,1,21.426,14245,5
313,E01000313,Barnet 036F,E09000003,Barnet,19.932,14409,5,0.115,14288,5,0.076,17359,6,11.933,20002,7,-0.586,24532,8,0.188,13714,5,40.221,2132,1,30.047,8780,3
314,E01000314,Barnet 032F,E09000003,Barnet,10.677,23679,8,0.055,24826,8,0.035,29412,9,2.835,29944,10,-1.415,31396,10,0.599,7767,3,29.239,7481,3,25.473,11495,4
315,E01000315,Barnet 022F,E09000003,Barnet,32.727,6785,3,0.239,4566,2,0.163,5523,2,23.302,11724,4,-0.325,21044,7,0.821,5205,2,34.64,4247,2,19.208,15883,5
316,E01000316,Barnet 027E,E09000003,Barnet,19.874,14454,5,0.138,11715,4,0.079,16565,6,3.672,28917,9,-1.038,29122,9,0.761,5821,2,33.719,4716,2,30.861,8336,3
317,E01000317,Barnet 019D,E09000003,Barnet,10.85,23497,8,0.098,16656,6,0.054,23551,8,2.406,30410,10,-1.149,29939,10,-0.216,19851,7,25.353,10792,4,21.911,13906,5
318,E01000318,Barnet 019E,E09000003,Barnet,14.711,19218,6,0.12,13697,5,0.056,22639,7,3.402,29257,9,-1.163,30051,10,0.621,7427,3,25.899,10262,4,25.854,11255,4
319,E01000319,Barnet 027F,E09000003,Barnet,9.915,24628,8,0.076,20211,7,0.046,25969,8,1.877,31025,10,-1.324,30986,10,0.193,13627,5,24.253,11883,4,23.027,13111,4
320,E01000320,Barnet 011D,E09000003,Barnet,8.719,26150,8,0.077,20039,7,0.039,28211,9,1.303,31681,10,-1.78,32351,10,-0.389,22301,7,28.257,8220,3,19.714,15507,5
321,E01000321,Barnet 012E,E09000003,Barnet,14.405,19535,6,0.104,15777,5,0.077,16894,6,4.408,28027,9,-1.081,29450,9,-0.071,17704,6,25.102,11004,4,31.229,8141,3
322,E01000322,Barnet 011E,E09000003,Barnet,14.866,19048,6,0.124,13250,5,0.078,16695,6,2.411,30405,10,-1.241,30547,10,-0.254,20406,7,27.666,8706,3,28.924,9423,3
323,E01000323,Barnet 019F,E09000003,Barnet,18.834,15389,5,0.118,13911,5,0.078,16753,6,4.866,27466,9,-0.482,23165,8,0.644,7155,3,27.802,8612,3,35.376,6070,2
324,E01000324,Barnet 015F,E09000003,Barnet,13.755,20202,7,0.094,17223,6,0.075,17485,6,4.525,27875,9,-0.569,24311,8,0.198,13541,5,24.585,11546,4,21.96,13878,5
325,E01033572,Barnet 030E,E09000003,Barnet,22.191,12628,4,0.17,8806,3,0.084,15441,5,11.482,20438,7,-0.774,26729,9,0.302,11911,4,36.003,3640,2,32.152,7636,3
326,E01033573,Barnet 030F,E09000003,Barnet,17.932,16181,5,0.082,19181,6,0.038,28357,9,4.998,27297,9,-1.672,32156,10,-0.434,22880,7,45.751,931,1,53.327,1391,1
327,E01000325,Bexley 014A,E09000004,Bexley,5.875,29599,10,0.039,28876,9,0.035,29315,9,11.501,20414,7,-1.385,31283,10,-0.419,22680,7,18.379,18640,6,14.375,19790,7
328,E01000326,Bexley 014B,E09000004,Bexley,11.973,22206,7,0.053,25513,8,0.038,28337,9,16.265,16357,5,-1.095,29568,10,-0.091,17994,6,32.998,5076,2,26.995,10548,4
329,E01000327,Bexley 017A,E09000004,Bexley,7.68,27457,9,0.043,27897,9,0.045,26454,9,11.786,20161,7,-0.737,26329,9,-0.238,20173,7,19.191,17632,6,16.278,18173,6
330,E01000328,Bexley 017B,E09000004,Bexley,11.404,22853,7,0.05,26223,8,0.049,25006,8,17.211,15660,5,-0.693,25850,8,0.714,6346,2,20.362,16221,5,13.589,20507,7
331,E01000329,Bexley 017C,E09000004,Bexley,15.875,18060,6,0.097,16771,6,0.075,17475,6,20.584,13408,5,-0.916,28111,9,0.401,10434,4,23.933,12214,4,19.845,15410,5
332,E01000330,Bexley 017D,E09000004,Bexley,17.867,16254,5,0.112,14673,5,0.087,14920,5,13.023,19022,6,-0.107,17671,6,-0.24,20196,7,24.574,11557,4,31.997,7716,3
333,E01000331,Bexley 017E,E09000004,Bexley,28.281,8888,3,0.151,10446,4,0.137,7741,3,33.267,7354,3,-0.004,16081,5,0.312,11762,4,36.033,3621,2,22.699,13336,5
334,E01000332,Bexley 005A,E09000004,Bexley,16.091,17857,6,0.106,15441,5,0.078,16767,6,16.749,16002,5,-0.815,27166,9,0.407,10338,4,20.316,16266,5,25.33,11560,4
335,E01000333,Bexley 003A,E09000004,Bexley,25.871,10270,4,0.167,9048,3,0.126,8944,3,34.467,6955,3,0.056,15132,5,0.197,13568,5,23.342,12832,4,23.367,12870,4
336,E01000334,Bexley 006A,E09000004,Bexley,12.987,21066,7,0.08,19545,6,0.063,20681,7,20.914,13195,5,-0.772,26706,9,-0.315,21251,7,27.128,9142,3,13.728,20383,7
337,E01000335,Bexley 003B,E09000004,Bexley,31.73,7186,3,0.16,9659,3,0.095,13444,5,37.431,6072,2,-0.457,22863,7,0.732,6157,2,50.822,230,1,31.915,7765,3
338,E01000336,Bexley 003C,E09000004,Bexley,31.362,7373,3,0.222,5380,2,0.137,7733,3,24.927,10872,4,-0.129,18041,6,0.386,10661,4,38.468,2670,1,27.661,10154,4
339,E01000337,Bexley 003D,E09000004,Bexley,19.57,14747,5,0.165,9209,3,0.093,13780,5,15.541,16945,6,-0.715,26075,8,0.035,16148,5,26.767,9494,3,23.293,12930,4
340,E01000338,Bexley 003E,E09000004,Bexley,18.89,15333,5,0.123,13351,5,0.07,18643,6,17.74,15311,5,-0.261,20061,7,0.267,12430,4,26.9,9368,3,31.707,7874,3
341,E01000339,Bexley 025A,E09000004,Bexley,16.3,17653,6,0.109,15060,5,0.099,12796,4,23.223,11779,4,-0.302,20683,7,-0.154,18952,6,16.828,20648,7,12.707,21316,7
342,E01000340,Bexley 018A,E09000004,Bexley,12.831,21230,7,0.074,20657,7,0.044,26809,9,19.776,13894,5,-0.481,23155,8,-0.614,25249,8,27.236,9042,3,28.127,9878,4
343,E01000341,Bexley 022A,E09000004,Bexley,8.884,25941,8,0.062,23147,8,0.057,22462,7,14.854,17456,6,-0.807,27073,9,-0.623,25349,8,15.877,21834,7,16.246,18202,6
344,E01000342,Bexley 022B,E09000004,Bexley,8.918,25891,8,0.035,29792,10,0.041,27700,9,17.66,15355,5,-1.001,28826,9,-0.158,19002,6,21.444,14959,5,24.005,12418,4
345,E01000343,Bexley 022C,E09000004,Bexley,8.347,26633,9,0.055,25020,8,0.049,25165,8,15.982,16598,6,-0.922,28161,9,-0.474,23424,8,15.963,21731,7,18.648,16313,5
346,E01000344,Bexley 025B,E09000004,Bexley,6.105,29332,9,0.034,29905,10,0.042,27417,9,12.306,19658,6,-0.703,25951,8,-0.513,23973,8,15.548,22294,7,13.015,21032,7
347,E01000345,Bexley 022D,E09000004,Bexley,6.252,29145,9,0.041,28373,9,0.033,29876,10,12.598,19400,6,-0.778,26773,9,-0.71,26326,9,16.663,20854,7,17.59,17141,6
348,E01000346,Bexley 021A,E09000004,Bexley,9.662,24927,8,0.053,25361,8,0.051,24419,8,15.303,17124,6,-0.759,26563,9,-0.023,17038,6,14.693,23408,8,24.63,12007,4
349,E01000347,Bexley 021B,E09000004,Bexley,11.175,23128,8,0.077,20119,7,0.04,27847,9,22.953,11936,4,-0.584,24499,8,-0.483,23527,8,19.19,17633,6,22.451,13525,5
350,E01000348,Bexley 020A,E09000004,Bexley,4.979,30525,10,0.02,32274,10,0.032,30136,10,12.641,19364,6,-1.292,30818,10,-0.66,25763,8,17.301,20055,7,14.633,19535,6
351,E01000349,Bexley 020B,E09000004,Bexley,7.459,27736,9,0.048,26709,9,0.034,29537,9,9.743,22107,7,-1.158,30003,10,-0.813,27447,9,27.531,8807,3,16.379,18075,6
352,E01000350,Bexley 021C,E09000004,Bexley,7.89,27197,9,0.046,27061,9,0.034,29517,9,17.944,15173,5,-0.832,27312,9,-0.577,24819,8,18.184,18885,6,20.794,14698,5
353,E01000351,Bexley 024A,E09000004,Bexley,7.587,27580,9,0.05,26277,9,0.039,28180,9,16.4,16270,5,-1.138,29869,10,-0.687,26087,8,22.757,13465,5,12.409,21603,7
354,E01000352,Bexley 021D,E09000004,Bexley,14.763,19159,6,0.099,16410,5,0.061,21189,7,21.656,12768,4,-0.728,26213,8,-0.116,18379,6,24.688,11441,4,23.87,12508,4
355,E01000353,Bexley 011A,E09000004,Bexley,5.202,30316,10,0.046,27233,9,0.034,29701,10,9.686,22175,7,-1.378,31256,10,-0.353,21791,7,11.135,27485,9,15.115,19094,6
356,E01000354,Bexley 011B,E09000004,Bexley,21.316,13302,5,0.143,11183,4,0.123,9377,3,23.867,11413,4,-0.054,16840,6,-0.667,25839,8,23.683,12455,4,21.561,14139,5
357,E01000355,Bexley 011C,E09000004,Bexley,8.189,26842,9,0.039,28876,9,0.047,25703,8,16.778,15981,5,-0.741,26368,9,-0.346,21680,7,18.053,19061,6,17.91,16893,6
358,E01000356,Bexley 009A,E09000004,Bexley,7.94,27128,9,0.052,25543,8,0.063,20669,7,12.733,19283,6,-0.915,28103,9,-0.507,23903,8,12.146,26407,9,14.394,19772,7
359,E01000357,Bexley 009B,E09000004,Bexley,4.079,31429,10,0.02,32193,10,0.027,31275,10,11.965,19967,7,-1.286,30783,10,-0.704,26262,8,11.932,26637,9,14.658,19514,6
360,E01000358,Bexley 011D,E09000004,Bexley,6.15,29282,9,0.046,27044,9,0.039,28165,9,12.017,19916,7,-1.075,29404,9,-0.75,26791,9,15.424,22452,7,16.626,17887,6
361,E01000359,Bexley 009C,E09000004,Bexley,6.167,29254,9,0.044,27743,9,0.041,27573,9,10.117,21706,7,-1.244,30561,10,-0.859,27876,9,18.998,17862,6,16.885,17686,6
362,E01000360,Bexley 015A,E09000004,Bexley,18.65,15534,5,0.109,15126,5,0.08,16221,5,7.884,24063,8,0.031,15529,5,0.373,10835,4,26.11,10077,4,32.745,7322,3
363,E01000361,Bexley 020C,E09000004,Bexley,11.27,23027,8,0.075,20428,7,0.062,20974,7,13.448,18642,6,-0.882,27815,9,-0.362,21920,7,23.02,13183,5,19.662,15551,5
364,E01000362,Bexley 015B,E09000004,Bexley,12.63,21457,7,0.074,20734,7,0.056,22728,7,13.386,18691,6,-0.903,27999,9,0.499,9089,3,22.3,13969,5,21.256,14361,5
365,E01000363,Bexley 020D,E09000004,Bexley,9.306,25379,8,0.057,24566,8,0.054,23463,8,9.685,22178,7,-0.759,26560,9,-0.454,23169,8,21.287,15165,5,22.855,13226,5
366,E01000364,Bexley 023A,E09000004,Bexley,12.692,21389,7,0.073,20925,7,0.054,23497,8,12.906,19119,6,-0.489,23280,8,-0.486,23577,8,29.325,7419,3,25.496,11479,4
367,E01000365,Bexley 015C,E09000004,Bexley,14.39,19555,6,0.092,17540,6,0.06,21601,7,9.92,21909,7,-0.431,22519,7,0.595,7808,3,21.687,14677,5,23.711,12626,4
368,E01000366,Bexley 015D,E09000004,Bexley,9.865,24683,8,0.087,18305,6,0.055,23239,8,8.745,23145,8,-0.838,27379,9,-0.233,20105,7,17.292,20065,7,18.271,16598,6
369,E01000367,Bexley 010A,E09000004,Bexley,30.905,7599,3,0.205,6346,2,0.165,5354,2,36.267,6357,2,-0.195,19056,6,0.237,12910,4,33.023,5063,2,15.912,18496,6
370,E01000368,Bexley 010B,E09000004,Bexley,33.932,6298,2,0.237,4643,2,0.16,5709,2,44.364,4316,2,-0.015,16226,5,-0.146,18825,6,37.57,2987,1,16.009,18421,6
371,E01000369,Bexley 014C,E09000004,Bexley,14.638,19297,6,0.098,16627,6,0.082,15794,5,21.126,13058,4,-0.567,24292,8,-0.226,19994,7,17.199,20181,7,20.593,14829,5
372,E01000370,Bexley 014D,E09000004,Bexley,11.364,22899,7,0.074,20618,7,0.072,18366,6,14.165,18016,6,-0.682,25739,8,-0.706,26283,9,21.068,15420,5,17.969,16834,6
373,E01000371,Bexley 014E,E09000004,Bexley,8.174,26858,9,0.053,25386,8,0.039,28189,9,13.957,18199,6,-0.965,28547,9,-0.624,25355,8,23.936,12209,4,16.171,18266,6
374,E01000372,Bexley 010C,E09000004,Bexley,29.915,8063,3,0.197,6844,3,0.164,5398,2,30.801,8262,3,0.357,10897,4,-0.117,18397,6,26.36,9845,3,21.727,14023,5
375,E01000373,Bexley 008A,E09000004,Bexley,29.344,8331,3,0.135,11999,4,0.106,11637,4,37.08,6169,2,0.174,13403,5,0.578,8019,3,46.339,832,1,17.05,17546,6
376,E01000374,Bexley 019A,E09000004,Bexley,42.38,3624,2,0.241,4464,2,0.205,2883,1,48.486,3515,2,0.69,6984,3,0.056,15795,5,37.794,2904,1,30.276,8643,3
377,E01000375,Bexley 019B,E09000004,Bexley,18.295,15879,5,0.112,14696,5,0.085,15158,5,26.088,10273,4,-0.393,22035,7,0.066,15655,5,20.731,15796,5,27.738,10116,4
378,E01000376,Bexley 019C,E09000004,Bexley,16.232,17727,6,0.083,18994,6,0.058,22035,7,17.181,15680,5,-0.26,20021,7,0.727,6213,2,21.867,14484,5,27.96,9979,4
379,E01000377,Bexley 019D,E09000004,Bexley,12.286,21848,7,0.064,22769,7,0.071,18553,6,16.399,16273,5,-0.888,27872,9,0.142,14443,5,23.725,12414,4,14.852,19348,6
380,E01000378,Bexley 019E,E09000004,Bexley,21.241,13369,5,0.123,13316,5,0.095,13445,5,21.688,12751,4,-0.211,19297,6,0.181,13833,5,30.105,6896,3,28.836,9478,3
381,E01000379,Bexley 019F,E09000004,Bexley,18.601,15579,5,0.122,13481,5,0.075,17457,6,23.517,11604,4,-0.573,24356,8,0.254,12668,4,24.86,11268,4,28.683,9569,3
382,E01000380,Bexley 010D,E09000004,Bexley,23.317,11840,4,0.134,12113,4,0.087,14886,5,30.464,8378,3,-0.259,20017,7,-0.771,27014,9,47.069,699,1,13.297,20786,7
383,E01000381,Bexley 028A,E09000004,Bexley,27.812,9141,3,0.149,10591,4,0.129,8681,3,27.77,9493,3,-0.036,16553,6,-0.079,17832,6,44.107,1221,1,22.274,13672,5
384,E01000382,Bexley 027A,E09000004,Bexley,6.444,28932,9,0.033,30202,10,0.037,28879,9,6.073,26093,8,-1.105,29621,10,-0.685,26050,8,29.39,7381,3,10.99,23013,8
385,E01000383,Bexley 028B,E09000004,Bexley,21.082,13501,5,0.101,16241,5,0.085,15264,5,19.715,13929,5,-0.35,21461,7,0.989,3616,2,33.052,5045,2,17.296,17368,6
386,E01000384,Bexley 027B,E09000004,Bexley,12.076,22083,7,0.096,16936,6,0.053,23840,8,9.625,22241,7,-0.742,26374,9,-0.253,20396,7,22.275,13998,5,27.452,10283,4
387,E01000385,Bexley 028C,E09000004,Bexley,32.32,6958,3,0.22,5550,2,0.136,7871,3,32.616,7580,3,0.563,8367,3,0.219,13208,5,34.66,4236,2,19.851,15405,5
388,E01000386,Bexley 028D,E09000004,Bexley,41.618,3835,2,0.253,3904,2,0.195,3386,2,40.72,5188,2,0.897,5077,2,0.336,11388,4,36.791,3276,1,22.337,13632,5
389,E01000387,Bexley 027C,E09000004,Bexley,12.348,21777,7,0.066,22375,7,0.067,19607,6,10.449,21410,7,-0.773,26716,9,-0.156,18973,6,33.06,5044,2,11.659,22313,7
390,E01000388,Bexley 016A,E09000004,Bexley,10.762,23585,8,0.07,21554,7,0.056,22645,7,13.402,18682,6,-0.924,28181,9,0.288,12129,4,16.66,20859,7,18.881,16136,5
391,E01000389,Bexley 020E,E09000004,Bexley,11.233,23070,8,0.082,19233,6,0.057,22297,7,11.196,20716,7,-1.107,29651,10,0.066,15658,5,24.705,11425,4,14.27,19892,7
392,E01000390,Bexley 020F,E09000004,Bexley,10.167,24292,8,0.056,24711,8,0.044,26748,9,14.297,17902,6,-0.457,22867,7,-0.085,17907,6,22.19,14106,5,20.569,14848,5
393,E01000391,Bexley 021E,E09000004,Bexley,13.901,20043,7,0.085,18666,6,0.068,19445,6,22.158,12434,4,-0.908,28045,9,-0.304,21106,7,22.714,13515,5,24.914,11836,4
394,E01000392,Bexley 016B,E09000004,Bexley,22.909,12119,4,0.154,10102,4,0.092,13977,5,23.61,11558,4,-0.062,16975,6,-0.219,19900,7,31.201,6159,2,31.407,8053,3
395,E01000393,Bexley 020G,E09000004,Bexley,9.166,25584,8,0.046,27079,9,0.039,28146,9,10.425,21433,7,-0.883,27829,9,0.03,16221,5,19.378,17416,6,30.198,8692,3
396,E01000394,Bexley 015E,E09000004,Bexley,9.317,25359,8,0.075,20591,7,0.052,24168,8,7.925,24034,8,-0.63,25082,8,-0.444,23040,8,21.591,14793,5,15.564,18759,6
397,E01000395,Bexley 018B,E09000004,Bexley,5.03,30471,10,0.031,30614,10,0.03,30662,10,9.871,21972,7,-0.966,28552,9,-0.92,28429,9,17.101,20314,7,17.388,17297,6
398,E01000396,Bexley 018C,E09000004,Bexley,8.072,26986,9,0.046,27033,9,0.038,28391,9,12.869,19145,6,-0.554,24118,8,-1.064,29577,10,20.97,15541,5,23.289,12931,4
399,E01000398,Bexley 029A,E09000004,Bexley,20.001,14343,5,0.119,13764,5,0.106,11619,4,33.033,7431,3,-0.448,22736,7,-0.882,28072,9,27.601,8762,3,20.399,14975,5
400,E01000399,Bexley 029B,E09000004,Bexley,9.101,25650,8,0.047,26975,9,0.043,27007,9,20.401,13539,5,-1.177,30155,10,-0.452,23144,8,20.766,15753,5,22.475,13500,5
401,E01000400,Bexley 029C,E09000004,Bexley,14.705,19222,6,0.093,17500,6,0.09,14351,5,17.028,15795,5,-0.656,25420,8,-0.419,22683,7,17.692,19532,6,27.399,10311,4
402,E01000401,Bexley 013A,E09000004,Bexley,21.111,13478,5,0.14,11402,4,0.097,13138,5,26.036,10305,4,-0.017,16258,5,-0.318,21288,7,25.536,10630,4,25.429,11508,4
403,E01000402,Bexley 005B,E09000004,Bexley,23.537,11661,4,0.159,9683,3,0.106,11589,4,21.148,13047,4,-0.249,19848,7,0.336,11406,4,33.431,4861,2,20.091,15210,5
404,E01000403,Bexley 004A,E09000004,Bexley,29.529,8247,3,0.198,6803,3,0.123,9269,3,22.344,12324,4,-0.18,18842,6,1.236,2054,1,33.367,4897,2,14.797,19398,6
405,E01000404,Bexley 004B,E09000004,Bexley,30.082,7988,3,0.22,5513,2,0.126,9014,3,23.039,11880,4,0.148,13754,5,0.508,8973,3,37.505,3017,1,17.527,17187,6
406,E01000405,Bexley 004C,E09000004,Bexley,28.889,8556,3,0.175,8393,3,0.113,10567,4,21.194,13027,4,0.175,13397,5,0.393,10551,4,39.923,2209,1,31.647,7916,3
407,E01000406,Bexley 005C,E09000004,Bexley,23.276,11865,4,0.15,10525,4,0.084,15402,5,20.805,13265,5,-0.179,18819,6,0.633,7299,3,33.11,5018,2,25.805,11289,4
408,E01000407,Bexley 005D,E09000004,Bexley,14.648,19290,6,0.096,16991,6,0.069,18927,6,19.482,14097,5,-0.606,24785,8,-0.239,20189,7,20.98,15531,5,27.796,10078,4
409,E01000408,Bexley 004D,E09000004,Bexley,23.784,11511,4,0.18,8051,3,0.102,12227,4,22.216,12404,4,-0.075,17183,6,0.351,11149,4,22.572,13676,5,29.548,9075,3
410,E01000409,Bexley 016C,E09000004,Bexley,5.938,29535,9,0.036,29497,9,0.039,28096,9,17.739,15313,5,-1.249,30594,10,-1.23,30627,10,15.839,21886,7,14.198,19945,7
411,E01000410,Bexley 018D,E09000004,Bexley,7.496,27698,9,0.034,30071,10,0.031,30490,10,15.232,17174,6,-0.804,27041,9,-0.148,18861,6,20.11,16515,6,18.793,16201,5
412,E01000411,Bexley 016D,E09000004,Bexley,9.621,24984,8,0.055,24914,8,0.045,26205,8,18.064,15095,5,-0.831,27296,9,-0.407,22532,7,18.704,18229,6,24.538,12065,4
413,E01000412,Bexley 018E,E09000004,Bexley,8.605,26294,9,0.037,29200,9,0.037,28764,9,13.642,18470,6,-0.87,27712,9,-0.567,24683,8,28.195,8267,3,19.754,15478,5
414,E01000413,Bexley 018F,E09000004,Bexley,10.974,23374,8,0.061,23481,8,0.048,25444,8,23.404,11670,4,-0.845,27456,9,-0.133,18643,6,20.965,15545,5,19.08,15980,5
415,E01000414,Bexley 016E,E09000004,Bexley,13.631,20333,7,0.092,17554,6,0.052,24008,8,12.568,19437,6,-0.966,28556,9,0.472,9448,3,20.599,15940,5,29.738,8969,3
416,E01000415,Bexley 016F,E09000004,Bexley,6.236,29162,9,0.039,28947,9,0.035,29361,9,14.993,17362,6,-1.211,30356,10,-0.244,20251,7,14.663,23456,8,14.797,19400,6
417,E01000416,Bexley 002A,E09000004,Bexley,25.261,10611,4,0.168,8939,3,0.11,11067,4,16.656,16073,5,-0.361,21601,7,1.066,3017,1,32.585,5338,2,15.171,19051,6
418,E01000417,Bexley 006B,E09000004,Bexley,19.563,14752,5,0.112,14698,5,0.083,15673,5,17.267,15623,5,-0.351,21466,7,0.255,12640,4,35.737,3754,2,21.216,14389,5
419,E01000418,Bexley 002B,E09000004,Bexley,18.667,15526,5,0.133,12222,4,0.061,21350,7,18.214,14980,5,-0.624,25008,8,0.094,15209,5,37.213,3127,1,22.374,13600,5
420,E01000419,Bexley 006C,E09000004,Bexley,8.707,26164,8,0.049,26330,9,0.045,26399,9,12.155,19802,7,-0.777,26760,9,-0.439,22967,7,23.046,13156,5,20.176,15150,5
421,E01000420,Bexley 006D,E09000004,Bexley,11.155,23155,8,0.073,20887,7,0.061,21236,7,22.13,12451,4,-0.76,26570,9,-0.463,23267,8,18.607,18351,6,14.547,19605,6
422,E01000421,Bexley 009D,E09000004,Bexley,7.222,28043,9,0.04,28513,9,0.049,25161,8,9.262,22611,7,-0.614,24878,8,-0.69,26116,8,21.332,15095,5,14.052,20068,7
423,E01000422,Bexley 002C,E09000004,Bexley,35.949,5556,2,0.277,2952,1,0.159,5771,2,21.499,12851,4,0.029,15567,5,0.694,6578,3,42.826,1460,1,11.804,22167,7
424,E01000423,Bexley 025C,E09000004,Bexley,5.619,29890,10,0.042,28011,9,0.037,28631,9,10.341,21509,7,-1.349,31110,10,-0.95,28696,9,16.025,21643,7,18.795,16199,5
425,E01000424,Bexley 026A,E09000004,Bexley,6.789,28573,9,0.04,28623,9,0.032,30066,10,4.241,28240,9,-1.336,31046,10,-0.144,18792,6,17.836,19353,6,29.816,8923,3
426,E01000425,Bexley 025D,E09000004,Bexley,6.454,28921,9,0.041,28242,9,0.039,28237,9,8.465,23440,8,-0.545,23986,8,-1.388,31390,10,23.716,12422,4,11.394,22580,7
427,E01000426,Bexley 026B,E09000004,Bexley,10.343,24090,8,0.077,20158,7,0.042,27287,9,11.211,20705,7,-0.843,27434,9,-0.896,28205,9,23.027,13180,5,29.847,8907,3
428,E01000427,Bexley 026C,E09000004,Bexley,12.878,21182,7,0.086,18478,6,0.072,18238,6,12.821,19191,6,-0.936,28280,9,-0.466,23319,8,27.715,8676,3,17.632,17109,6
429,E01000428,Bexley 027D,E09000004,Bexley,23.903,11429,4,0.153,10238,4,0.094,13516,5,20.885,13210,5,0.369,10735,4,0.2,13499,5,34.46,4337,2,17.261,17386,6
430,E01000429,Bexley 008B,E09000004,Bexley,42.524,3591,2,0.257,3725,2,0.187,3836,2,30.708,8290,3,0.498,9119,3,0.827,5145,2,49.187,429,1,18.42,16491,6
431,E01000430,Bexley 008C,E09000004,Bexley,16.489,17477,6,0.128,12720,4,0.081,16165,5,14.003,18163,6,-0.594,24645,8,-0.42,22692,7,34.21,4474,2,8.52,25612,8
432,E01000431,Bexley 008D,E09000004,Bexley,36.113,5493,2,0.256,3783,2,0.161,5651,2,30.508,8362,3,0.225,12705,4,0.452,9741,3,40.702,1994,1,18.596,16359,5
433,E01000432,Bexley 008E,E09000004,Bexley,24.386,11135,4,0.165,9239,3,0.111,10963,4,27.648,9543,3,-0.08,17269,6,0.377,10773,4,29.349,7401,3,17.061,17535,6
434,E01000433,Bexley 008F,E09000004,Bexley,35.521,5702,2,0.224,5321,2,0.162,5553,2,28.709,9099,3,0.601,7917,3,0.684,6682,3,36.153,3559,2,19.367,15764,5
435,E01000434,Bexley 008G,E09000004,Bexley,38.229,4809,2,0.239,4547,2,0.18,4318,2,52.524,2803,1,0.629,7618,3,-0.15,18891,6,34.138,4507,2,18.222,16635,6
436,E01000435,Bexley 010E,E09000004,Bexley,31.181,7461,3,0.205,6342,2,0.123,9333,3,32.203,7738,3,-0.158,18513,6,0.615,7513,3,41.706,1726,1,19.646,15564,5
437,E01000436,Bexley 011E,E09000004,Bexley,5.016,30492,10,0.037,29271,9,0.039,28291,9,13.009,19031,6,-1.169,30098,10,-1.501,31786,10,13.039,25352,8,14.9,19294,6
438,E01000437,Bexley 007A,E09000004,Bexley,13.671,20296,7,0.089,18119,6,0.066,19751,7,19.26,14217,5,-0.314,20868,7,-0.051,17446,6,20.571,15974,5,16.685,17833,6
439,E01000438,Bexley 007B,E09000004,Bexley,14.031,19919,7,0.09,17944,6,0.056,22861,7,23.391,11678,4,-0.719,26117,8,0.023,16334,5,20.997,15504,5,25.78,11304,4
440,E01000439,Bexley 007C,E09000004,Bexley,23.787,11510,4,0.157,9846,3,0.116,10185,4,28.584,9150,3,-0.385,21925,7,0.502,9062,3,20.007,16645,6,28.788,9522,3
441,E01000440,Bexley 007D,E09000004,Bexley,7.749,27367,9,0.037,29430,9,0.046,26100,8,20.482,13482,5,-1.398,31334,10,-0.327,21428,7,16.176,21449,7,17.621,17119,6
442,E01000441,Bexley 007E,E09000004,Bexley,29.024,8484,3,0.215,5791,2,0.136,7866,3,31.82,7879,3,0.227,12684,4,0.393,10560,4,25.151,10957,4,16.815,17738,6
443,E01000442,Bexley 006E,E09000004,Bexley,13.895,20054,7,0.093,17393,6,0.078,16716,6,22.117,12459,4,-0.759,26565,9,-0.658,25746,8,21.88,14464,5,17.986,16822,6
444,E01000443,Bexley 024B,E09000004,Bexley,18.208,15949,5,0.1,16335,5,0.1,12544,4,17.594,15400,5,-0.033,16511,6,-0.344,21652,7,26.372,9834,3,23.621,12696,4
445,E01000444,Bexley 023B,E09000004,Bexley,6.832,28530,9,0.029,30995,10,0.043,27080,9,5.754,26437,9,-1.493,31680,10,-0.179,19335,6,26.486,9722,3,14.944,19257,6
446,E01000445,Bexley 024C,E09000004,Bexley,5.791,29687,10,0.032,30446,10,0.031,30436,10,11.348,20565,7,-1.253,30615,10,-0.474,23408,8,22.305,13961,5,12.192,21800,7
447,E01000446,Bexley 024D,E09000004,Bexley,6.243,29153,9,0.037,29208,9,0.035,29392,9,12.405,19571,6,-0.71,26028,8,-0.645,25590,8,15.506,22351,7,18.44,16476,6
448,E01000447,Bexley 023C,E09000004,Bexley,10.353,24076,8,0.071,21392,7,0.047,25594,8,6.153,26012,8,-0.727,26209,8,0.31,11787,4,19.879,16796,6,23.184,12996,4
449,E01000448,Bexley 023D,E09000004,Bexley,3.171,32132,10,0.026,31421,10,0.028,30971,10,3.883,28670,9,-1.029,29057,9,-0.708,26298,9,13.282,25074,8,11.678,22292,7
450,E01000449,Bexley 023E,E09000004,Bexley,5.445,30072,10,0.028,31130,10,0.034,29573,10,4.298,28169,9,-0.824,27245,9,0.164,14104,5,15.363,22531,7,13.959,20148,7
451,E01000450,Bexley 009E,E09000004,Bexley,18.048,16089,5,0.123,13350,5,0.103,11969,4,19.042,14365,5,-0.456,22844,7,-0.121,18452,6,25.716,10442,4,15.171,19052,6
452,E01000451,Bexley 009F,E09000004,Bexley,7.498,27695,9,0.043,27792,9,0.038,28559,9,17.165,15690,5,-0.978,28641,9,-0.735,26630,9,18.542,18442,6,20.03,15268,5
453,E01000452,Bexley 009G,E09000004,Bexley,7.478,27715,9,0.056,24703,8,0.042,27354,9,14.166,18014,6,-0.962,28518,9,-0.803,27330,9,15.224,22717,7,20.561,14858,5
454,E01000453,Bexley 013B,E09000004,Bexley,8.045,27021,9,0.052,25593,8,0.041,27718,9,19.152,14292,5,-1.101,29599,10,-0.491,23648,8,14.788,23306,8,20.351,15019,5
455,E01000454,Bexley 013C,E09000004,Bexley,18.58,15605,5,0.116,14201,5,0.09,14336,5,23.051,11871,4,-0.291,20505,7,0.245,12800,4,22.405,13843,5,22.02,13839,5
456,E01000455,Bexley 013D,E09000004,Bexley,8.188,26845,9,0.049,26465,9,0.043,26843,9,15.974,16605,6,-0.887,27861,9,-0.279,20745,7,16.22,21397,7,20.012,15283,5
457,E01000456,Bexley 013E,E09000004,Bexley,6.115,29319,9,0.039,28810,9,0.041,27598,9,12.419,19558,6,-1.267,30688,10,-0.868,27958,9,16.809,20681,7,18.498,16429,6
458,E01000457,Bexley 026D,E09000004,Bexley,12.09,22056,7,0.081,19290,6,0.049,24996,8,13.122,18929,6,-0.47,23014,8,0.042,16014,5,24.27,11859,4,19.804,15445,5
459,E01000458,Bexley 027E,E09000004,Bexley,5.631,29877,10,0.046,27089,9,0.032,30035,10,4.795,27557,9,-0.809,27098,9,-0.833,27624,9,23.137,13058,4,11.176,22803,7
460,E01000459,Bexley 027F,E09000004,Bexley,14.438,19511,6,0.121,13593,5,0.077,16908,6,10.295,21552,7,-0.455,22835,7,-0.176,19290,6,23.98,12162,4,13.645,20454,7
461,E01000460,Bexley 022E,E09000004,Bexley,5.115,30405,10,0.034,30034,10,0.031,30271,10,8.071,23869,8,-1.412,31380,10,-0.744,26724,9,24.722,11414,4,8.031,26137,8
462,E01000461,Bexley 024E,E09000004,Bexley,7.086,28207,9,0.037,29233,9,0.035,29258,9,8.647,23255,8,-1.506,31722,10,-0.217,19870,7,27.514,8827,3,13.09,20963,7
463,E01000462,Bexley 026E,E09000004,Bexley,14.326,19613,6,0.101,16222,5,0.06,21635,7,13.872,18275,6,-0.471,23026,8,-0.455,23182,8,23.096,13104,4,32.556,7436,3
464,E01000463,Bexley 025E,E09000004,Bexley,5.128,30387,10,0.035,29737,10,0.035,29283,9,9.061,22792,7,-0.803,27034,9,-1.045,29454,9,15.812,21920,7,16.249,18201,6
465,E01000464,Bexley 002D,E09000004,Bexley,25.484,10479,4,0.215,5788,2,0.117,10034,4,18.513,14767,5,-0.185,18909,6,0.057,15778,5,35.396,3897,2,11.461,22507,7
466,E01000465,Bexley 002E,E09000004,Bexley,28.674,8670,3,0.225,5228,2,0.137,7729,3,26.542,10042,4,0.065,15014,5,-0.104,18185,6,35.338,3918,2,10.067,23999,8
467,E01000466,Bexley 001A,E09000004,Bexley,23.424,11745,4,0.183,7776,3,0.115,10289,4,18.835,14524,5,-0.319,20951,7,-0.079,17828,6,36.332,3492,2,9.394,24681,8
468,E01000467,Bexley 001B,E09000004,Bexley,18.552,15630,5,0.157,9872,4,0.084,15515,5,14.14,18035,6,-0.484,23187,8,-0.181,19365,6,31.952,5691,2,14.221,19929,7
469,E01000468,Bexley 001C,E09000004,Bexley,20.855,13661,5,0.158,9787,3,0.074,17728,6,5.808,26380,9,-0.559,24172,8,-0.179,19331,6,50.582,258,1,9.245,24843,8
470,E01000469,Bexley 001D,E09000004,Bexley,19.895,14434,5,0.143,11177,4,0.086,14960,5,10.345,21505,7,-0.269,20180,7,0.332,11468,4,35.858,3699,2,13.773,20331,7
471,E01000470,Bexley 002F,E09000004,Bexley,38.345,4777,2,0.241,4466,2,0.176,4602,2,26.159,10233,4,0.069,14960,5,1.145,2552,1,45.243,1019,1,12.145,21844,7
472,E01032566,Bexley 029D,E09000004,Bexley,25.162,10669,4,0.167,9029,3,0.12,9681,3,24.15,11266,4,-0.398,22095,7,0.748,5959,2,27.04,9230,3,22.419,13553,5
473,E01000471,Brent 026A,E09000005,Brent,21.524,13163,5,0.097,16697,6,0.07,18730,6,22.598,12182,4,-0.464,22944,7,-0.261,20490,7,49.84,342,1,24.382,12175,4
474,E01000472,Brent 029A,E09000005,Brent,22.928,12105,4,0.143,11149,4,0.055,23212,8,12.33,19631,6,-0.718,26106,8,0.04,16042,5,48.046,560,1,41.409,3827,2
475,E01000473,Brent 029B,E09000005,Brent,25.222,10632,4,0.145,10960,4,0.085,15315,5,27.046,9801,3,-0.747,26425,9,0.167,14053,5,46.265,846,1,29.84,8910,3
476,E01000474,Brent 026B,E09000005,Brent,21.758,12945,4,0.121,13554,5,0.076,17174,6,28.272,9283,3,-0.819,27200,9,-0.462,23259,8,46.983,714,1,20.327,15033,5
477,E01000475,Brent 029C,E09000005,Brent,21.12,13473,5,0.124,13267,5,0.068,19273,6,13.258,18822,6,-0.91,28063,9,-0.457,23209,8,53.276,97,1,23.986,12433,4
478,E01000476,Brent 026C,E09000005,Brent,19.67,14647,5,0.098,16687,6,0.058,22147,7,28.684,9107,3,-1.101,29600,10,0.379,10748,4,38.157,2784,1,29.632,9031,3
479,E01000477,Brent 026D,E09000005,Brent,23.491,11703,4,0.11,14969,5,0.061,21110,7,30.81,8255,3,-0.982,28680,9,-0.117,18394,6,52.686,119,1,29.429,9135,3
480,E01000478,Brent 029D,E09000005,Brent,23.721,11562,4,0.134,12137,4,0.064,20258,7,21.904,12606,4,-1.069,29362,9,0.408,10325,4,45.058,1049,1,38.057,4963,2
481,E01000479,Brent 009A,E09000005,Brent,15.83,18106,6,0.106,15423,5,0.07,18743,6,7.354,24645,8,-1.14,29880,10,0.092,15247,5,34.914,4126,2,24.661,11988,4
482,E01000480,Brent 006A,E09000005,Brent,11.775,22429,7,0.072,21187,7,0.045,26490,9,3.875,28680,9,-1.037,29115,9,0.395,10519,4,29.622,7228,3,24.978,11798,4
483,E01000481,Brent 009B,E09000005,Brent,27.74,9179,3,0.169,8890,3,0.117,10094,4,6.912,25132,8,-0.519,23688,8,0.077,15466,5,54.349,77,1,30.802,8366,3
484,E01000482,Brent 009C,E09000005,Brent,33.304,6542,2,0.229,5057,2,0.15,6548,2,13.984,18177,6,0.406,10242,4,0.234,12959,4,45.676,944,1,21.805,13978,5
485,E01000483,Brent 009D,E09000005,Brent,33.513,6463,2,0.233,4860,2,0.144,7071,3,21.164,13038,4,-0.053,16827,6,0.402,10406,4,45.991,894,1,24.973,11800,4
486,E01000484,Brent 006B,E09000005,Brent,38.614,4689,2,0.264,3425,2,0.178,4422,2,22.619,12166,4,-0.188,18966,6,-0.146,18826,6,56.541,38,1,28.134,9871,4
487,E01000485,Brent 006C,E09000005,Brent,29.651,8179,3,0.205,6361,2,0.1,12534,4,17.394,15535,5,0.589,8071,3,0.259,12570,4,45.94,899,1,15.022,19182,6
488,E01000486,Brent 006D,E09000005,Brent,15.555,18391,6,0.086,18553,6,0.057,22266,7,7.505,24479,8,-1.159,30019,10,0.397,10489,4,40.994,1933,1,18.492,16434,6
489,E01000487,Brent 006E,E09000005,Brent,17.634,16441,6,0.123,13372,5,0.068,19366,6,7.192,24820,8,-0.782,26816,9,0.109,15008,5,40.432,2067,1,21.233,14379,5
490,E01000488,Brent 022A,E09000005,Brent,24.308,11178,4,0.134,12067,4,0.081,16070,5,14.776,17531,6,-0.517,23645,8,0.842,4977,2,44.202,1207,1,26.912,10608,4
491,E01000489,Brent 030A,E09000005,Brent,23.257,11883,4,0.173,8593,3,0.081,16155,5,5.678,26525,9,-0.207,19237,6,0.969,3775,2,32.497,5379,2,27.71,10131,4
492,E01000490,Brent 023A,E09000005,Brent,24.206,11248,4,0.13,12488,4,0.083,15572,5,10.234,21604,7,-0.308,20767,7,0.98,3685,2,41.181,1879,1,29.383,9158,3
493,E01000491,Brent 030B,E09000005,Brent,21.226,13387,5,0.133,12253,4,0.089,14470,5,9.526,22345,7,-0.438,22609,7,0.441,9896,4,39.773,2265,1,22.605,13403,5
494,E01000492,Brent 030C,E09000005,Brent,13.405,20615,7,0.085,18642,6,0.055,22951,7,2.874,29888,10,-0.789,26898,9,0.262,12522,4,29.816,7094,3,28.893,9440,3
495,E01000493,Brent 030D,E09000005,Brent,12.31,21822,7,0.083,19075,6,0.058,22092,7,3.441,29204,9,-0.839,27387,9,-0.018,16974,6,26.481,9725,3,29.578,9057,3
496,E01000494,Brent 023B,E09000005,Brent,19.535,14784,5,0.142,11288,4,0.071,18394,6,4.003,28540,9,-0.257,19979,7,0.047,15934,5,41.963,1669,1,21.981,13858,5
497,E01000495,Brent 023C,E09000005,Brent,32.579,6848,3,0.213,5948,2,0.123,9319,3,9.041,22816,7,0.32,11357,4,0.994,3568,2,45.352,993,1,24.258,12247,4
498,E01000497,Brent 011A,E09000005,Brent,23.67,11593,4,0.161,9565,3,0.106,11533,4,13.47,18620,6,-0.353,21493,7,0.357,11060,4,38.841,2541,1,20.737,14732,5
499,E01000498,Brent 010B,E09000005,Brent,32.538,6869,3,0.187,7545,3,0.112,10809,4,32.814,7502,3,-0.357,21548,7,0.86,4791,2,46.349,827,1,30.555,8483,3
500,E01000499,Brent 011B,E09000005,Brent,27.131,9517,3,0.188,7471,3,0.095,13335,5,24.338,11167,4,-0.377,21825,7,0.365,10942,4,41.652,1743,1,27.8,10075,4
501,E01000501,Brent 011C,E09000005,Brent,35.651,5656,2,0.255,3819,2,0.159,5834,2,16.423,16251,5,-0.118,17871,6,0.572,8111,3,48.748,480,1,21.398,14267,5
502,E01000502,Brent 011D,E09000005,Brent,28.682,8665,3,0.221,5485,2,0.123,9325,3,12.641,19363,6,-0.496,23375,8,0.68,6730,3,41.031,1921,1,21.734,14017,5
503,E01000503,Brent 011E,E09000005,Brent,28.578,8720,3,0.166,9074,3,0.129,8602,3,14.319,17886,6,-0.478,23108,8,0.83,5123,2,44.218,1204,1,24.95,11816,4
504,E01000504,Brent 018A,E09000005,Brent,21.374,13251,5,0.12,13727,5,0.094,13590,5,8.118,23824,8,-0.164,18600,6,0.293,12024,4,39.522,2343,1,26.783,10696,4
505,E01000505,Brent 018B,E09000005,Brent,20.325,14065,5,0.135,11975,4,0.081,16044,5,10.765,21114,7,-0.756,26528,9,0.251,12714,4,42.184,1620,1,20.222,15112,5
506,E01000506,Brent 014A,E09000005,Brent,30.431,7823,3,0.186,7602,3,0.108,11354,4,24.496,11082,4,-0.228,19542,6,0.372,10842,4,43.755,1274,1,39.711,4354,2
507,E01000507,Brent 018C,E09000005,Brent,22.007,12769,4,0.148,10628,4,0.088,14641,5,10.174,21656,7,-0.748,26444,9,0.554,8333,3,41.377,1812,1,20.392,14980,5
508,E01000508,Brent 025A,E09000005,Brent,37.833,4930,2,0.245,4252,2,0.174,4710,2,30.342,8416,3,-0.275,20284,7,0.558,8297,3,45.936,901,1,29.572,9063,3
509,E01000509,Brent 014B,E09000005,Brent,34.158,6199,2,0.171,8700,3,0.112,10769,4,29.7,8695,3,-0.265,20109,7,1.665,643,1,41.197,1876,1,33.741,6828,3
510,E01000510,Brent 014C,E09000005,Brent,30.111,7979,3,0.17,8746,3,0.092,14004,5,19.895,13833,5,-0.827,27268,9,1.458,1182,1,42.445,1552,1,34.818,6324,2
511,E01000511,Brent 014D,E09000005,Brent,31.007,7553,3,0.16,9629,3,0.099,12634,4,16.599,16116,5,-0.148,18360,6,1.198,2245,1,43.828,1265,1,40.547,4086,2
512,E01000512,Brent 018D,E09000005,Brent,18.91,15315,5,0.105,15604,5,0.056,22566,7,5.32,26942,9,-0.642,25240,8,0.604,7694,3,38.412,2696,1,37.022,5382,2
513,E01000513,Brent 002A,E09000005,Brent,15.506,18437,6,0.099,16451,6,0.041,27505,9,16.48,16212,5,-0.798,26987,9,-0.002,16706,6,33.44,4853,2,31.8,7833,3
514,E01000514,Brent 002B,E09000005,Brent,14.626,19311,6,0.083,19080,6,0.048,25468,8,8.404,23518,8,-0.832,27310,9,0.043,16006,5,39.568,2332,1,25.027,11766,4
515,E01000515,Brent 003A,E09000005,Brent,27.517,9286,3,0.174,8510,3,0.097,13066,4,16.035,16545,6,-0.487,23232,8,0.752,5923,2,48.772,476,1,20.381,14990,5
516,E01000516,Brent 002C,E09000005,Brent,19.417,14898,5,0.106,15553,5,0.068,19342,6,15.766,16778,6,-0.542,23970,8,0.389,10621,4,36.466,3427,2,31.57,7950,3
517,E01000517,Brent 003B,E09000005,Brent,13.553,20424,7,0.066,22367,7,0.032,30076,10,7.125,24909,8,-1.154,29977,10,0.789,5534,2,33.35,4904,2,27.484,10268,4
518,E01000518,Brent 005A,E09000005,Brent,25.937,10230,4,0.154,10166,4,0.091,14110,5,14.169,18010,6,-0.322,21004,7,0.794,5493,2,44.541,1137,1,26.451,10908,4
519,E01000519,Brent 005B,E09000005,Brent,20.361,14037,5,0.139,11618,4,0.074,17804,6,9.795,22050,7,-0.534,23849,8,0.26,12554,4,42.652,1502,1,20.86,14655,5
520,E01000520,Brent 002D,E09000005,Brent,20.597,13856,5,0.113,14584,5,0.074,17757,6,13.058,18990,6,-0.305,20733,7,0.388,10628,4,42.353,1575,1,22.902,13201,5
521,E01000521,Brent 025B,E09000005,Brent,53.09,1713,1,0.318,1720,1,0.231,1871,1,31.536,7977,3,0.288,11785,4,0.997,3543,2,50.192,297,1,45.317,2819,1
522,E01000522,Brent 025C,E09000005,Brent,31.433,7331,3,0.216,5769,2,0.13,8532,3,21.356,12939,4,-0.268,20173,7,0.149,14328,5,48.436,520,1,26.233,11029,4
523,E01000523,Brent 031A,E09000005,Brent,31.722,7193,3,0.181,7991,3,0.117,10092,4,35.891,6471,2,-0.516,23631,8,0.941,4019,2,36.516,3410,2,37.672,5104,2
524,E01000524,Brent 031B,E09000005,Brent,44.228,3221,1,0.274,3081,1,0.192,3599,2,30.782,8272,3,0.079,14824,5,1.258,1935,1,39.809,2253,1,39.002,4618,2
525,E01000525,Brent 031C,E09000005,Brent,33.636,6401,2,0.216,5743,2,0.14,7448,3,25.254,10696,4,-0.32,20962,7,1.023,3354,2,37.901,2869,1,32.613,7406,3
526,E01000526,Brent 025D,E09000005,Brent,42.123,3682,2,0.299,2236,1,0.206,2879,1,23.043,11876,4,0.085,14741,5,0.507,8986,3,46.846,739,1,21.138,14451,5
527,E01000527,Brent 025E,E09000005,Brent,34.204,6182,2,0.185,7683,3,0.15,6578,3,26.326,10142,4,-0.035,16538,6,0.823,5191,2,43.218,1382,1,33.063,7175,3
528,E01000528,Brent 025F,E09000005,Brent,46.028,2844,1,0.293,2425,1,0.208,2794,1,19.59,14024,5,0.166,13531,5,1.021,3363,2,50.876,225,1,31.242,8134,3
529,E01000530,Brent 033A,E09000005,Brent,15.596,18359,6,0.097,16703,6,0.075,17570,6,4.278,28197,9,-0.713,26052,8,0.219,13197,5,28.374,8132,3,31.865,7790,3
530,E01000531,Brent 033B,E09000005,Brent,25.279,10593,4,0.18,8043,3,0.112,10822,4,10.55,21313,7,-0.273,20245,7,0.022,16348,5,38.682,2589,1,33.291,7054,3
531,E01000532,Brent 033C,E09000005,Brent,22.1,12698,4,0.119,13751,5,0.088,14587,5,14.257,17944,6,-0.442,22669,7,0.071,15565,5,43.475,1333,1,29.998,8815,3
532,E01000533,Brent 031E,E09000005,Brent,38.611,4690,2,0.231,4949,2,0.162,5573,2,23.619,11549,4,0.235,12582,4,1.195,2257,1,39.707,2288,1,35.33,6085,2
533,E01000534,Brent 033D,E09000005,Brent,19.424,14890,5,0.12,13742,5,0.085,15269,5,7.846,24094,8,-0.282,20371,7,0.275,12314,4,32.896,5140,2,30.705,8407,3
534,E01000535,Brent 031F,E09000005,Brent,29.612,8193,3,0.152,10277,4,0.103,12089,4,13.27,18811,6,-0.18,18838,6,1.099,2803,1,35.514,3848,2,51.473,1668,1
535,E01000536,Brent 004A,E09000005,Brent,11.259,23043,8,0.08,19631,6,0.052,24025,8,2.175,30694,10,-1.443,31510,10,-0.08,17850,6,33.244,4964,2,19.343,15777,5
536,E01000538,Brent 004B,E09000005,Brent,9.585,25022,8,0.067,22121,7,0.038,28524,9,2.006,30888,10,-1.197,30266,10,-0.341,21614,7,30.649,6500,2,25.276,11599,4
537,E01000539,Brent 004C,E09000005,Brent,9.401,25260,8,0.058,24335,8,0.037,28789,9,2.877,29885,10,-0.951,28409,9,-0.294,20950,7,32.597,5331,2,21.587,14127,5
538,E01000540,Brent 004D,E09000005,Brent,10.46,23930,8,0.07,21595,7,0.058,22168,7,2.461,30349,10,-0.93,28236,9,-0.417,22652,7,30.557,6564,2,18.935,16088,5
539,E01000541,Brent 004E,E09000005,Brent,14.775,19152,6,0.103,15965,5,0.042,27308,9,4.56,27836,9,-0.789,26892,9,0.015,16435,6,41.32,1831,1,22.356,13615,5
540,E01000543,Brent 003E,E09000005,Brent,21.407,13232,5,0.13,12505,4,0.075,17480,6,9.764,22084,7,-0.412,22281,7,0.6,7752,3,40.929,1951,1,26.136,11087,4
541,E01000544,Brent 034A,E09000005,Brent,33.576,6429,2,0.248,4124,2,0.156,5996,2,11.462,20456,7,0.165,13550,5,0.251,12719,4,42.279,1590,1,29.337,9188,3
542,E01000545,Brent 028A,E09000005,Brent,30.368,7854,3,0.169,8895,3,0.106,11551,4,11.695,20236,7,-0.182,18860,6,1.335,1605,1,39.388,2378,1,39.175,4557,2
543,E01000546,Brent 028B,E09000005,Brent,22.321,12520,4,0.145,10908,4,0.104,11887,4,7.703,24244,8,-0.559,24165,8,0.467,9518,3,37.555,2994,1,26.34,10966,4
544,E01000547,Brent 028C,E09000005,Brent,22.673,12266,4,0.144,11106,4,0.083,15583,5,9.603,22256,7,-0.11,17726,6,0.553,8354,3,36.843,3256,1,30.272,8646,3
545,E01000548,Brent 028D,E09000005,Brent,32.72,6791,3,0.203,6471,2,0.115,10360,4,9.389,22483,7,0.123,14146,5,1.316,1685,1,43.175,1397,1,31.415,8047,3
546,E01000549,Brent 028E,E09000005,Brent,17.113,16885,6,0.11,14947,5,0.081,16096,5,4.256,28226,9,-0.691,25834,8,0.098,15155,5,32.705,5257,2,31.185,8161,3
547,E01000550,Brent 034B,E09000005,Brent,34.612,6026,2,0.239,4574,2,0.156,6063,2,13.537,18558,6,0.146,13786,5,1.139,2572,1,33.062,5043,2,31.66,7905,3
548,E01000551,Brent 034C,E09000005,Brent,41.111,3943,2,0.322,1627,1,0.213,2595,1,19.577,14034,5,-0.018,16277,5,0.214,13268,5,40.585,2030,1,24.564,12050,4
549,E01000552,Brent 034D,E09000005,Brent,43.404,3375,2,0.313,1873,1,0.189,3731,2,24.252,11208,4,0.013,15798,5,0.331,11485,4,42.316,1581,1,46.328,2593,1
550,E01000553,Brent 015A,E09000005,Brent,29.062,8467,3,0.158,9764,3,0.109,11224,4,16.445,16231,5,0.154,13683,5,0.693,6589,3,43.593,1306,1,32.336,7556,3
551,E01000554,Brent 015B,E09000005,Brent,21.039,13528,5,0.145,10985,4,0.087,14776,5,15.32,17109,6,-0.452,22795,7,-0.09,17981,6,36.707,3329,2,27.362,10335,4
552,E01000555,Brent 015C,E09000005,Brent,15.947,17999,6,0.097,16716,6,0.059,21705,7,5.356,26893,9,-0.992,28753,9,0.49,9209,3,35.161,4015,2,27.52,10253,4
553,E01000556,Brent 015D,E09000005,Brent,32.007,7082,3,0.165,9206,3,0.096,13283,5,16.061,16517,6,-0.228,19547,6,1.319,1672,1,43.394,1351,1,46.48,2559,1
554,E01000557,Brent 015E,E09000005,Brent,23.465,11719,4,0.14,11453,4,0.099,12678,4,7.319,24693,8,0.126,14098,5,0.426,10080,4,38.33,2728,1,26.954,10575,4
555,E01000558,Brent 015F,E09000005,Brent,26.806,9694,3,0.149,10555,4,0.121,9625,3,6.653,25424,8,-0.225,19491,6,1.123,2654,1,37.942,2851,1,27.73,10120,4
556,E01000559,Brent 018E,E09000005,Brent,22.118,12685,4,0.145,10907,4,0.085,15204,5,5.836,26347,9,-0.033,16500,6,0.42,10173,4,37.806,2901,1,28.022,9939,4
557,E01000560,Brent 023D,E09000005,Brent,19.077,15170,5,0.102,16020,5,0.082,15775,5,6.317,25820,8,-0.556,24133,8,0.501,9069,3,37.942,2850,1,27.141,10451,4
558,E01000561,Brent 023E,E09000005,Brent,24.708,10941,4,0.154,10083,4,0.108,11308,4,4.909,27405,9,-0.029,16440,6,0.65,7070,3,40.958,1943,1,22.412,13557,5
559,E01000562,Brent 008A,E09000005,Brent,10.862,23487,8,0.091,17789,6,0.047,25690,8,3.426,29217,9,-1.319,30956,10,-0.282,20785,7,30.915,6342,2,19.805,15443,5
560,E01000563,Brent 008B,E09000005,Brent,9.588,25021,8,0.061,23565,8,0.045,26441,9,1.953,30944,10,-0.847,27472,9,0.245,12794,4,25.352,10793,4,21.523,14177,5
561,E01000564,Brent 013A,E09000005,Brent,17.31,16724,6,0.111,14782,5,0.061,21092,7,11.194,20720,7,-0.954,28447,9,-0.464,23282,8,45.117,1037,1,21.453,14221,5
562,E01000565,Brent 013B,E09000005,Brent,23.892,11437,4,0.182,7858,3,0.109,11189,4,13.906,18249,6,-0.428,22483,7,0.08,15425,5,38.353,2714,1,20.612,14814,5
563,E01000566,Brent 008C,E09000005,Brent,14.793,19130,6,0.084,18816,6,0.046,26020,8,9.367,22506,7,-0.596,24662,8,-0.072,17724,6,40.712,1991,1,22.288,13664,5
564,E01000567,Brent 016A,E09000005,Brent,18.175,15988,5,0.124,13207,5,0.072,18158,6,7.053,25000,8,-0.438,22626,7,0.151,14285,5,38.417,2692,1,21.54,14159,5
565,E01000568,Brent 008D,E09000005,Brent,14.257,19684,6,0.034,30106,10,0.021,32186,10,3.604,29003,9,-0.584,24501,8,-0.039,17278,6,69.884,2,1,21.768,13999,5
566,E01000569,Brent 008E,E09000005,Brent,9.462,25177,8,0.078,19935,7,0.032,30088,10,3.771,28797,9,-1.035,29095,9,-0.251,20368,7,30.919,6337,2,16.742,17798,6
567,E01000570,Brent 012A,E09000005,Brent,24.088,11328,4,0.121,13513,5,0.094,13514,5,15.966,16613,6,-0.581,24464,8,0.117,14870,5,52.435,128,1,20.912,14616,5
568,E01000571,Brent 012B,E09000005,Brent,22.247,12576,4,0.128,12761,4,0.095,13481,5,9.079,22777,7,-0.566,24274,8,0.86,4794,2,35.957,3666,2,27.757,10105,4
569,E01000572,Brent 007A,E09000005,Brent,12.26,21873,7,0.093,17477,6,0.043,27123,9,6.295,25846,8,-1.141,29892,10,-0.621,25325,8,38.957,2495,1,16.933,17644,6
570,E01000573,Brent 007B,E09000005,Brent,13.432,20580,7,0.098,16562,6,0.045,26361,9,6.149,26014,8,-0.817,27180,9,0.132,14632,5,33.536,4791,2,22.652,13372,5
571,E01000574,Brent 007C,E09000005,Brent,10.723,23631,8,0.066,22391,7,0.041,27653,9,6.572,25520,8,-1.045,29172,9,-0.444,23051,8,34.711,4213,2,21.892,13919,5
572,E01000575,Brent 007D,E09000005,Brent,17.369,16668,6,0.081,19387,6,0.043,26996,9,8.469,23435,8,-1.135,29841,10,0.428,10052,4,44.296,1187,1,34.881,6297,2
573,E01000576,Brent 012C,E09000005,Brent,16.509,17462,6,0.099,16510,6,0.066,19750,7,7.746,24198,8,-0.96,28508,9,0.456,9667,3,35.147,4025,2,25.567,11433,4
574,E01000577,Brent 007E,E09000005,Brent,32.606,6835,3,0.224,5283,2,0.132,8280,3,17.573,15415,5,-0.533,23838,8,-0.421,22709,7,59.548,15,1,33.745,6827,3
575,E01000578,Brent 012D,E09000005,Brent,28.89,8553,3,0.183,7792,3,0.128,8766,3,11.311,20608,7,-0.298,20625,7,0.83,5116,2,43.665,1293,1,23.6,12703,4
576,E01000579,Brent 032A,E09000005,Brent,28.906,8541,3,0.17,8820,3,0.12,9665,3,6.955,25090,8,-0.045,16701,6,0.498,9107,3,41.854,1696,1,43.379,3328,2
577,E01000580,Brent 032B,E09000005,Brent,20.094,14258,5,0.136,11881,4,0.089,14416,5,4.666,27707,9,-0.821,27206,9,0.962,3830,2,27.207,9070,3,28.869,9459,3
578,E01000581,Brent 030E,E09000005,Brent,15.538,18404,6,0.106,15501,5,0.061,21339,7,3.439,29206,9,-1.221,30425,10,0.448,9793,3,28.795,7820,3,34.94,6270,2
579,E01000582,Brent 032C,E09000005,Brent,14.317,19625,6,0.087,18418,6,0.051,24475,8,3.994,28553,9,-0.905,28018,9,0.409,10315,4,26.848,9421,3,38.378,4847,2
580,E01000583,Brent 032D,E09000005,Brent,21.296,13321,5,0.105,15559,5,0.091,14049,5,3.402,29255,9,-0.619,24949,8,0.622,7418,3,36.034,3620,2,41.447,3813,2
581,E01000584,Brent 033E,E09000005,Brent,14.526,19420,6,0.094,17244,6,0.071,18509,6,6.488,25615,8,-0.609,24830,8,-0.095,18066,6,27.385,8928,3,30.054,8774,3
582,E01000585,Brent 033F,E09000005,Brent,14.234,19713,7,0.1,16329,5,0.056,22605,7,4.685,27682,9,-0.48,23134,8,0.03,16219,5,31.395,6030,2,25.499,11478,4
583,E01000586,Brent 032E,E09000005,Brent,21.525,13162,5,0.125,13153,5,0.089,14488,5,8.761,23127,8,-0.711,26038,8,0.364,10955,4,40.41,2076,1,32.814,7285,3
584,E01000587,Brent 001A,E09000005,Brent,15.01,18908,6,0.108,15220,5,0.052,24060,8,15.894,16665,6,-0.728,26220,8,-0.21,19781,7,33.444,4848,2,21.483,14202,5
585,E01000588,Brent 002E,E09000005,Brent,26.149,10086,4,0.182,7873,3,0.108,11356,4,16.824,15943,5,-0.566,24265,8,0.59,7862,3,40.373,2088,1,23.459,12812,4
586,E01000589,Brent 001B,E09000005,Brent,19.307,15004,5,0.114,14362,5,0.077,16935,6,15.004,17356,6,-0.63,25083,8,0.137,14517,5,41.04,1915,1,19.86,15394,5
587,E01000590,Brent 001C,E09000005,Brent,18.959,15271,5,0.136,11879,4,0.083,15707,5,7.512,24468,8,-0.143,18279,6,0.035,16134,5,33.881,4628,2,22.44,13536,5
588,E01000591,Brent 003F,E09000005,Brent,20.6,13852,5,0.096,16995,6,0.058,22156,7,12.307,19655,6,-0.636,25158,8,0.776,5682,2,44.99,1061,1,28.871,9457,3
589,E01000592,Brent 001D,E09000005,Brent,20.65,13808,5,0.124,13225,5,0.076,17233,6,11.714,20219,7,-0.256,19960,7,0.637,7237,3,37.93,2853,1,20.575,14840,5
590,E01000593,Brent 001E,E09000005,Brent,19.632,14685,5,0.143,11207,4,0.077,16945,6,10.562,21299,7,-0.694,25860,8,-0.109,18275,6,42.723,1484,1,18.314,16573,6
591,E01000594,Brent 001F,E09000005,Brent,17.074,16924,6,0.106,15550,5,0.041,27478,9,10.621,21251,7,-1.337,31050,10,0.238,12897,4,43.908,1255,1,28.302,9783,3
592,E01000595,Brent 027A,E09000005,Brent,45.345,2994,1,0.243,4346,2,0.19,3697,2,34.907,6793,3,0.61,7821,3,0.622,7422,3,54.659,71,1,34.449,6497,2
593,E01000596,Brent 021A,E09000005,Brent,46.524,2747,1,0.274,3083,1,0.186,3934,2,34.635,6889,3,0.061,15057,5,1.046,3174,1,58.742,19,1,34.228,6583,3
594,E01000599,Brent 027D,E09000005,Brent,51.401,1969,1,0.338,1254,1,0.217,2412,1,17.349,15571,5,0.657,7318,3,0.93,4130,2,51.216,199,1,36.679,5513,2
595,E01000600,Brent 027E,E09000005,Brent,36.846,5250,2,0.171,8680,3,0.143,7205,3,26.212,10201,4,0.348,10999,4,0.602,7733,3,56.302,41,1,35.766,5910,2
596,E01000601,Brent 021B,E09000005,Brent,57.244,1192,1,0.358,906,1,0.226,2016,1,36.348,6342,2,0.776,6133,2,1.454,1193,1,55.161,62,1,20.264,15087,5
597,E01000602,Brent 021C,E09000005,Brent,39.756,4335,2,0.253,3903,2,0.176,4577,2,24.138,11274,4,-0.315,20883,7,0.799,5430,2,66.566,3,1,21.626,14105,5
598,E01000603,Brent 021D,E09000005,Brent,39.051,4557,2,0.27,3205,1,0.169,5067,2,23.961,11375,4,-0.266,20131,7,0.443,9873,4,51.421,181,1,28.077,9908,4
599,E01000604,Brent 021E,E09000005,Brent,43.13,3443,2,0.289,2555,1,0.184,4079,2,24.845,10919,4,0.105,14436,5,0.667,6886,3,70.456,1,1,23.041,13097,4
600,E01000605,Brent 021F,E09000005,Brent,45.54,2954,1,0.273,3120,1,0.195,3410,2,30.801,8261,3,0.029,15560,5,0.988,3617,2,55.891,48,1,30.084,8753,3
601,E01000606,Brent 016B,E09000005,Brent,19.696,14627,5,0.12,13733,5,0.075,17546,6,10.674,21201,7,-0.866,27656,9,0.223,13148,5,39.94,2204,1,31.067,8220,3
602,E01000607,Brent 013C,E09000005,Brent,18.814,15403,5,0.112,14715,5,0.061,21148,7,9.265,22610,7,-0.96,28504,9,-0.244,20258,7,50.107,303,1,21.347,14295,5
603,E01000608,Brent 013D,E09000005,Brent,22.141,12668,4,0.127,12833,4,0.058,22021,7,9.761,22086,7,-0.507,23514,8,0.545,8464,3,47.001,712,1,32.48,7477,3
604,E01000609,Brent 016C,E09000005,Brent,20.99,13560,5,0.121,13567,5,0.065,20082,7,13.937,18215,6,-0.63,25085,8,0.335,11412,4,46.667,783,1,24.47,12111,4
605,E01000610,Brent 019A,E09000005,Brent,24.925,10807,4,0.137,11814,4,0.085,15164,5,15.061,17312,6,-0.405,22177,7,0.514,8890,3,51.266,195,1,18.451,16471,6
606,E01000611,Brent 016D,E09000005,Brent,24.049,11357,4,0.127,12896,4,0.086,15083,5,13.391,18687,6,-0.129,18045,6,0.303,11889,4,46.422,818,1,29.429,9134,3
607,E01000612,Brent 019B,E09000005,Brent,22.985,12061,4,0.162,9461,3,0.071,18579,6,11.485,20434,7,-0.242,19754,7,0.32,11648,4,46.196,861,1,20.808,14684,5
608,E01000613,Brent 013E,E09000005,Brent,25.258,10614,4,0.154,10146,4,0.09,14188,5,12.281,19686,6,-0.514,23619,8,-0.259,20469,7,56.826,34,1,26.918,10601,4
609,E01000615,Brent 017B,E09000005,Brent,19.767,14567,5,0.102,16000,5,0.058,22068,7,12.751,19267,6,-0.673,25614,8,-0.104,18198,6,57.715,26,1,16.659,17857,6
610,E01000616,Brent 020A,E09000005,Brent,21.621,13069,4,0.107,15303,5,0.068,19238,6,10.26,21584,7,-0.738,26345,9,0.549,8414,3,45.892,907,1,34.433,6505,2
611,E01000617,Brent 017C,E09000005,Brent,24.108,11317,4,0.128,12801,4,0.075,17518,6,14.295,17906,6,-0.412,22280,7,1.035,3259,1,42.688,1496,1,26.46,10904,4
612,E01000618,Brent 017D,E09000005,Brent,21.83,12895,4,0.137,11831,4,0.089,14522,5,17.419,15524,5,-0.624,25016,8,0.221,13176,5,40.421,2070,1,23.342,12893,4
613,E01000619,Brent 017E,E09000005,Brent,19.435,14873,5,0.137,11786,4,0.073,18060,6,16.369,16287,5,-0.606,24782,8,0.017,16420,5,39.898,2218,1,17.313,17357,6
614,E01000620,Brent 020B,E09000005,Brent,20.903,13624,5,0.118,13900,5,0.075,17564,6,18.942,14440,5,-1.104,29618,10,-0.108,18249,6,43.829,1264,1,31.5,7992,3
615,E01000621,Brent 020C,E09000005,Brent,25.172,10660,4,0.128,12761,4,0.072,18319,6,20.958,13167,5,0.284,11844,4,-0.053,17460,6,46.168,865,1,33.803,6793,3
616,E01000622,Brent 010D,E09000005,Brent,30.14,7963,3,0.14,11502,4,0.079,16605,6,22.624,12160,4,-0.275,20292,7,0.963,3821,2,59.308,16,1,33.702,6850,3
617,E01000623,Brent 005C,E09000005,Brent,16.12,17826,6,0.1,16270,5,0.054,23544,8,12.394,19583,6,-0.628,25067,8,-0.279,20746,7,36.046,3612,2,31.752,7856,3
618,E01000624,Brent 005D,E09000005,Brent,18.739,15459,5,0.128,12802,4,0.072,18191,6,16.229,16383,5,-0.668,25567,8,-0.316,21261,7,39.864,2231,1,21.486,14201,5
619,E01000625,Brent 009E,E09000005,Brent,22.448,12420,4,0.142,11265,4,0.076,17235,6,14.864,17448,6,-0.563,24224,8,0.111,14967,5,47.781,595,1,21.969,13871,5
620,E01000626,Brent 010E,E09000005,Brent,43.498,3361,2,0.273,3122,1,0.167,5207,2,29.765,8676,3,0.242,12480,4,1.105,2771,1,54.369,76,1,21.916,13902,5
621,E01000627,Brent 014E,E09000005,Brent,39.15,4522,2,0.2,6694,3,0.129,8651,3,28.942,8998,3,-0.136,18162,6,1.244,2009,1,53.257,99,1,40.599,4074,2
622,E01000628,Brent 014F,E09000005,Brent,33.655,6391,2,0.183,7808,3,0.121,9574,3,22.309,12343,4,-0.024,16366,5,0.798,5444,2,48.899,464,1,36.536,5562,2
623,E01000629,Brent 005E,E09000005,Brent,15.786,18148,6,0.086,18534,6,0.06,21548,7,19.783,13888,5,-0.782,26803,9,-0.008,16802,6,34.59,4270,2,22.764,13292,5
624,E01000630,Brent 026E,E09000005,Brent,28.674,8671,3,0.154,10098,4,0.108,11344,4,17.187,15675,5,-0.39,21993,7,0.735,6115,2,51.409,184,1,22.336,13633,5
625,E01000631,Brent 019C,E09000005,Brent,16.862,17121,6,0.094,17299,6,0.046,25952,8,15.943,16628,6,-1.244,30560,10,0.065,15674,5,41.858,1695,1,29.444,9125,3
626,E01000632,Brent 029E,E09000005,Brent,18.641,15543,5,0.096,16907,6,0.05,24656,8,27.807,9481,3,-1.292,30816,10,0.068,15619,5,39.775,2263,1,31.303,8102,3
627,E01000633,Brent 019D,E09000005,Brent,24.495,11067,4,0.125,13044,4,0.054,23331,8,26.372,10118,4,-0.686,25775,8,0.696,6543,2,48.212,546,1,30.989,8260,3
628,E01000634,Brent 019E,E09000005,Brent,21.854,12873,4,0.128,12779,4,0.065,20074,7,15.014,17344,6,-0.608,24822,8,-0.146,18823,6,54.914,67,1,19.941,15338,5
629,E01000635,Brent 020D,E09000005,Brent,29.677,8174,3,0.163,9401,3,0.091,14085,5,15.302,17126,6,-0.877,27782,9,1.062,3059,1,49.107,437,1,38.432,4826,2
630,E01000636,Brent 020E,E09000005,Brent,18.16,15999,5,0.097,16781,6,0.058,22108,7,18.776,14573,5,-1.204,30306,10,-0.021,17011,6,38.624,2616,1,35.531,6002,2
631,E01000637,Brent 022B,E09000005,Brent,23.342,11819,4,0.152,10329,4,0.102,12140,4,16.145,16454,6,-0.319,20954,7,0.136,14552,5,34.65,4241,2,32.484,7474,3
632,E01000638,Brent 024A,E09000005,Brent,28.948,8516,3,0.167,9059,3,0.094,13668,5,20.905,13201,5,-0.201,19155,6,0.862,4773,2,40.449,2064,1,39.281,4507,2
633,E01000639,Brent 022C,E09000005,Brent,22.065,12728,4,0.129,12639,4,0.07,18679,6,11.402,20520,7,-0.816,27175,9,0.844,4948,2,40.339,2098,1,31.439,8030,3
634,E01000640,Brent 024B,E09000005,Brent,26.984,9599,3,0.173,8592,3,0.095,13406,5,21.772,12684,4,-0.596,24661,8,0.248,12756,4,41.478,1786,1,39.686,4363,2
635,E01000641,Brent 024C,E09000005,Brent,30.752,7673,3,0.196,6876,3,0.122,9441,3,21.339,12950,4,0.042,15348,5,0.756,5875,2,37.477,3029,1,32.447,7492,3
636,E01000642,Brent 022D,E09000005,Brent,27.298,9415,3,0.177,8268,3,0.101,12350,4,11.851,20085,7,-0.32,20971,7,0.365,10951,4,42.792,1467,1,39.438,4448,2
637,E01000643,Brent 024D,E09000005,Brent,51.118,2011,1,0.317,1751,1,0.23,1910,1,20.506,13463,5,0.846,5485,2,1.048,3157,1,47.559,620,1,32.225,7599,3
638,E01000644,Brent 022E,E09000005,Brent,24.997,10775,4,0.171,8713,3,0.099,12661,4,9.296,22580,7,-0.188,18965,6,0.361,10994,4,38.539,2646,1,33.885,6746,3
639,E01033424,Brent 017F,E09000005,Brent,23.051,12020,4,0.107,15328,5,0.061,21156,7,12.978,19062,6,-0.582,24477,8,0.829,5131,2,48.025,562,1,32.226,7598,3
640,E01033455,Brent 031G,E09000005,Brent,42.066,3699,2,0.238,4581,2,0.146,6908,3,38.009,5904,2,0.031,15541,5,1.312,1699,1,38.504,2657,1,52.255,1540,1
641,E01033456,Brent 027F,E09000005,Brent,52.88,1738,1,0.336,1290,1,0.26,1071,1,25.772,10430,4,0.48,9328,3,0.832,5086,2,49.233,423,1,28.421,9713,3
642,E01033457,Brent 017G,E09000005,Brent,20.23,14149,5,0.088,18132,6,0.042,27289,9,6.605,25481,8,-0.753,26498,9,1.169,2418,1,44.159,1214,1,32.916,7247,3
643,E01033463,Brent 003G,E09000005,Brent,13.579,20396,7,0.098,16624,6,0.058,21971,7,7.344,24657,8,-1.208,30336,10,-0.415,22629,7,35.745,3752,2,21.222,14385,5
644,E01033464,Brent 010F,E09000005,Brent,29.746,8142,3,0.189,7401,3,0.128,8741,3,29.929,8603,3,-0.256,19963,7,0.176,13900,5,41.618,1750,1,27.112,10468,4
645,E01033485,Brent 031H,E09000005,Brent,33.913,6307,2,0.182,7886,3,0.153,6258,2,26.644,10000,4,-0.511,23575,8,1.024,3347,2,40.126,2149,1,36.72,5494,2
646,E01000645,Bromley 007A,E09000006,Bromley,4.426,31081,10,0.011,32746,10,0.01,32762,10,0.534,32493,10,-1.934,32553,10,-0.531,24199,8,27.338,8959,3,13.543,20543,7
647,E01000646,Bromley 016A,E09000006,Bromley,8.685,26185,8,0.068,22011,7,0.053,23779,8,2.155,30715,10,-1.214,30379,10,-0.26,20483,7,23.385,12779,4,19.837,15419,5
648,E01000647,Bromley 016B,E09000006,Bromley,6.901,28453,9,0.054,25133,8,0.035,29256,9,5.188,27100,9,-1.147,29921,10,-0.245,20268,7,20.155,16463,6,20.024,15276,5
649,E01000648,Bromley 016C,E09000006,Bromley,6.434,28942,9,0.052,25661,8,0.042,27278,9,3.883,28669,9,-1.422,31426,10,-0.83,27590,9,22.345,13913,5,19.042,16007,5
650,E01000649,Bromley 007B,E09000006,Bromley,9.063,25707,8,0.068,21854,7,0.05,24646,8,2.027,30864,10,-1.165,30073,10,-0.414,22625,7,31.581,5924,2,10.864,23147,8
651,E01000650,Bromley 022A,E09000006,Bromley,11.657,22579,7,0.073,21002,7,0.056,22613,7,1.192,31798,10,-0.916,28114,9,-0.131,18613,6,38.129,2791,1,10.628,23403,8
652,E01000651,Bromley 020A,E09000006,Bromley,9.788,24779,8,0.069,21715,7,0.041,27555,9,2.014,30881,10,-1.152,29963,10,-0.932,28542,9,36.719,3320,2,17.403,17288,6
653,E01000652,Bromley 022B,E09000006,Bromley,6.271,29124,9,0.037,29296,9,0.029,30896,10,3.905,28642,9,-1.415,31400,10,-0.013,16890,6,25.694,10464,4,14.014,20099,7
654,E01000653,Bromley 016D,E09000006,Bromley,9.788,24777,8,0.048,26720,9,0.057,22418,7,3.599,29010,9,-0.593,24625,8,-0.628,25399,8,34.803,4171,2,11.051,22953,7
655,E01000654,Bromley 039A,E09000006,Bromley,7.92,27153,9,0.049,26402,9,0.038,28526,9,18.375,14855,5,-1.028,29051,9,-0.737,26661,9,25.516,10647,4,8.279,25874,8
656,E01000655,Bromley 039B,E09000006,Bromley,10.106,24376,8,0.047,26857,9,0.037,28669,9,18.763,14582,5,-1.195,30257,10,-0.346,21691,7,35.794,3728,2,6.358,27953,9
657,E01000656,Bromley 039C,E09000006,Bromley,6.82,28540,9,0.046,27019,9,0.04,27871,9,13.805,18327,6,-1.334,31032,10,0.015,16440,6,16.67,20845,7,9.626,24448,8
658,E01000657,Bromley 039D,E09000006,Bromley,12.177,21964,7,0.096,16881,6,0.066,19911,7,14.077,18103,6,-0.518,23664,8,0.023,16328,5,20.033,16609,6,8.588,25542,8
659,E01000658,Bromley 042A,E09000006,Bromley,6.924,28425,9,0.048,26718,9,0.048,25293,8,12.964,19078,6,-0.832,27309,9,-0.755,26829,9,20.191,16428,6,7.496,26727,9
660,E01000659,Bromley 039E,E09000006,Bromley,7.687,27441,9,0.05,26080,8,0.046,25894,8,13.743,18374,6,-1.119,29733,10,-0.373,22058,7,24.16,11977,4,5.45,28865,9
661,E01000661,Bromley 026A,E09000006,Bromley,37.586,5014,2,0.256,3764,2,0.146,6884,3,31.712,7916,3,0.197,13112,4,0.739,6066,2,47.291,663,1,15.091,19114,6
662,E01000662,Bromley 026B,E09000006,Bromley,18.168,15994,5,0.118,14000,5,0.084,15344,5,16.778,15980,5,-0.266,20121,7,0.088,15302,5,31.464,5983,2,15.422,18863,6
663,E01000663,Bromley 026C,E09000006,Bromley,17.592,16476,6,0.125,13067,4,0.091,14058,5,12.477,19515,6,-0.515,23625,8,-0.209,19764,7,34.357,4394,2,11.762,22217,7
664,E01000664,Bromley 026D,E09000006,Bromley,19.015,15225,5,0.1,16369,5,0.073,17918,6,15.782,16763,6,-0.486,23230,8,0.438,9935,4,42.084,1640,1,12.081,21913,7
665,E01000665,Bromley 033A,E09000006,Bromley,11.279,23013,8,0.066,22371,7,0.064,20378,7,11.57,20360,7,-1.19,30226,10,-0.28,20751,7,30.146,6858,3,13.303,20778,7
666,E01000666,Bromley 033B,E09000006,Bromley,5.577,29934,10,0.03,30752,10,0.03,30630,10,6.052,26114,8,-1.966,32579,10,-0.599,25066,8,29.012,7640,3,8.901,25211,8
667,E01000667,Bromley 033C,E09000006,Bromley,6.865,28484,9,0.029,31022,10,0.035,29281,9,5.326,26937,9,-1.554,31855,10,-0.536,24279,8,32.898,5139,2,11.787,22191,7
668,E01000668,Bromley 020B,E09000006,Bromley,11.493,22745,7,0.08,19463,6,0.049,25093,8,5.685,26517,9,-0.858,27566,9,0.234,12967,4,19.259,17559,6,31.968,7736,3
669,E01000669,Bromley 020C,E09000006,Bromley,8.753,26111,8,0.062,23234,8,0.052,23912,8,6.486,25620,8,-1.202,30294,10,-0.271,20628,7,19.408,17382,6,24.114,12342,4
670,E01000670,Bromley 018A,E09000006,Bromley,5.899,29576,10,0.038,29026,9,0.028,31079,10,0.891,32137,10,-2.043,32641,10,-0.548,24427,8,29.238,7482,3,15.881,18524,6
671,E01000671,Bromley 020D,E09000006,Bromley,10.594,23784,8,0.068,21835,7,0.053,23662,8,3.379,29281,9,-0.655,25406,8,-0.351,21760,7,29.784,7118,3,20.578,14838,5
672,E01000672,Bromley 011A,E09000006,Bromley,7.586,27582,9,0.048,26745,9,0.039,28233,9,3.583,29028,9,-0.807,27069,9,-0.089,17959,6,26.161,10032,4,14.228,19922,7
673,E01000673,Bromley 011B,E09000006,Bromley,8.286,26712,9,0.052,25665,8,0.044,26718,9,3.965,28577,9,-1.099,29590,10,-0.475,23433,8,30.468,6631,3,15.86,18540,6
674,E01000674,Bromley 008A,E09000006,Bromley,12.232,21905,7,0.106,15480,5,0.057,22292,7,4.842,27494,9,-0.765,26624,9,-0.054,17493,6,26.147,10045,4,18.531,16411,5
675,E01000675,Bromley 018B,E09000006,Bromley,10.154,24305,8,0.062,23329,8,0.053,23646,8,1.581,31355,10,-1.481,31638,10,0.165,14086,5,25.504,10657,4,26.866,10641,4
676,E01000676,Bromley 008B,E09000006,Bromley,20.773,13716,5,0.142,11310,4,0.09,14310,5,7.182,24838,8,-0.309,20785,7,0.615,7521,3,29.897,7038,3,29.352,9179,3
677,E01000677,Bromley 018C,E09000006,Bromley,13.342,20694,7,0.055,24934,8,0.033,30002,10,3.59,29018,9,-1.256,30641,10,0.944,3989,2,32.079,5602,2,31.302,8104,3
678,E01000678,Bromley 016E,E09000006,Bromley,8.932,25871,8,0.056,24606,8,0.047,25547,8,3.506,29123,9,-1.183,30190,10,-0.806,27359,9,31.369,6038,2,20.554,14863,5
679,E01000679,Bromley 020E,E09000006,Bromley,8.841,25999,8,0.049,26484,9,0.042,27429,9,5.647,26561,9,-0.876,27775,9,-0.111,18295,6,20.543,16009,5,31.397,8058,3
680,E01000680,Bromley 037A,E09000006,Bromley,9.169,25580,8,0.039,28819,9,0.034,29577,10,6.699,25371,8,-1.287,30792,10,-0.218,19882,7,37.116,3164,1,15.369,18898,6
681,E01000681,Bromley 035A,E09000006,Bromley,2.655,32415,10,0.014,32622,10,0.019,32308,10,4.971,27331,9,-1.722,32252,10,-1.015,29216,9,17.293,20064,7,9.747,24311,8
682,E01000682,Bromley 035B,E09000006,Bromley,4.327,31181,10,0.029,30912,10,0.03,30712,10,4.49,27923,9,-0.837,27366,9,-0.865,27933,9,19.226,17591,6,13.32,20761,7
683,E01000683,Bromley 035C,E09000006,Bromley,12.312,21817,7,0.077,20114,7,0.076,17137,6,7.182,24837,8,-0.725,26178,8,-1.035,29385,9,30.164,6843,3,18.692,16274,5
684,E01000684,Bromley 035D,E09000006,Bromley,3.543,31879,10,0.022,32061,10,0.027,31313,10,2.82,29957,10,-1.699,32215,10,-1.62,32110,10,25.053,11057,4,8.39,25767,8
685,E01000685,Bromley 037B,E09000006,Bromley,12.631,21456,7,0.096,16886,6,0.08,16212,5,14.175,18008,6,-0.54,23918,8,-0.266,20561,7,18.592,18372,6,9.988,24067,8
686,E01000686,Bromley 037C,E09000006,Bromley,7.29,27949,9,0.07,21407,7,0.043,26859,9,4.859,27474,9,-1.376,31244,10,-0.668,25843,8,22.926,13289,5,13.504,20581,7
687,E01000687,Bromley 037D,E09000006,Bromley,6.541,28847,9,0.064,22787,7,0.042,27232,9,4.928,27385,9,-1.022,28992,9,-0.933,28544,9,17.999,19131,6,17.435,17262,6
688,E01000688,Bromley 037E,E09000006,Bromley,2.568,32463,10,0.028,31116,10,0.024,31792,10,2.222,30632,10,-1.452,31549,10,-0.661,25773,8,15.104,22855,7,8.404,25745,8
689,E01000689,Bromley 002A,E09000006,Bromley,21.75,12957,4,0.144,11019,4,0.103,12010,4,15.501,16977,6,0.044,15332,5,0.099,15140,5,33.96,4587,2,15.039,19163,6
690,E01000690,Bromley 002B,E09000006,Bromley,7.176,28098,9,0.042,28005,9,0.035,29263,9,4.034,28491,9,-1.367,31200,10,0.518,8816,3,20.212,16404,5,13.506,20578,7
691,E01000691,Bromley 002C,E09000006,Bromley,13.121,20929,7,0.114,14435,5,0.073,18061,6,11.407,20516,7,-0.679,25706,8,-0.314,21242,7,21.036,15460,5,16.098,18336,6
692,E01000692,Bromley 002D,E09000006,Bromley,6.716,28643,9,0.051,25972,8,0.031,30294,10,4.654,27723,9,-1.168,30088,10,-0.038,17270,6,17.803,19407,6,22.467,13507,5
693,E01000693,Bromley 010A,E09000006,Bromley,11.702,22520,7,0.044,27710,9,0.044,26643,9,4.516,27887,9,-1.153,29965,10,0.369,10896,4,37.659,2953,1,21.794,13984,5
694,E01000694,Bromley 007C,E09000006,Bromley,7.762,27349,9,0.057,24558,8,0.048,25287,8,3.536,29088,9,-1.534,31796,10,-0.242,20220,7,26.788,9471,3,12.181,21810,7
695,E01000695,Bromley 007D,E09000006,Bromley,7.554,27622,9,0.044,27726,9,0.037,28642,9,2.897,29860,10,-1.806,32387,10,0.187,13722,5,25.709,10449,4,18.309,16575,6
696,E01000696,Bromley 007E,E09000006,Bromley,7.31,27929,9,0.024,31679,10,0.026,31374,10,0.792,32251,10,-1.647,32101,10,0.603,7708,3,27.035,9240,3,14.813,19381,6
697,E01000697,Bromley 007F,E09000006,Bromley,3.492,31919,10,0.022,32003,10,0.016,32554,10,0.544,32487,10,-1.64,32084,10,-1.199,30451,10,24.506,11621,4,12.336,21665,7
698,E01000698,Bromley 010B,E09000006,Bromley,14.009,19941,7,0.034,30002,10,0.038,28363,9,5.447,26782,9,-1.303,30873,10,1.25,1974,1,40.967,1940,1,10.607,23428,8
699,E01000699,Bromley 015A,E09000006,Bromley,20.128,14234,5,0.14,11486,4,0.09,14358,5,17.843,15246,5,-0.219,19417,6,0.157,14203,5,25.725,10433,4,28.272,9801,3
700,E01000700,Bromley 013A,E09000006,Bromley,13.73,20231,7,0.093,17381,6,0.079,16634,6,7.351,24649,8,-0.666,25539,8,-0.314,21244,7,24.585,11547,4,26.312,10983,4
701,E01000701,Bromley 015B,E09000006,Bromley,12.788,21278,7,0.1,16326,5,0.067,19667,6,6.041,26125,8,-0.749,26453,9,-0.539,24320,8,23.007,13201,5,29.878,8886,3
702,E01000702,Bromley 013B,E09000006,Bromley,10.113,24366,8,0.054,25086,8,0.046,26069,8,3.842,28721,9,-0.765,26628,9,-0.229,20044,7,24.565,11565,4,33.925,6729,3
703,E01000703,Bromley 013C,E09000006,Bromley,10.469,23918,8,0.058,24308,8,0.046,25897,8,1.038,31982,10,-1.123,29755,10,0.059,15753,5,23.123,13078,4,37.905,5026,2
704,E01000704,Bromley 015C,E09000006,Bromley,10.323,24111,8,0.067,22246,7,0.052,23931,8,7.533,24444,8,-1.049,29210,9,0.089,15285,5,20.616,15928,5,26.735,10720,4
705,E01000705,Bromley 015D,E09000006,Bromley,16.348,17604,6,0.103,15909,5,0.085,15229,5,4.872,27459,9,-0.904,28008,9,0.181,13837,5,28.845,7773,3,31.404,8055,3
706,E01000706,Bromley 013D,E09000006,Bromley,16.599,17373,6,0.106,15552,5,0.079,16628,6,10.429,21427,7,-0.665,25524,8,0.105,15053,5,30.076,6922,3,27.252,10389,4
707,E01000707,Bromley 041A,E09000006,Bromley,3.318,32027,10,0.024,31733,10,0.028,30974,10,1.97,30923,10,-1.831,32436,10,-0.758,26874,9,9.861,28729,9,22.939,13168,5
708,E01000708,Bromley 041B,E09000006,Bromley,7.865,27232,9,0.049,26412,9,0.047,25782,8,4.864,27469,9,-0.903,28005,9,-0.168,19172,6,20.706,15830,5,22.097,13784,5
709,E01000709,Bromley 006A,E09000006,Bromley,16.171,17782,6,0.105,15610,5,0.08,16410,5,9.424,22448,7,-0.101,17588,6,-0.432,22863,7,31.908,5713,2,18.199,16658,6
710,E01000710,Bromley 006B,E09000006,Bromley,10.333,24099,8,0.066,22339,7,0.035,29282,9,3.489,29146,9,-1.316,30932,10,0.442,9883,4,31.06,6238,2,16.767,17783,6
711,E01000711,Bromley 006C,E09000006,Bromley,11.785,22423,7,0.073,20929,7,0.043,27013,9,8.969,22890,7,-1.444,31518,10,0.279,12257,4,33.96,4588,2,15.273,18971,6
712,E01000712,Bromley 012A,E09000006,Bromley,7.002,28325,9,0.04,28634,9,0.03,30734,10,3.032,29692,10,-1.883,32500,10,0.28,12240,4,26.89,9378,3,13.06,20991,7
713,E01000713,Bromley 012B,E09000006,Bromley,8.117,26931,9,0.043,27862,9,0.04,27784,9,3.183,29530,9,-1.301,30862,10,-0.074,17758,6,31.677,5854,2,14.207,19939,7
714,E01000714,Bromley 006D,E09000006,Bromley,9.987,24549,8,0.064,22867,7,0.043,26974,9,7.873,24073,8,-1.493,31679,10,0.352,11143,4,24.076,12055,4,21.135,14455,5
715,E01000715,Bromley 012C,E09000006,Bromley,6.57,28816,9,0.041,28283,9,0.038,28519,9,1.911,30994,10,-0.974,28607,9,-0.017,16942,6,21.095,15388,5,19.004,16039,5
716,E01000716,Bromley 011C,E09000006,Bromley,7.53,27657,9,0.066,22448,7,0.046,26115,8,1.618,31307,10,-0.924,28177,9,-0.498,23773,8,24.673,11460,4,12.843,21182,7
717,E01000717,Bromley 011D,E09000006,Bromley,8.436,26511,9,0.06,23743,8,0.042,27144,9,2.838,29937,10,-1.554,31857,10,-0.64,25532,8,31.176,6174,2,18.385,16525,6
718,E01000718,Bromley 006E,E09000006,Bromley,27.328,9395,3,0.175,8372,3,0.112,10745,4,16.831,15940,5,-0.622,24973,8,0.13,14658,5,45.21,1026,1,34.553,6447,2
719,E01000719,Bromley 019A,E09000006,Bromley,25.428,10496,4,0.171,8678,3,0.1,12584,4,22.042,12511,4,0.136,13931,5,0.699,6513,2,30.158,6847,3,21.126,14465,5
720,E01000720,Bromley 019B,E09000006,Bromley,43.281,3404,2,0.282,2798,1,0.159,5812,2,38.949,5647,2,0.131,14017,5,1.099,2812,1,48.836,469,1,23.439,12823,4
721,E01000721,Bromley 019C,E09000006,Bromley,43.217,3421,2,0.301,2169,1,0.185,3998,2,41.198,5084,2,0.563,8362,3,1.103,2782,1,31.599,5911,2,17.088,17506,6
722,E01000722,Bromley 023A,E09000006,Bromley,23.575,11642,4,0.156,9999,4,0.103,12012,4,26.349,10132,4,-0.098,17537,6,0.728,6205,2,20.289,16313,5,24.443,12128,4
723,E01000723,Bromley 029A,E09000006,Bromley,13.714,20244,7,0.068,21998,7,0.069,18975,6,20.572,13418,5,-0.759,26567,9,0.088,15310,5,29.35,7400,3,11.657,22315,7
724,E01000724,Bromley 019D,E09000006,Bromley,36.128,5486,2,0.231,4917,2,0.149,6702,3,37.704,5991,2,0.384,10542,4,1.02,3368,2,36.32,3495,2,12.903,21142,7
725,E01000725,Bromley 023B,E09000006,Bromley,27.914,9089,3,0.191,7244,3,0.115,10301,4,23.314,11720,4,0.045,15318,5,0.687,6649,3,30.825,6401,2,26.554,10834,4
726,E01000726,Bromley 029B,E09000006,Bromley,16.178,17771,6,0.089,17999,6,0.077,16898,6,12.719,19294,6,-0.746,26423,9,1.035,3258,1,20.199,16420,5,16.807,17750,6
727,E01000727,Bromley 028A,E09000006,Bromley,14.486,19463,6,0.096,16973,6,0.067,19650,6,12.719,19293,6,-0.745,26408,9,0.135,14567,5,26.851,9417,3,22.961,13150,5
728,E01000728,Bromley 019E,E09000006,Bromley,21.443,13215,5,0.126,13041,4,0.1,12488,4,23.681,11508,4,-0.541,23947,8,0.772,5716,2,28.573,7985,3,15.388,18886,6
729,E01000729,Bromley 014A,E09000006,Bromley,40.937,3993,2,0.276,2982,1,0.192,3589,2,37.926,5928,2,0.55,8514,3,1.005,3484,2,30.032,6947,3,15.74,18640,6
730,E01000730,Bromley 014B,E09000006,Bromley,41.8,3782,2,0.287,2654,1,0.189,3759,2,36.726,6254,2,0.435,9880,4,0.815,5257,2,39.288,2406,1,14.675,19501,6
731,E01000731,Bromley 023C,E09000006,Bromley,29.743,8144,3,0.185,7675,3,0.12,9636,3,30.094,8521,3,-0.259,20005,7,0.757,5862,2,40.926,1953,1,18.48,16446,6
732,E01000732,Bromley 023D,E09000006,Bromley,14.361,19583,6,0.104,15759,5,0.078,16878,6,11.339,20576,7,-0.742,26380,9,0.006,16578,6,27.23,9051,3,13.971,20136,7
733,E01000733,Bromley 023E,E09000006,Bromley,19.956,14387,5,0.146,10855,4,0.093,13737,5,18.12,15059,5,-0.598,24684,8,0.552,8377,3,23.401,12759,4,22.537,13453,5
734,E01000734,Bromley 028B,E09000006,Bromley,11.971,22209,7,0.082,19251,6,0.061,21152,7,11.502,20413,7,-0.915,28105,9,-0.42,22695,7,29.127,7557,3,16.353,18100,6
735,E01000735,Bromley 014C,E09000006,Bromley,30.057,8001,3,0.181,7954,3,0.126,8939,3,39.513,5487,2,0.002,15981,5,0.696,6553,2,31.314,6080,2,23.511,12776,4
736,E01000736,Bromley 010C,E09000006,Bromley,21.883,12857,4,0.151,10416,4,0.107,11449,4,25.394,10618,4,-0.487,23242,8,0.231,13007,4,29.127,7556,3,16.629,17884,6
737,E01000737,Bromley 010D,E09000006,Bromley,32.209,7000,3,0.221,5493,2,0.145,7025,3,23.693,11501,4,0.146,13780,5,0.967,3786,2,32.71,5255,2,19.052,16001,5
738,E01000738,Bromley 014D,E09000006,Bromley,20.161,14203,5,0.117,14072,5,0.089,14442,5,18.316,14904,5,-0.324,21039,7,0.893,4452,2,24.607,11523,4,20.281,15072,5
739,E01000739,Bromley 014E,E09000006,Bromley,42.448,3608,2,0.283,2777,1,0.184,4077,2,43.511,4522,2,0.238,12537,4,1.455,1192,1,31.223,6144,2,16.047,18380,6
740,E01000740,Bromley 005A,E09000006,Bromley,25.699,10368,4,0.162,9485,3,0.09,14230,5,11.122,20780,7,-0.252,19895,7,1.158,2473,1,38.502,2659,1,23.356,12880,4
741,E01000741,Bromley 005B,E09000006,Bromley,24.882,10835,4,0.151,10393,4,0.106,11570,4,11.966,19966,7,0.225,12709,4,0.396,10510,4,37.051,3182,1,26.0,11158,4
742,E01000742,Bromley 005C,E09000006,Bromley,23.251,11887,4,0.16,9668,3,0.092,13961,5,8.838,23035,8,-0.561,24191,8,0.489,9218,3,39.099,2454,1,30.759,8381,3
743,E01000743,Bromley 009A,E09000006,Bromley,34.812,5959,2,0.223,5352,2,0.171,4950,2,20.59,13403,5,0.455,9653,3,0.86,4796,2,34.118,4515,2,22.414,13555,5
744,E01000744,Bromley 009B,E09000006,Bromley,41.713,3807,2,0.301,2178,1,0.196,3377,2,29.492,8787,3,0.584,8125,3,0.511,8927,3,38.555,2641,1,16.883,17688,6
745,E01000745,Bromley 005D,E09000006,Bromley,19.473,14848,5,0.126,12939,4,0.078,16673,6,5.509,26705,9,-0.541,23948,8,0.537,8577,3,39.568,2333,1,19.876,15383,5
746,E01000746,Bromley 005E,E09000006,Bromley,17.48,16568,6,0.115,14355,5,0.066,19967,7,10.56,21300,7,-0.735,26305,9,0.515,8870,3,32.942,5113,2,25.356,11549,4
747,E01000747,Bromley 042B,E09000006,Bromley,20.247,14131,5,0.09,17926,6,0.063,20596,7,17.091,15748,5,-0.819,27196,9,-0.08,17845,6,54.288,78,1,21.382,14278,5
748,E01000748,Bromley 042C,E09000006,Bromley,12.664,21419,7,0.037,29393,9,0.037,28847,9,12.772,19236,6,-1.401,31343,10,-0.294,20956,7,45.766,926,1,22.504,13473,5
749,E01000749,Bromley 036A,E09000006,Bromley,11.329,22952,7,0.05,26174,8,0.04,27853,9,8.842,23032,8,-1.224,30448,10,-0.128,18554,6,42.721,1485,1,10.532,23506,8
750,E01000750,Bromley 036B,E09000006,Bromley,30.702,7689,3,0.201,6604,3,0.167,5166,2,29.238,8883,3,-0.234,19633,6,-0.557,24540,8,45.523,965,1,8.361,25801,8
751,E01000751,Bromley 036C,E09000006,Bromley,6.681,28683,9,0.042,28198,9,0.036,29061,9,8.205,23730,8,-0.945,28364,9,-0.186,19431,6,24.783,11336,4,8.338,25821,8
752,E01000752,Bromley 036D,E09000006,Bromley,8.395,26565,9,0.058,24283,8,0.05,24834,8,7.71,24229,8,-0.948,28391,9,0.062,15719,5,19.2,17620,6,15.821,18568,6
753,E01000753,Bromley 031A,E09000006,Bromley,6.135,29304,9,0.022,32001,10,0.032,30236,10,4.969,27336,9,-1.559,31877,10,-1.519,31844,10,34.805,4170,2,9.678,24385,8
754,E01000754,Bromley 031B,E09000006,Bromley,7.427,27768,9,0.047,26903,9,0.033,29763,10,5.669,26535,9,-0.892,27916,9,-0.818,27483,9,31.041,6249,2,13.082,20970,7
755,E01000755,Bromley 031C,E09000006,Bromley,5.078,30441,10,0.03,30725,10,0.027,31198,10,2.927,29821,10,-1.067,29347,9,-1.187,30394,10,29.191,7509,3,9.427,24650,8
756,E01000756,Bromley 033D,E09000006,Bromley,4.925,30572,10,0.034,29898,10,0.025,31557,10,3.93,28620,9,-1.5,31701,10,-0.196,19558,6,20.226,16391,5,15.362,18904,6
757,E01000757,Bromley 031D,E09000006,Bromley,4.451,31058,10,0.015,32614,10,0.019,32360,10,3.375,29285,9,-1.667,32145,10,-1.499,31779,10,29.444,7343,3,10.908,23099,8
758,E01000758,Bromley 031E,E09000006,Bromley,3.339,32014,10,0.02,32241,10,0.022,32013,10,1.591,31347,10,-1.472,31607,10,-1.034,29373,9,22.708,13522,5,11.072,22927,7
759,E01000759,Bromley 034A,E09000006,Bromley,7.816,27295,9,0.025,31604,10,0.042,27370,9,7.632,24338,8,-1.345,31088,10,-0.139,18717,6,30.886,6361,2,13.902,20202,7
760,E01000760,Bromley 034B,E09000006,Bromley,9.071,25692,8,0.042,28038,9,0.033,29828,10,8.165,23765,8,-1.025,29021,9,-0.639,25521,8,34.33,4414,2,21.405,14261,5
761,E01000761,Bromley 034C,E09000006,Bromley,7.262,27991,9,0.028,31212,10,0.032,30043,10,8.342,23588,8,-1.367,31202,10,-0.028,17111,6,28.364,8139,3,14.774,19420,6
762,E01000762,Bromley 018D,E09000006,Bromley,6.964,28376,9,0.055,24939,8,0.039,28185,9,3.552,29069,9,-1.009,28901,9,-1.12,29995,10,28.715,7881,3,12.109,21884,7
763,E01000763,Bromley 027A,E09000006,Bromley,5.404,30116,10,0.022,32066,10,0.021,32092,10,7.982,23968,8,-1.377,31250,10,-0.334,21507,7,24.046,12092,4,14.373,19791,7
764,E01000764,Bromley 027B,E09000006,Bromley,12.203,21942,7,0.08,19623,6,0.069,19010,6,9.744,22104,7,-0.6,24710,8,-0.349,21735,7,27.445,8879,3,14.972,19230,6
765,E01000765,Bromley 034D,E09000006,Bromley,7.214,28050,9,0.051,25959,8,0.045,26237,8,5.359,26887,9,-1.418,31410,10,-0.04,17296,6,20.499,16071,5,16.56,17933,6
766,E01000766,Bromley 027C,E09000006,Bromley,3.044,32211,10,0.021,32117,10,0.031,30468,10,3.939,28609,9,-1.817,32404,10,-0.926,28484,9,15.996,21686,7,12.668,21345,7
767,E01000767,Bromley 027D,E09000006,Bromley,4.764,30743,10,0.023,31842,10,0.029,30819,10,4.277,28200,9,-1.505,31721,10,0.016,16428,6,17.297,20058,7,15.998,18427,6
768,E01000768,Bromley 034E,E09000006,Bromley,8.72,26148,8,0.048,26744,9,0.048,25361,8,2.122,30764,10,-1.153,29966,10,0.025,16307,5,30.654,6497,2,14.137,19991,7
769,E01000769,Bromley 024A,E09000006,Bromley,23.938,11404,4,0.098,16661,6,0.128,8751,3,10.464,21394,7,-0.349,21441,7,1.423,1275,1,32.803,5194,2,14.269,19893,7
770,E01000770,Bromley 012D,E09000006,Bromley,6.02,29445,9,0.036,29525,9,0.029,30904,10,1.008,32015,10,-1.79,32364,10,0.205,13409,5,20.137,16482,6,21.103,14480,5
771,E01000771,Bromley 041C,E09000006,Bromley,5.485,30037,10,0.02,32176,10,0.027,31305,10,2.625,30199,10,-1.875,32490,10,0.245,12793,4,15.79,21956,7,23.885,12501,4
772,E01000772,Bromley 012E,E09000006,Bromley,4.052,31454,10,0.045,27432,9,0.025,31547,10,1.747,31168,10,-1.48,31635,10,-1.148,30155,10,20.563,15986,5,13.264,20817,7
773,E01000773,Bromley 024B,E09000006,Bromley,6.474,28902,9,0.038,29080,9,0.04,27891,9,6.264,25880,8,-1.527,31777,10,-0.834,27629,9,24.617,11504,4,20.236,15102,5
774,E01000774,Bromley 041D,E09000006,Bromley,9.362,25304,8,0.057,24413,8,0.044,26532,9,10.949,20950,7,-0.995,28774,9,0.277,12275,4,20.234,16383,5,18.585,16365,5
775,E01000775,Bromley 024C,E09000006,Bromley,7.336,27896,9,0.045,27354,9,0.032,30254,10,5.636,26571,9,-2.264,32751,10,-0.522,24085,8,30.907,6348,2,16.535,17960,6
776,E01000777,Bromley 024D,E09000006,Bromley,7.717,27406,9,0.038,29178,9,0.034,29594,10,5.817,26370,9,-1.165,30067,10,-0.303,21102,7,28.744,7861,3,21.252,14363,5
777,E01000778,Bromley 024E,E09000006,Bromley,13.162,20877,7,0.069,21694,7,0.065,20130,7,11.41,20509,7,-0.711,26040,8,-0.432,22854,7,34.908,4128,2,17.882,16919,6
778,E01000779,Bromley 001A,E09000006,Bromley,15.109,18817,6,0.086,18503,6,0.064,20340,7,8.0,23939,8,-0.903,28002,9,0.985,3648,2,19.952,16709,6,27.105,10474,4
779,E01000780,Bromley 001B,E09000006,Bromley,22.669,12270,4,0.157,9886,4,0.101,12322,4,27.179,9740,3,-0.641,25233,8,0.7,6507,2,25.556,10610,4,18.395,16514,6
780,E01000781,Bromley 001C,E09000006,Bromley,37.305,5113,2,0.252,3919,2,0.16,5734,2,38.769,5693,2,0.412,10166,4,0.977,3709,2,32.388,5432,2,14.375,19789,7
781,E01000782,Bromley 001D,E09000006,Bromley,47.689,2534,1,0.292,2474,1,0.221,2229,1,38.44,5785,2,0.778,6107,2,1.061,3069,1,38.35,2717,1,22.483,13490,5
782,E01000783,Bromley 001E,E09000006,Bromley,31.443,7328,3,0.208,6186,2,0.125,9120,3,40.461,5255,2,0.026,15611,5,1.017,3390,2,29.262,7465,3,15.39,18884,6
783,E01000784,Bromley 002E,E09000006,Bromley,10.181,24279,8,0.068,21821,7,0.053,23768,8,6.486,25618,8,-0.736,26323,9,0.192,13650,5,20.504,16061,5,20.624,14808,5
784,E01000785,Bromley 001F,E09000006,Bromley,31.622,7238,3,0.229,5056,2,0.153,6280,2,28.8,9064,3,-0.033,16515,6,0.859,4809,2,25.988,10188,4,20.129,15185,5
785,E01000786,Bromley 032A,E09000006,Bromley,9.502,25123,8,0.043,27873,9,0.056,22826,7,3.939,28608,9,-1.154,29973,10,0.256,12619,4,31.19,6167,2,9.849,24204,8
786,E01000787,Bromley 029C,E09000006,Bromley,22.391,12471,4,0.133,12226,4,0.108,11236,4,25.004,10824,4,-0.604,24761,8,0.831,5106,2,26.887,9380,3,16.702,17821,6
787,E01000788,Bromley 029D,E09000006,Bromley,23.025,12035,4,0.128,12764,4,0.084,15400,5,16.089,16498,6,-0.85,27511,9,1.182,2335,1,31.437,6002,2,31.332,8088,3
788,E01000789,Bromley 032B,E09000006,Bromley,36.636,5332,2,0.287,2622,1,0.176,4560,2,39.884,5391,2,0.031,15537,5,0.34,11330,4,32.05,5625,2,12.485,21529,7
789,E01000790,Bromley 028C,E09000006,Bromley,13.639,20322,7,0.079,19702,6,0.062,20846,7,4.591,27798,9,-1.254,30619,10,0.096,15180,5,26.017,10164,4,38.34,4866,2
790,E01000791,Bromley 029E,E09000006,Bromley,9.652,24944,8,0.053,25336,8,0.058,22071,7,10.176,21655,7,-0.958,28476,9,-0.04,17283,6,24.617,11505,4,14.228,19921,7
791,E01000792,Bromley 032C,E09000006,Bromley,18.856,15361,5,0.137,11822,4,0.096,13263,5,17.167,15689,5,-0.679,25692,8,0.901,4379,2,19.423,17358,6,9.504,24584,8
792,E01000793,Bromley 032D,E09000006,Bromley,4.826,30674,10,0.025,31567,10,0.03,30602,10,2.845,29926,10,-1.042,29145,9,-0.513,23975,8,22.872,13346,5,14.34,19826,7
793,E01000794,Bromley 035E,E09000006,Bromley,3.686,31758,10,0.03,30843,10,0.033,29892,10,3.434,29209,9,-1.267,30687,10,-1.244,30705,10,21.631,14744,5,8.175,25973,8
794,E01000795,Bromley 032E,E09000006,Bromley,14.293,19648,6,0.107,15405,5,0.086,15132,5,10.186,21647,7,-0.456,22839,7,-0.538,24301,8,27.711,8678,3,10.75,23263,8
795,E01000796,Bromley 009C,E09000006,Bromley,30.14,7964,3,0.239,4535,2,0.155,6085,2,22.635,12151,4,0.013,15806,5,0.174,13933,5,32.284,5477,2,14.841,19355,6
796,E01000797,Bromley 013E,E09000006,Bromley,13.477,20518,7,0.055,24859,8,0.065,20102,7,2.98,29759,10,-0.777,26756,9,0.809,5310,2,26.769,9491,3,26.241,11028,4
797,E01000798,Bromley 009D,E09000006,Bromley,42.145,3678,2,0.281,2851,1,0.18,4295,2,33.238,7363,3,0.281,11895,4,1.189,2298,1,33.848,4652,2,32.612,7409,3
798,E01000799,Bromley 004A,E09000006,Bromley,19.434,14874,5,0.116,14179,5,0.092,13913,5,8.123,23817,8,-0.731,26257,8,0.807,5342,2,24.677,11452,4,33.366,7021,3
799,E01000800,Bromley 009E,E09000006,Bromley,28.064,8996,3,0.182,7874,3,0.121,9534,3,18.249,14958,5,-0.405,22181,7,1.126,2641,1,30.856,6383,2,28.545,9642,3
800,E01000801,Bromley 015E,E09000006,Bromley,18.196,15958,5,0.115,14328,5,0.089,14468,5,13.786,18341,6,-0.566,24273,8,0.218,13220,5,26.417,9791,3,29.681,9002,3
801,E01000802,Bromley 004B,E09000006,Bromley,19.757,14577,5,0.134,12127,4,0.08,16412,5,6.293,25851,8,-0.62,24957,8,0.396,10504,4,26.855,9411,3,43.053,3390,2
802,E01000803,Bromley 004C,E09000006,Bromley,17.243,16781,6,0.116,14233,5,0.08,16370,5,6.858,25194,8,-0.422,22411,7,0.061,15730,5,29.781,7120,3,30.195,8694,3
803,E01000804,Bromley 004D,E09000006,Bromley,8.331,26655,9,0.05,26157,8,0.042,27379,9,2.85,29917,10,-1.323,30978,10,0.308,11826,4,21.758,14602,5,23.168,13010,4
804,E01000805,Bromley 004E,E09000006,Bromley,21.754,12954,4,0.133,12174,4,0.074,17766,6,14.848,17462,6,-0.346,21391,7,0.742,6038,2,24.544,11587,4,43.533,3290,2
805,E01000806,Bromley 009F,E09000006,Bromley,25.697,10370,4,0.19,7318,3,0.105,11780,4,19.111,14314,5,-0.114,17794,6,0.313,11747,4,33.09,5026,2,28.513,9663,3
806,E01000807,Bromley 022C,E09000006,Bromley,6.047,29408,9,0.039,28900,9,0.039,28223,9,3.444,29200,9,-1.405,31365,10,-0.392,22343,7,20.096,16528,6,22.49,13484,5
807,E01000808,Bromley 025A,E09000006,Bromley,7.005,28321,9,0.051,25931,8,0.059,21796,7,3.825,28734,9,-1.346,31094,10,-0.602,25107,8,23.051,13150,5,9.942,24121,8
808,E01000809,Bromley 022D,E09000006,Bromley,4.188,31318,10,0.027,31302,10,0.031,30334,10,4.96,27348,9,-1.492,31676,10,-0.688,26093,8,21.159,15316,5,11.29,22689,7
809,E01000810,Bromley 025B,E09000006,Bromley,2.339,32559,10,0.016,32498,10,0.019,32332,10,2.221,30633,10,-1.94,32557,10,-0.794,27243,9,15.641,22172,7,10.912,23093,8
810,E01000811,Bromley 025C,E09000006,Bromley,5.127,30389,10,0.031,30598,10,0.031,30314,10,4.496,27914,9,-1.354,31130,10,-0.22,19913,7,19.643,17077,6,16.52,17970,6
811,E01000812,Bromley 028D,E09000006,Bromley,10.196,24258,8,0.08,19555,6,0.061,21230,7,5.542,26676,9,-1.174,30132,10,-0.065,17615,6,22.711,13517,5,16.508,17979,6
812,E01000813,Bromley 025D,E09000006,Bromley,3.255,32063,10,0.029,30905,10,0.031,30361,10,5.801,26390,9,-1.54,31815,10,-0.54,24327,8,11.115,27513,9,11.187,22793,7
813,E01000814,Bromley 028E,E09000006,Bromley,4.284,31234,10,0.018,32379,10,0.02,32245,10,0.82,32215,10,-1.908,32527,10,-0.155,18961,6,23.46,12712,4,12.445,21563,7
814,E01000815,Bromley 025E,E09000006,Bromley,2.586,32451,10,0.012,32719,10,0.015,32590,10,2.391,30423,10,-2.036,32634,10,-0.738,26669,9,17.665,19570,6,10.944,23064,8
815,E01000816,Bromley 040A,E09000006,Bromley,14.081,19874,7,0.084,18903,6,0.064,20362,7,14.048,18125,6,-1.019,28976,9,0.363,10975,4,27.108,9164,3,20.821,14677,5
816,E01000818,Bromley 040B,E09000006,Bromley,13.454,20548,7,0.066,22262,7,0.057,22476,7,10.096,21734,7,-1.383,31275,10,0.574,8073,3,32.846,5170,2,17.92,16880,6
817,E01000819,Bromley 040C,E09000006,Bromley,26.536,9866,4,0.194,7069,3,0.12,9650,3,16.0,16581,6,-0.247,19828,7,0.642,7176,3,32.701,5262,2,24.467,12117,4
818,E01000820,Bromley 008C,E09000006,Bromley,21.127,13461,5,0.138,11662,4,0.127,8883,3,6.868,25186,8,-0.106,17666,6,0.608,7620,3,22.748,13480,5,20.864,14650,5
819,E01000822,Bromley 008D,E09000006,Bromley,13.278,20757,7,0.102,16093,5,0.066,19818,7,6.928,25117,8,-0.176,18773,6,-0.095,18064,6,20.774,15744,5,21.48,14204,5
820,E01000823,Bromley 008E,E09000006,Bromley,11.568,22675,7,0.062,23310,8,0.056,22919,7,1.878,31023,10,-0.773,26726,9,0.686,6665,3,24.928,11195,4,20.193,15130,5
821,E01000824,Bromley 008F,E09000006,Bromley,15.415,18531,6,0.105,15600,5,0.074,17648,6,3.174,29539,9,-0.434,22560,7,0.306,11845,4,25.338,10803,4,28.484,9675,3
822,E01000825,Bromley 008G,E09000006,Bromley,17.0,16991,6,0.103,15863,5,0.089,14445,5,7.188,24827,8,-0.42,22388,7,-0.453,23156,8,30.078,6920,3,32.958,7222,3
823,E01000826,Bromley 021A,E09000006,Bromley,4.317,31197,10,0.018,32388,10,0.021,32157,10,1.195,31793,10,-1.599,31981,10,-0.933,28545,9,26.565,9655,3,14.79,19405,6
824,E01000827,Bromley 021B,E09000006,Bromley,5.195,30326,10,0.05,26147,8,0.033,29788,10,3.404,29253,9,-1.731,32270,10,-0.977,28895,9,23.338,12838,4,12.462,21548,7
825,E01000828,Bromley 011E,E09000006,Bromley,10.099,24387,8,0.07,21571,7,0.059,21736,7,2.533,30286,10,-1.151,29956,10,-0.492,23672,8,30.695,6474,2,16.56,17936,6
826,E01000829,Bromley 018E,E09000006,Bromley,6.085,29353,9,0.049,26365,9,0.036,29083,9,3.389,29272,9,-1.492,31675,10,-0.924,28464,9,24.94,11176,4,17.134,17483,6
827,E01000830,Bromley 021C,E09000006,Bromley,3.748,31714,10,0.01,32782,10,0.014,32644,10,1.158,31840,10,-1.938,32555,10,-0.708,26305,9,23.713,12424,4,14.524,19633,6
828,E01000831,Bromley 021D,E09000006,Bromley,8.153,26887,9,0.068,21908,7,0.05,24785,8,1.485,31470,10,-1.263,30665,10,-1.153,30191,10,28.185,8273,3,16.522,17968,6
829,E01000832,Bromley 030A,E09000006,Bromley,5.996,29475,9,0.034,29963,10,0.034,29611,10,2.27,30563,10,-1.399,31338,10,-0.419,22685,7,28.798,7815,3,12.278,21729,7
830,E01000833,Bromley 021E,E09000006,Bromley,2.759,32354,10,0.02,32238,10,0.018,32394,10,2.366,30458,10,-1.844,32459,10,-1.161,30239,10,19.925,16745,6,10.855,23155,8
831,E01000834,Bromley 027E,E09000006,Bromley,4.859,30642,10,0.035,29810,10,0.031,30384,10,4.992,27306,9,-1.534,31798,10,-1.084,29703,10,23.788,12356,4,14.13,19997,7
832,E01000835,Bromley 030B,E09000006,Bromley,7.308,27931,9,0.069,21680,7,0.042,27253,9,6.224,25930,8,-1.212,30371,10,-0.632,25449,8,18.217,18842,6,19.678,15534,5
833,E01000836,Bromley 030C,E09000006,Bromley,5.562,29957,10,0.031,30560,10,0.029,30765,10,4.058,28469,9,-1.539,31811,10,-1.067,29590,10,28.96,7699,3,14.583,19574,6
834,E01000837,Bromley 030D,E09000006,Bromley,10.214,24247,8,0.062,23135,8,0.069,19046,6,6.417,25694,8,-0.59,24585,8,-0.327,21422,7,24.588,11543,4,12.967,21080,7
835,E01000838,Bromley 030E,E09000006,Bromley,5.005,30500,10,0.021,32095,10,0.035,29203,9,5.414,26827,9,-1.125,29773,10,-0.463,23265,8,21.962,14374,5,12.69,21331,7
836,E01000839,Bromley 030F,E09000006,Bromley,4.317,31198,10,0.014,32651,10,0.021,32136,10,3.032,29690,10,-1.659,32125,10,-0.372,22047,7,23.505,12665,4,13.31,20770,7
837,E01000840,Bromley 030G,E09000006,Bromley,10.385,24041,8,0.054,25193,8,0.058,22036,7,4.215,28268,9,-0.636,25165,8,-1.082,29693,10,34.857,4144,2,16.522,17969,6
838,E01000841,Bromley 030H,E09000006,Bromley,4.549,30964,10,0.035,29843,10,0.034,29714,10,5.334,26925,9,-1.51,31728,10,-0.779,27091,9,17.592,19670,6,17.421,17273,6
839,E01032562,Bromley 040D,E09000006,Bromley,32.456,6897,3,0.238,4592,2,0.164,5387,2,28.172,9327,3,-0.26,20031,7,0.401,10429,4,32.084,5597,2,26.173,11058,4
840,E01032563,Bromley 040E,E09000006,Bromley,8.916,25895,8,0.042,28187,9,0.035,29266,9,3.454,29185,9,-0.83,27288,9,0.659,6981,3,22.374,13877,5,19.964,15325,5
841,E01032568,Bromley 041E,E09000006,Bromley,25.535,10457,4,0.186,7613,3,0.112,10755,4,25.937,10349,4,-0.245,19799,7,0.375,10803,4,29.896,7039,3,23.533,12757,4
842,E01032570,Bromley 042D,E09000006,Bromley,12.512,21598,7,0.116,14177,5,0.08,16207,5,11.971,19961,7,-1.106,29629,10,-0.542,24351,8,22.256,14017,5,7.238,27009,9
843,E01000842,Camden 011A,E09000007,Camden,8.523,26391,9,0.052,25618,8,0.043,26950,9,5.409,26832,9,-1.457,31569,10,0.0,16679,6,20.65,15883,5,28.562,9631,3
844,E01000843,Camden 014A,E09000007,Camden,13.567,20412,7,0.124,13210,5,0.054,23273,8,5.168,27116,9,-1.42,31419,10,0.035,16140,5,22.127,14183,5,33.509,6948,3
845,E01000844,Camden 011B,E09000007,Camden,9.797,24762,8,0.051,25915,8,0.042,27271,9,1.37,31617,10,-1.241,30541,10,0.371,10865,4,19.61,17123,6,36.274,5694,2
846,E01000845,Camden 014B,E09000007,Camden,11.305,22982,7,0.078,19846,7,0.051,24313,8,4.754,27601,9,-0.873,27737,9,0.615,7515,3,16.422,21142,7,25.205,11650,4
847,E01000846,Camden 014C,E09000007,Camden,22.13,12675,4,0.172,8658,3,0.126,9008,3,7.14,24890,8,-0.456,22854,7,0.443,9870,4,21.463,14943,5,30.249,8661,3
848,E01000847,Camden 014D,E09000007,Camden,17.13,16872,6,0.153,10258,4,0.089,14432,5,6.343,25791,8,-0.86,27589,9,0.186,13745,5,20.913,15599,5,27.412,10302,4
849,E01000848,Camden 011C,E09000007,Camden,6.035,29434,9,0.044,27581,9,0.028,30998,10,4.634,27750,9,-2.093,32668,10,0.008,16558,6,16.562,20967,7,23.112,13049,4
850,E01000849,Camden 011D,E09000007,Camden,7.694,27430,9,0.042,28141,9,0.029,30762,10,11.132,20773,7,-1.155,29985,10,-0.132,18614,6,18.64,18312,6,27.837,10051,4
851,E01000850,Camden 026A,E09000007,Camden,14.252,19686,6,0.062,23331,8,0.037,28884,9,4.658,27718,9,-1.4,31342,10,0.391,10584,4,26.933,9335,3,53.259,1402,1
852,E01000851,Camden 026B,E09000007,Camden,14.959,18953,6,0.043,27860,9,0.03,30738,10,6.938,25104,8,-1.23,30485,10,-0.074,17753,6,25.463,10685,4,73.954,45,1
853,E01000852,Camden 026C,E09000007,Camden,14.633,19304,6,0.067,22053,7,0.044,26666,9,1.313,31671,10,-0.619,24947,8,0.486,9260,3,26.461,9742,3,48.184,2218,1
854,E01000853,Camden 025A,E09000007,Camden,30.826,7640,3,0.226,5183,2,0.177,4520,2,11.128,20776,7,-0.043,16678,6,0.583,7949,3,21.208,15258,5,37.016,5384,2
855,E01000854,Camden 026D,E09000007,Camden,15.832,18104,6,0.12,13625,5,0.061,21112,7,6.985,25059,8,-0.417,22350,7,-0.401,22453,7,26.288,9899,4,37.509,5165,2
856,E01000855,Camden 028A,E09000007,Camden,14.66,19276,6,0.048,26530,9,0.038,28615,9,5.262,27009,9,-1.024,29014,9,0.357,11059,4,29.218,7490,3,55.455,1132,1
857,E01000856,Camden 019A,E09000007,Camden,31.404,7345,3,0.209,6115,2,0.131,8413,3,13.089,18958,6,0.453,9671,3,1.309,1714,1,22.519,13726,5,32.37,7539,3
858,E01000857,Camden 018A,E09000007,Camden,14.85,19069,6,0.134,12128,4,0.088,14607,5,2.695,30103,10,-0.492,23320,8,-0.187,19446,6,16.043,21610,7,27.214,10410,4
859,E01000858,Camden 018B,E09000007,Camden,37.66,4987,2,0.261,3559,2,0.165,5312,2,13.07,18976,6,0.328,11236,4,1.81,405,1,25.208,10906,4,27.855,10045,4
860,E01000859,Camden 018C,E09000007,Camden,7.224,28039,9,0.05,26241,8,0.044,26595,9,3.367,29294,9,-1.571,31915,10,-0.298,21015,7,16.506,21028,7,29.592,9051,3
861,E01000860,Camden 018D,E09000007,Camden,17.703,16393,5,0.164,9299,3,0.069,18971,6,5.566,26645,9,-0.608,24814,8,0.213,13285,5,24.94,11175,4,31.218,8147,3
862,E01000861,Camden 019B,E09000007,Camden,33.498,6470,2,0.177,8227,3,0.129,8660,3,4.645,27733,9,0.213,12887,4,1.735,505,1,25.48,10667,4,54.956,1193,1
863,E01000862,Camden 018E,E09000007,Camden,10.864,23485,8,0.046,27159,9,0.037,28745,9,0.973,32046,10,-1.323,30977,10,0.975,3722,2,18.169,18909,6,34.334,6532,2
864,E01000863,Camden 021A,E09000007,Camden,34.37,6114,2,0.158,9758,3,0.137,7814,3,12.966,19076,6,0.699,6888,3,1.7,571,1,27.059,9209,3,42.259,3599,2
865,E01000864,Camden 015A,E09000007,Camden,17.932,16182,5,0.11,14899,5,0.08,16281,5,2.487,30327,10,-0.602,24737,8,0.661,6966,3,26.685,9575,3,35.131,6179,2
866,E01000865,Camden 015B,E09000007,Camden,13.236,20799,7,0.061,23464,8,0.046,26045,8,2.631,30190,10,-0.258,19996,7,0.422,10136,4,21.308,15126,5,42.017,3658,2
867,E01000866,Camden 009A,E09000007,Camden,22.434,12432,4,0.151,10424,4,0.108,11343,4,3.61,28994,9,-0.338,21252,7,0.364,10964,4,23.401,12758,4,47.262,2396,1
868,E01000867,Camden 015C,E09000007,Camden,28.4,8822,3,0.22,5547,2,0.122,9425,3,21.635,12784,4,-0.078,17222,6,0.4,10451,4,24.804,11322,4,37.23,5297,2
869,E01000868,Camden 015D,E09000007,Camden,39.291,4488,2,0.249,4088,2,0.18,4288,2,17.966,15155,5,0.452,9688,3,0.672,6828,3,31.534,5951,2,51.997,1578,1
870,E01000869,Camden 015E,E09000007,Camden,22.144,12664,4,0.162,9484,3,0.102,12214,4,5.687,26513,9,0.035,15470,5,0.402,10405,4,23.231,12948,4,35.937,5835,2
871,E01000870,Camden 009B,E09000007,Camden,26.832,9686,3,0.186,7597,3,0.142,7314,3,7.51,24472,8,-0.036,16551,6,0.66,6977,3,21.676,14684,5,39.027,4609,2
872,E01000871,Camden 005A,E09000007,Camden,14.237,19707,7,0.107,15351,5,0.065,20050,7,4.36,28079,9,-1.253,30616,10,0.87,4686,2,18.764,18152,6,22.965,13146,5
873,E01000872,Camden 005B,E09000007,Camden,24.312,11176,4,0.156,9914,4,0.111,10964,4,8.797,23082,8,-0.004,16080,5,0.819,5219,2,24.267,11862,4,35.741,5926,2
874,E01000873,Camden 005C,E09000007,Camden,8.615,26279,9,0.073,20918,7,0.052,24022,8,8.386,23543,8,-0.941,28325,9,-0.453,23158,8,14.565,23584,8,22.093,13789,5
875,E01000874,Camden 005D,E09000007,Camden,4.907,30591,10,0.035,29813,10,0.027,31262,10,2.621,30209,10,-1.49,31669,10,-0.65,25643,8,13.581,24717,8,29.47,9114,3
876,E01000875,Camden 013A,E09000007,Camden,21.838,12887,4,0.158,9775,3,0.101,12340,4,13.15,18913,6,-0.45,22771,7,0.838,5030,2,22.716,13510,5,25.818,11281,4
877,E01000876,Camden 013B,E09000007,Camden,29.94,8051,3,0.224,5318,2,0.146,6898,3,15.354,17080,6,0.434,9889,4,0.441,9905,4,26.755,9505,3,26.471,10894,4
878,E01000877,Camden 005E,E09000007,Camden,11.158,23154,8,0.083,19085,6,0.065,20015,7,4.782,27571,9,-0.542,23955,8,-0.395,22385,7,17.507,19781,7,28.082,9905,4
879,E01000878,Camden 004A,E09000007,Camden,5.647,29860,10,0.047,26800,9,0.023,31928,10,6.731,25333,8,-1.822,32413,10,-0.692,26140,8,18.386,18626,6,23.329,12904,4
880,E01000879,Camden 004B,E09000007,Camden,5.877,29597,10,0.037,29327,9,0.028,31036,10,3.902,28645,9,-2.079,32659,10,-0.304,21113,7,15.674,22114,7,30.514,8513,3
881,E01000880,Camden 004C,E09000007,Camden,6.105,29333,9,0.035,29715,10,0.027,31314,10,1.51,31445,10,-2.257,32748,10,-0.409,22550,7,21.459,14944,5,30.172,8709,3
882,E01000881,Camden 008A,E09000007,Camden,13.429,20586,7,0.094,17216,6,0.061,21132,7,11.726,20215,7,-1.238,30532,10,-0.217,19869,7,22.955,13259,5,33.608,6894,3
883,E01000882,Camden 008B,E09000007,Camden,4.319,31192,10,0.018,32407,10,0.012,32701,10,1.094,31917,10,-2.291,32757,10,-0.686,26068,8,16.752,20748,7,29.53,9082,3
884,E01000883,Camden 008C,E09000007,Camden,9.536,25075,8,0.05,26239,8,0.028,31142,10,1.81,31090,10,-1.602,31989,10,0.489,9213,3,23.195,12993,4,33.868,6756,3
885,E01000884,Camden 004D,E09000007,Camden,5.273,30248,10,0.036,29565,10,0.038,28368,9,1.073,31935,10,-1.995,32601,10,-0.667,25836,8,20.452,16128,5,22.626,13385,5
886,E01000885,Camden 004E,E09000007,Camden,7.027,28290,9,0.037,29357,9,0.022,32074,10,6.521,25577,8,-2.038,32637,10,-0.208,19745,7,24.559,11569,4,26.368,10944,4
887,E01000886,Camden 006A,E09000007,Camden,9.126,25622,8,0.075,20396,7,0.053,23895,8,3.934,28613,9,-1.492,31677,10,-0.251,20363,7,15.506,22350,7,29.929,8858,3
888,E01000887,Camden 006B,E09000007,Camden,13.063,20985,7,0.09,17838,6,0.068,19243,6,6.057,26108,8,-0.864,27641,9,0.465,9554,3,18.071,19030,6,26.3,10992,4
889,E01000888,Camden 006C,E09000007,Camden,14.584,19356,6,0.093,17438,6,0.08,16252,5,6.51,25591,8,-0.745,26411,9,0.347,11208,4,18.193,18878,6,31.576,7947,3
890,E01000889,Camden 007A,E09000007,Camden,30.868,7620,3,0.229,5054,2,0.169,5078,2,24.407,11132,4,0.415,10124,4,0.196,13571,5,18.763,18159,6,26.258,11013,4
891,E01000890,Camden 007B,E09000007,Camden,40.883,4006,2,0.294,2402,1,0.226,2021,1,33.648,7225,3,0.615,7763,3,0.404,10386,4,21.662,14706,5,20.233,15105,5
892,E01000891,Camden 007C,E09000007,Camden,38.283,4795,2,0.277,2965,1,0.19,3664,2,29.554,8763,3,0.496,9144,3,0.787,5564,2,26.18,10012,4,20.126,15187,5
893,E01000892,Camden 006D,E09000007,Camden,15.799,18135,6,0.142,11256,4,0.085,15205,5,8.699,23190,8,-1.287,30793,10,0.421,10156,4,17.637,19606,6,20.705,14754,5
894,E01000893,Camden 002A,E09000007,Camden,5.314,30202,10,0.037,29201,9,0.033,29969,10,1.183,31805,10,-1.725,32258,10,-0.245,20281,7,18.764,18156,6,22.231,13698,5
895,E01000894,Camden 002B,E09000007,Camden,6.601,28780,9,0.03,30894,10,0.025,31646,10,10.902,20986,7,-1.916,32534,10,0.063,15700,5,12.639,25841,8,29.284,9226,3
896,E01000895,Camden 002C,E09000007,Camden,8.367,26602,9,0.087,18320,6,0.044,26619,9,5.145,27133,9,-0.777,26755,9,-0.733,26614,9,15.151,22800,7,22.818,13249,5
897,E01000896,Camden 002D,E09000007,Camden,5.734,29763,10,0.024,31834,10,0.022,32030,10,2.912,29842,10,-2.131,32693,10,0.147,14353,5,13.871,24386,8,30.248,8664,3
898,E01000897,Camden 008D,E09000007,Camden,5.398,30122,10,0.03,30822,10,0.028,30989,10,1.759,31154,10,-2.098,32674,10,0.187,13725,5,11.872,26692,9,26.687,10754,4
899,E01000898,Camden 008E,E09000007,Camden,11.81,22390,7,0.104,15739,5,0.056,22836,7,8.946,22924,7,-0.217,19396,6,-0.889,28141,9,23.984,12158,4,14.835,19364,6
900,E01000899,Camden 002E,E09000007,Camden,5.971,29501,9,0.013,32705,10,0.01,32761,10,3.102,29613,10,-2.77,32829,10,-0.007,16786,6,12.864,25562,8,36.627,5528,2
901,E01000900,Camden 012A,E09000007,Camden,26.042,10171,4,0.162,9455,3,0.12,9733,3,18.221,14971,5,-0.065,17006,6,1.068,3008,1,19.569,17178,6,31.98,7729,3
902,E01000901,Camden 007D,E09000007,Camden,30.351,7868,3,0.248,4116,2,0.155,6137,2,25.217,10719,4,-0.067,17041,6,0.469,9483,3,22.769,13448,5,21.845,13949,5
903,E01000902,Camden 012B,E09000007,Camden,36.241,5453,2,0.279,2894,1,0.172,4800,2,19.724,13926,5,0.615,7757,3,0.744,5999,2,26.048,10136,4,21.975,13865,5
904,E01000903,Camden 006E,E09000007,Camden,18.925,15302,5,0.157,9868,4,0.089,14560,5,3.72,28851,9,-0.322,21000,7,0.572,8104,3,18.249,18795,6,31.053,8224,3
905,E01000904,Camden 012C,E09000007,Camden,24.584,11021,4,0.187,7498,3,0.107,11490,4,15.771,16774,6,-0.48,23128,8,1.107,2754,1,21.752,14607,5,23.772,12585,4
906,E01000905,Camden 012D,E09000007,Camden,38.075,4848,2,0.291,2490,1,0.171,4955,2,24.836,10923,4,0.524,8821,3,0.992,3588,2,22.68,13552,5,26.951,10578,4
907,E01000906,Camden 012E,E09000007,Camden,10.421,23987,8,0.072,21035,7,0.049,25070,8,1.216,31771,10,-0.941,28324,9,0.582,7966,3,18.379,18641,6,24.431,12135,4
908,E01000907,Camden 001A,E09000007,Camden,33.796,6341,2,0.236,4713,2,0.184,4083,2,19.066,14347,5,0.32,11363,4,1.103,2784,1,21.115,15367,5,18.547,16399,5
909,E01000908,Camden 001B,E09000007,Camden,27.211,9462,3,0.201,6585,3,0.155,6128,2,15.136,17264,6,-0.156,18475,6,0.183,13796,5,23.205,12982,4,33.822,6781,3
910,E01000909,Camden 001C,E09000007,Camden,11.771,22437,7,0.079,19659,6,0.071,18405,6,2.89,29867,10,-1.532,31792,10,0.228,13068,4,16.668,20848,7,31.487,8000,3
911,E01000910,Camden 003A,E09000007,Camden,9.73,24847,8,0.051,25952,8,0.048,25440,8,1.228,31749,10,-1.587,31951,10,0.657,7005,3,14.774,23323,8,32.718,7343,3
912,E01000911,Camden 003B,E09000007,Camden,16.959,17027,6,0.156,9966,4,0.103,12063,4,5.247,27026,9,-0.77,26689,9,0.184,13773,5,16.959,20488,7,22.127,13766,5
913,E01000912,Camden 001D,E09000007,Camden,22.316,12523,4,0.181,7971,3,0.107,11392,4,11.16,20743,7,-0.218,19402,6,0.737,6099,2,18.921,17950,6,24.35,12195,4
914,E01000913,Camden 001E,E09000007,Camden,9.279,25415,8,0.023,31900,10,0.032,30140,10,1.617,31309,10,-1.576,31923,10,0.983,3662,2,17.109,20297,7,31.659,7906,3
915,E01000914,Camden 028B,E09000007,Camden,13.106,20943,7,0.073,20944,7,0.052,24096,8,7.575,24400,8,-1.483,31642,10,-0.414,22616,7,22.243,14030,5,49.784,1948,1
916,E01000915,Camden 027A,E09000007,Camden,23.058,12012,4,0.195,6958,3,0.11,10994,4,13.757,18368,6,-0.388,21966,7,-0.816,27466,9,23.662,12473,4,40.954,3964,2
917,E01000916,Camden 027B,E09000007,Camden,19.491,14830,5,0.135,12013,4,0.083,15575,5,10.937,20960,7,-0.667,25554,8,-0.974,28879,9,25.341,10799,4,51.268,1702,1
918,E01000917,Camden 027C,E09000007,Camden,34.957,5902,2,0.278,2945,1,0.193,3496,2,19.078,14339,5,-0.055,16859,6,0.101,15120,5,22.324,13940,5,39.25,4523,2
919,E01000918,Camden 028C,E09000007,Camden,20.684,13788,5,0.131,12436,4,0.086,15092,5,9.457,22413,7,-0.981,28679,9,0.323,11597,4,23.461,12711,4,52.395,1517,1
920,E01000919,Camden 028D,E09000007,Camden,21.741,12962,4,0.116,14218,5,0.08,16335,5,10.534,21328,7,-0.303,20693,7,0.828,5143,2,23.423,12739,4,48.166,2221,1
921,E01000920,Camden 027D,E09000007,Camden,15.017,18902,6,0.113,14510,5,0.068,19426,6,3.863,28692,9,-0.664,25517,8,-0.498,23762,8,21.398,15017,5,43.564,3283,1
922,E01000921,Camden 003C,E09000007,Camden,15.197,18723,6,0.086,18572,6,0.061,21254,7,3.194,29510,9,-0.358,21559,7,0.657,7002,3,22.053,14264,5,35.504,6013,2
923,E01000922,Camden 007E,E09000007,Camden,21.717,12979,4,0.16,9614,3,0.103,11984,4,9.155,22703,7,0.111,14343,5,0.236,12925,4,22.659,13567,5,31.657,7908,3
924,E01000923,Camden 003D,E09000007,Camden,19.37,14943,5,0.124,13191,5,0.103,11986,4,3.479,29155,9,0.174,13405,5,0.605,7683,3,19.331,17483,6,25.607,11402,4
925,E01000924,Camden 009C,E09000007,Camden,13.294,20738,7,0.099,16420,5,0.065,20211,7,2.267,30568,10,-1.006,28872,9,0.352,11140,4,19.106,17736,6,32.866,7265,3
926,E01000925,Camden 009D,E09000007,Camden,29.369,8318,3,0.252,3920,2,0.151,6479,2,16.507,16195,5,0.16,13614,5,0.125,14729,5,22.9,13326,5,26.391,10928,4
927,E01000926,Camden 009E,E09000007,Camden,17.412,16623,6,0.149,10561,4,0.076,17162,6,4.334,28125,9,0.091,14660,5,0.196,13586,5,20.118,16510,6,25.117,11710,4
928,E01000927,Camden 007F,E09000007,Camden,14.937,18974,6,0.096,16950,6,0.067,19526,6,5.579,26622,9,-0.435,22569,7,0.685,6670,3,16.076,21562,7,31.573,7949,3
929,E01000928,Camden 003E,E09000007,Camden,20.295,14085,5,0.148,10682,4,0.108,11309,4,5.663,26540,9,-0.177,18786,6,0.265,12475,4,18.688,18251,6,36.205,5728,2
930,E01000929,Camden 020A,E09000007,Camden,25.374,10528,4,0.203,6498,2,0.123,9291,3,18.603,14700,5,-0.063,16981,6,0.323,11605,4,20.413,16163,5,30.149,8716,3
931,E01000930,Camden 020B,E09000007,Camden,30.755,7671,3,0.249,4064,2,0.118,9908,4,17.051,15773,5,0.005,15929,5,0.684,6680,3,25.149,10959,4,40.831,4006,2
932,E01000931,Camden 013C,E09000007,Camden,34.552,6050,2,0.251,3955,2,0.155,6124,2,11.856,20079,7,-0.085,17336,6,1.515,1009,1,25.412,10734,4,32.996,7205,3
933,E01000932,Camden 013D,E09000007,Camden,20.043,14310,5,0.164,9287,3,0.098,12924,4,10.65,21219,7,0.07,14950,5,0.374,10821,4,17.943,19209,6,21.605,14119,5
934,E01000933,Camden 020C,E09000007,Camden,25.739,10342,4,0.159,9691,3,0.104,11881,4,9.524,22347,7,-0.392,22026,7,1.344,1567,1,18.064,19044,6,44.647,2982,1
935,E01000934,Camden 020D,E09000007,Camden,35.446,5734,2,0.269,3267,1,0.185,3996,2,7.421,24572,8,0.761,6275,2,0.335,11421,4,27.939,8499,3,30.056,8769,3
936,E01000935,Camden 020E,E09000007,Camden,32.327,6954,3,0.277,2969,1,0.165,5353,2,14.031,18138,6,0.056,15134,5,0.112,14955,5,31.828,5758,2,24.073,12363,4
937,E01000936,Camden 024A,E09000007,Camden,21.454,13208,5,0.147,10735,4,0.081,16109,5,19.968,13780,5,-0.712,26047,8,0.094,15221,5,23.787,12358,4,46.56,2533,1
938,E01000937,Camden 025B,E09000007,Camden,14.324,19616,6,0.065,22586,7,0.038,28629,9,10.839,21048,7,-0.911,28069,9,0.599,7760,3,27.399,8911,3,39.795,4332,2
939,E01000938,Camden 024B,E09000007,Camden,33.666,6387,2,0.18,8029,3,0.125,9093,3,16.227,16387,5,0.196,13128,4,1.25,1972,1,25.309,10827,4,59.935,690,1
940,E01000939,Camden 024C,E09000007,Camden,39.074,4547,2,0.267,3310,2,0.173,4736,2,29.679,8707,3,0.226,12694,4,1.253,1958,1,22.998,13215,5,36.622,5532,2
941,E01000940,Camden 024D,E09000007,Camden,19.688,14633,5,0.144,11030,4,0.077,16975,6,8.647,23256,8,-0.212,19309,6,0.175,13925,5,24.916,11211,4,39.36,4473,2
942,E01000941,Camden 025C,E09000007,Camden,38.035,4860,2,0.271,3178,1,0.178,4445,2,17.189,15669,5,0.509,8993,3,1.164,2440,1,22.309,13955,5,34.655,6394,2
943,E01000942,Camden 025D,E09000007,Camden,15.339,18602,6,0.061,23530,8,0.033,29822,10,12.857,19162,6,-1.231,30494,10,-0.148,18859,6,22.271,14001,5,65.799,251,1
944,E01000943,Camden 025E,E09000007,Camden,19.812,14517,5,0.109,15079,5,0.11,11042,4,1.271,31711,10,-0.694,25868,8,0.348,11189,4,26.364,9842,3,43.875,3186,1
945,E01000944,Camden 023A,E09000007,Camden,22.702,12258,4,0.18,8019,3,0.1,12535,4,28.876,9026,3,-0.345,21376,7,-0.298,21016,7,22.871,13348,5,29.59,9052,3
946,E01000945,Camden 023B,E09000007,Camden,29.491,8263,3,0.192,7197,3,0.12,9707,3,19.106,14320,5,0.591,8036,3,0.203,13447,5,23.398,12762,4,46.111,2651,1
947,E01000946,Camden 021B,E09000007,Camden,14.777,19148,6,0.128,12726,4,0.066,19827,7,9.364,22508,7,-0.654,25394,8,-0.789,27193,9,21.21,15255,5,35.13,6180,2
948,E01000947,Camden 021C,E09000007,Camden,24.682,10959,4,0.157,9881,4,0.113,10600,4,7.089,24965,8,0.1,14512,5,0.528,8695,3,27.314,8975,3,39.449,4445,2
949,E01000948,Camden 021D,E09000007,Camden,28.939,8522,3,0.153,10200,4,0.116,10244,4,8.217,23719,8,-0.202,19171,6,1.814,398,1,25.334,10807,4,40.649,4056,2
950,E01000949,Camden 023C,E09000007,Camden,19.618,14696,5,0.157,9864,4,0.101,12451,4,16.538,16168,5,0.13,14027,5,-0.754,26826,9,19.441,17336,6,24.761,11934,4
951,E01000950,Camden 023D,E09000007,Camden,39.726,4347,2,0.296,2343,1,0.179,4344,2,37.491,6056,2,0.458,9620,3,0.178,13875,5,23.919,12227,4,39.712,4353,2
952,E01000951,Camden 023E,E09000007,Camden,34.249,6164,2,0.29,2536,1,0.151,6476,2,24.049,11318,4,0.281,11897,4,0.252,12697,4,22.398,13852,5,35.298,6097,2
953,E01000952,Camden 022A,E09000007,Camden,33.388,6511,2,0.23,4990,2,0.156,6034,2,22.022,12528,4,0.303,11582,4,0.988,3627,2,23.684,12454,4,31.163,8173,3
954,E01000953,Camden 022B,E09000007,Camden,37.205,5146,2,0.256,3785,2,0.132,8256,3,23.08,11853,4,0.572,8266,3,1.685,600,1,21.695,14667,5,33.191,7113,3
955,E01000954,Camden 022C,E09000007,Camden,34.893,5931,2,0.27,3203,1,0.175,4608,2,37.11,6162,2,0.352,10944,4,-0.474,23410,8,21.731,14626,5,31.142,8184,3
956,E01000955,Camden 022D,E09000007,Camden,33.231,6579,3,0.218,5633,2,0.159,5797,2,32.989,7439,3,0.238,12542,4,0.817,5240,2,21.557,14832,5,31.146,8180,3
957,E01000956,Camden 022E,E09000007,Camden,33.601,6420,2,0.227,5146,2,0.144,7144,3,26.225,10197,4,0.034,15490,5,0.769,5745,2,23.543,12612,4,47.171,2420,1
958,E01000957,Camden 019C,E09000007,Camden,26.314,9984,4,0.205,6345,2,0.132,8248,3,11.434,20480,7,-0.066,17022,6,0.59,7863,3,25.626,10542,4,26.675,10765,4
959,E01000958,Camden 019D,E09000007,Camden,24.531,11047,4,0.196,6933,3,0.108,11311,4,16.08,16501,6,0.505,9028,3,0.039,16078,5,22.273,14000,5,24.057,12374,4
960,E01000959,Camden 019E,E09000007,Camden,39.028,4567,2,0.261,3570,2,0.157,5939,2,27.503,9603,3,0.43,9939,4,1.284,1818,1,24.863,11265,4,39.819,4322,2
961,E01000960,Camden 017A,E09000007,Camden,16.477,17492,6,0.116,14178,5,0.064,20536,7,12.67,19339,6,-1.038,29128,9,0.306,11846,4,27.917,8511,3,31.202,8156,3
962,E01000961,Camden 017B,E09000007,Camden,22.612,12315,4,0.175,8389,3,0.126,8970,3,12.125,19837,7,-0.687,25788,8,0.55,8400,3,21.406,15006,5,27.573,10216,4
963,E01000962,Camden 016A,E09000007,Camden,6.05,29401,9,0.037,29249,9,0.029,30941,10,2.886,29873,10,-1.066,29340,9,-0.331,21478,7,21.046,15447,5,24.033,12388,4
964,E01000963,Camden 017C,E09000007,Camden,8.751,26116,8,0.06,23658,8,0.031,30389,10,5.354,26896,9,-1.324,30987,10,-0.12,18440,6,19.335,17478,6,34.422,6508,2
965,E01000964,Camden 016B,E09000007,Camden,17.855,16265,5,0.165,9223,3,0.093,13695,5,9.427,22446,7,-0.67,25589,8,-0.625,25367,8,28.017,8420,3,21.055,14523,5
966,E01000965,Camden 016C,E09000007,Camden,17.42,16618,6,0.144,11070,4,0.081,16175,5,9.66,22209,7,-0.355,21518,7,0.328,11520,4,19.028,17835,6,26.921,10595,4
967,E01000966,Camden 016D,E09000007,Camden,6.968,28370,9,0.037,29273,9,0.024,31775,10,3.354,29307,9,-1.341,31072,10,0.175,13923,5,23.658,12477,4,22.511,13467,5
968,E01000967,Camden 017D,E09000007,Camden,9.325,25349,8,0.057,24531,8,0.04,27813,9,3.478,29156,9,-1.818,32405,10,0.463,9591,3,18.658,18290,6,30.31,8623,3
969,E01000968,Camden 016E,E09000007,Camden,14.268,19671,6,0.101,16112,5,0.065,20113,7,8.663,23232,8,-0.833,27323,9,0.691,6603,3,15.885,21821,7,26.815,10673,4
970,E01000969,Camden 010A,E09000007,Camden,6.278,29120,9,0.047,26957,9,0.026,31399,10,0.718,32326,10,-1.361,31166,10,-0.13,18594,6,15.534,22309,7,30.575,8473,3
971,E01000970,Camden 010B,E09000007,Camden,10.284,24158,8,0.054,25148,8,0.038,28500,9,2.441,30374,10,-0.357,21554,7,-0.13,18589,6,18.811,18105,6,40.215,4190,2
972,E01000971,Camden 010C,E09000007,Camden,7.866,27230,9,0.056,24584,8,0.046,26110,8,1.098,31908,10,-1.09,29523,9,-0.518,24029,8,14.52,23640,8,35.106,6194,2
973,E01000972,Camden 010D,E09000007,Camden,27.096,9542,3,0.208,6182,2,0.147,6796,3,7.493,24492,8,-0.125,17971,6,-0.093,18022,6,30.992,6278,2,34.777,6341,2
974,E01000973,Camden 010E,E09000007,Camden,20.581,13867,5,0.132,12290,4,0.087,14804,5,8.036,23897,8,-0.13,18066,6,0.695,6557,2,23.475,12696,4,34.988,6244,2
975,E01000974,Camden 013E,E09000007,Camden,25.094,10710,4,0.183,7844,3,0.121,9538,3,14.046,18126,6,-0.178,18801,6,0.569,8151,3,26.82,9437,3,29.212,9265,3
976,E01000975,Croydon 022A,E09000008,Croydon,17.721,16380,5,0.096,16861,6,0.054,23305,8,17.617,15380,5,-0.087,17368,6,0.117,14856,5,30.552,6569,3,34.242,6578,3
977,E01000976,Croydon 022B,E09000008,Croydon,25.791,10317,4,0.149,10583,4,0.09,14371,5,11.754,20191,7,0.469,9461,3,0.277,12276,4,32.485,5385,2,44.409,3045,1
978,E01000977,Croydon 022C,E09000008,Croydon,28.332,8864,3,0.195,6983,3,0.13,8518,3,13.905,18250,6,0.41,10181,4,0.134,14593,5,35.778,3737,2,26.201,11045,4
979,E01000978,Croydon 022D,E09000008,Croydon,20.55,13895,5,0.086,18537,6,0.069,19136,6,6.279,25867,8,-0.217,19395,6,-0.05,17421,6,44.699,1109,1,43.199,3360,2
980,E01000979,Croydon 022E,E09000008,Croydon,17.568,16495,6,0.095,17083,6,0.074,17821,6,11.549,20376,7,-0.451,22779,7,-0.327,21430,7,35.213,3981,2,34.305,6551,2
981,E01000980,Croydon 017A,E09000008,Croydon,26.51,9879,4,0.192,7170,3,0.122,9475,3,11.74,20204,7,0.468,9482,3,0.242,12837,4,24.048,12089,4,33.971,6702,3
982,E01000981,Croydon 017B,E09000008,Croydon,13.993,19959,7,0.097,16718,6,0.055,23183,8,12.756,19260,6,-0.145,18313,6,-0.17,19201,6,21.591,14792,5,28.709,9557,3
983,E01000982,Croydon 017C,E09000008,Croydon,18.644,15540,5,0.138,11691,4,0.077,17082,6,14.896,17428,6,-0.413,22299,7,0.189,13682,5,24.998,11115,4,31.049,8227,3
984,E01000983,Croydon 017D,E09000008,Croydon,13.494,20498,7,0.071,21331,7,0.054,23391,8,7.826,24114,8,-0.265,20119,7,-0.068,17656,6,24.295,11826,4,36.677,5514,2
985,E01000984,Croydon 022F,E09000008,Croydon,30.644,7716,3,0.194,7036,3,0.12,9722,3,14.814,17496,6,0.876,5257,2,0.21,13328,5,33.901,4615,2,34.981,6248,2
986,E01000985,Croydon 021A,E09000008,Croydon,8.729,26136,8,0.059,23968,8,0.046,26068,8,7.55,24426,8,-0.612,24857,8,0.135,14571,5,19.045,17812,6,15.786,18592,6
987,E01000986,Croydon 021B,E09000008,Croydon,13.043,21003,7,0.083,19001,6,0.063,20620,7,3.365,29297,9,-0.596,24670,8,0.331,11473,4,27.071,9199,3,22.024,13834,5
988,E01000987,Croydon 021C,E09000008,Croydon,9.378,25290,8,0.049,26455,9,0.041,27565,9,9.596,22263,7,-0.614,24882,8,0.182,13810,5,16.638,20876,7,28.69,9564,3
989,E01000989,Croydon 018A,E09000008,Croydon,12.449,21663,7,0.079,19823,7,0.058,22149,7,14.994,17361,6,-0.386,21944,7,-0.423,22741,7,27.773,8633,3,15.104,19103,6
990,E01000990,Croydon 045A,E09000008,Croydon,40.278,4189,2,0.257,3703,2,0.195,3416,2,36.434,6317,2,0.341,11082,4,0.309,11813,4,41.084,1903,1,25.882,11241,4
991,E01000991,Croydon 018B,E09000008,Croydon,8.842,25997,8,0.05,26270,8,0.04,27838,9,8.372,23552,8,-0.794,26949,9,-0.291,20914,7,29.935,7012,3,14.526,19631,6
992,E01000992,Croydon 014A,E09000008,Croydon,32.164,7019,3,0.184,7725,3,0.161,5618,2,21.032,13117,4,0.252,12304,4,0.688,6632,3,36.639,3355,2,26.616,10799,4
993,E01000993,Croydon 021D,E09000008,Croydon,12.212,21934,7,0.069,21674,7,0.048,25392,8,10.827,21060,7,-0.395,22053,7,0.197,13558,5,23.497,12673,4,26.913,10606,4
994,E01000994,Croydon 009A,E09000008,Croydon,19.762,14569,5,0.119,13802,5,0.084,15517,5,10.333,21515,7,-0.435,22567,7,0.646,7120,3,33.54,4790,2,23.586,12720,4
995,E01000995,Croydon 009B,E09000008,Croydon,20.555,13889,5,0.117,14099,5,0.074,17805,6,10.405,21450,7,-0.514,23611,8,0.605,7688,3,34.427,4350,2,36.593,5541,2
996,E01000996,Croydon 009C,E09000008,Croydon,19.945,14397,5,0.125,13085,4,0.083,15599,5,10.517,21350,7,0.098,14542,5,0.328,11511,4,27.947,8489,3,29.686,8999,3
997,E01000997,Croydon 009D,E09000008,Croydon,22.343,12509,4,0.158,9769,3,0.092,13948,5,15.374,17065,6,0.131,14014,5,0.178,13874,5,29.497,7303,3,26.942,10583,4
998,E01000998,Croydon 010A,E09000008,Croydon,32.577,6849,3,0.175,8422,3,0.134,8031,3,17.549,15430,5,0.23,12648,4,0.985,3649,2,41.257,1848,1,33.429,6986,3
999,E01000999,Croydon 009E,E09000008,Croydon,22.777,12197,4,0.128,12751,4,0.09,14216,5,15.873,16685,6,-0.223,19468,6,0.531,8661,3,26.139,10053,4,44.395,3048,1
1000,E01001000,Croydon 010B,E09000008,Croydon,28.215,8917,3,0.135,11962,4,0.101,12288,4,15.191,17211,6,0.271,12034,4,1.216,2153,1,36.048,3611,2,32.827,7278,3
1001,E01001001,Croydon 013A,E09000008,Croydon,37.455,5065,2,0.248,4106,2,0.142,7283,3,17.488,15477,5,0.31,11481,4,0.755,5886,2,42.079,1642,1,42.834,3443,2
1002,E01001002,Croydon 009F,E09000008,Croydon,22.163,12648,4,0.133,12233,4,0.082,15849,5,17.495,15470,5,-0.009,16144,5,0.169,14021,5,31.447,5994,2,36.803,5460,2
1003,E01001003,Croydon 010C,E09000008,Croydon,24.98,10779,4,0.174,8508,3,0.095,13474,5,15.73,16811,6,-0.431,22521,7,0.227,13092,4,37.736,2919,1,36.319,5671,2
1004,E01001004,Croydon 015A,E09000008,Croydon,26.942,9626,3,0.202,6566,2,0.111,10908,4,19.15,14293,5,-0.237,19671,6,0.224,13134,4,39.551,2337,1,23.374,12862,4
1005,E01001005,Croydon 019A,E09000008,Croydon,23.204,11930,4,0.129,12607,4,0.076,17190,6,15.876,16682,6,-0.051,16797,6,0.829,5130,2,35.524,3842,2,29.98,8824,3
1006,E01001006,Croydon 016A,E09000008,Croydon,30.661,7710,3,0.185,7672,3,0.099,12785,4,22.266,12367,4,-0.096,17495,6,0.678,6757,3,54.144,80,1,18.612,16343,5
1007,E01001007,Croydon 016B,E09000008,Croydon,18.879,15344,5,0.144,11095,4,0.065,20203,7,14.397,17829,6,-0.635,25153,8,-0.108,18256,6,37.361,3073,1,25.388,11529,4
1008,E01001008,Croydon 019B,E09000008,Croydon,30.401,7840,3,0.191,7231,3,0.108,11320,4,32.108,7776,3,0.25,12330,4,0.472,9446,3,37.076,3171,1,29.963,8834,3
1009,E01001009,Croydon 019C,E09000008,Croydon,23.746,11542,4,0.153,10190,4,0.09,14297,5,12.461,19529,6,-0.234,19638,6,0.382,10706,4,37.412,3062,1,33.992,6696,3
1010,E01001010,Croydon 019D,E09000008,Croydon,41.778,3792,2,0.249,4075,2,0.147,6850,3,42.515,4750,2,0.247,12389,4,1.277,1856,1,40.48,2053,1,35.766,5907,2
1011,E01001011,Croydon 019E,E09000008,Croydon,30.871,7617,3,0.185,7705,3,0.121,9596,3,20.189,13664,5,-0.292,20531,7,0.909,4312,2,42.8,1465,1,31.737,7861,3
1012,E01001012,Croydon 020A,E09000008,Croydon,37.546,5032,2,0.206,6292,2,0.124,9219,3,23.673,11518,4,0.39,10488,4,1.13,2621,1,46.457,810,1,39.243,4527,2
1013,E01001013,Croydon 020B,E09000008,Croydon,46.101,2836,1,0.28,2862,1,0.172,4798,2,31.737,7901,3,0.869,5303,2,1.317,1680,1,45.213,1025,1,25.463,11498,4
1014,E01001014,Croydon 024A,E09000008,Croydon,30.289,7895,3,0.148,10676,4,0.093,13838,5,19.045,14363,5,0.221,12765,4,1.046,3175,1,42.79,1468,1,38.507,4800,2
1015,E01001015,Croydon 041A,E09000008,Croydon,24.292,11187,4,0.173,8597,3,0.102,12171,4,20.311,13591,5,-0.126,17984,6,-0.38,22178,7,44.38,1165,1,10.141,23914,8
1016,E01001016,Croydon 041B,E09000008,Croydon,14.363,19580,6,0.068,21999,7,0.061,21376,7,7.308,24701,8,-0.578,24421,8,-0.22,19908,7,44.543,1136,1,11.141,22838,7
1017,E01001017,Croydon 043A,E09000008,Croydon,8.041,27025,9,0.036,29612,10,0.031,30396,10,3.663,28929,9,-1.171,30109,10,-1.283,30905,10,39.662,2302,1,13.522,20560,7
1018,E01001018,Croydon 044A,E09000008,Croydon,6.431,28945,9,0.037,29223,9,0.032,30240,10,6.553,25539,8,-0.633,25133,8,-0.134,18644,6,20.002,16650,6,15.917,18490,6
1019,E01001019,Croydon 044B,E09000008,Croydon,5.448,30069,10,0.042,28229,9,0.035,29211,9,5.489,26729,9,-0.866,27654,9,-0.971,28865,9,24.244,11891,4,8.491,25646,8
1020,E01001020,Croydon 044C,E09000008,Croydon,8.448,26497,9,0.054,25143,8,0.056,22849,7,10.246,21596,7,-0.691,25837,8,-0.154,18945,6,17.438,19872,7,13.754,20350,7
1021,E01001021,Croydon 044D,E09000008,Croydon,35.481,5720,2,0.238,4619,2,0.145,7042,3,36.348,6341,2,0.673,7144,3,0.496,9130,3,38.442,2680,1,10.64,23390,8
1022,E01001022,Croydon 044E,E09000008,Croydon,9.338,25335,8,0.052,25667,8,0.044,26814,9,5.282,26986,9,-1.004,28853,9,0.057,15788,5,34.22,4470,2,7.241,27005,9
1023,E01001023,Croydon 041C,E09000008,Croydon,23.385,11765,4,0.142,11262,4,0.119,9844,3,9.142,22719,7,0.109,14367,5,0.227,13090,4,31.872,5734,2,29.812,8925,3
1024,E01001024,Croydon 043B,E09000008,Croydon,8.874,25960,8,0.061,23496,8,0.055,23019,8,6.09,26076,8,-0.647,25305,8,0.053,15839,5,17.858,19325,6,15.898,18507,6
1025,E01001025,Croydon 043C,E09000008,Croydon,6.227,29173,9,0.037,29305,9,0.029,30751,10,9.879,21957,7,-1.16,30024,10,-0.446,23068,8,24.116,12020,4,13.227,20850,7
1026,E01001026,Croydon 043D,E09000008,Croydon,12.713,21373,7,0.108,15179,5,0.065,20070,7,14.287,17912,6,-0.299,20635,7,-0.488,23606,8,21.782,14580,5,9.611,24458,8
1027,E01001027,Croydon 043E,E09000008,Croydon,10.503,23880,8,0.059,24022,8,0.051,24424,8,10.971,20924,7,-0.714,26062,8,-0.252,20377,7,30.415,6669,3,13.738,20371,7
1028,E01001028,Croydon 038A,E09000008,Croydon,6.172,29249,9,0.034,29964,10,0.048,25430,8,2.573,30247,10,-0.964,28534,9,-0.575,24781,8,23.941,12204,4,14.207,19938,7
1029,E01001029,Croydon 038B,E09000008,Croydon,14.98,18934,6,0.076,20222,7,0.068,19324,6,3.342,29325,9,-0.36,21597,7,0.149,14321,5,38.929,2506,1,16.342,18109,6
1030,E01001030,Croydon 038C,E09000008,Croydon,7.277,27962,9,0.04,28670,9,0.034,29723,10,2.039,30845,10,-0.978,28640,9,0.017,16421,5,28.79,7829,3,13.927,20171,7
1031,E01001031,Croydon 038D,E09000008,Croydon,6.872,28476,9,0.032,30499,10,0.037,28913,9,2.38,30438,10,-0.811,27120,9,0.58,7992,3,16.908,20552,7,14.699,19483,6
1032,E01001032,Croydon 035A,E09000008,Croydon,3.765,31701,10,0.021,32101,10,0.03,30592,10,1.758,31155,10,-0.763,26598,9,-0.895,28192,9,19.969,16691,6,10.837,23175,8
1033,E01001033,Croydon 031A,E09000008,Croydon,14.464,19477,6,0.067,22048,7,0.044,26834,9,7.035,25011,8,-0.518,23678,8,0.239,12881,4,30.551,6571,3,40.565,4082,2
1034,E01001034,Croydon 031B,E09000008,Croydon,14.826,19092,6,0.075,20511,7,0.061,21378,7,10.199,21635,7,-0.367,21692,7,-0.342,21633,7,34.835,4152,2,28.756,9535,3
1035,E01001035,Croydon 027A,E09000008,Croydon,18.386,15799,5,0.089,18026,6,0.074,17813,6,10.188,21642,7,0.374,10658,4,-0.144,18793,6,36.789,3279,1,20.629,14806,5
1036,E01001036,Croydon 029A,E09000008,Croydon,11.983,22193,7,0.036,29641,10,0.045,26443,9,4.595,27792,9,-0.6,24711,8,0.297,11973,4,41.006,1928,1,15.814,18575,6
1037,E01001037,Croydon 029B,E09000008,Croydon,20.404,14015,5,0.127,12919,4,0.073,17995,6,18.427,14820,5,0.002,15975,5,0.023,16333,5,25.578,10583,4,39.85,4313,2
1038,E01001038,Croydon 029C,E09000008,Croydon,18.538,15646,5,0.093,17418,6,0.075,17416,6,13.536,18559,6,0.054,15171,5,-0.18,19348,6,37.622,2965,1,23.706,12628,4
1039,E01001039,Croydon 029D,E09000008,Croydon,8.629,26259,8,0.053,25359,8,0.051,24396,8,1.966,30929,10,-1.074,29394,9,0.293,12022,4,25.568,10597,4,11.567,22412,7
1040,E01001040,Croydon 029E,E09000008,Croydon,15.153,18763,6,0.1,16339,5,0.07,18694,6,10.936,20961,7,-0.538,23898,8,-0.506,23878,8,25.887,10276,4,34.006,6688,3
1041,E01001041,Croydon 031C,E09000008,Croydon,21.138,13451,5,0.114,14452,5,0.088,14657,5,8.979,22878,7,0.076,14856,5,0.364,10957,4,29.651,7211,3,38.265,4897,2
1042,E01001042,Croydon 024B,E09000008,Croydon,36.634,5333,2,0.187,7542,3,0.095,13376,5,22.407,12293,4,0.135,13966,5,1.99,215,1,39.929,2208,1,47.057,2442,1
1043,E01001043,Croydon 027B,E09000008,Croydon,31.45,7324,3,0.166,9099,3,0.094,13670,5,12.855,19163,6,-0.159,18528,6,1.38,1425,1,38.001,2831,1,51.95,1585,1
1044,E01001044,Croydon 023A,E09000008,Croydon,10.209,24251,8,0.064,22742,7,0.038,28330,9,1.384,31599,10,-0.939,28309,9,0.3,11935,4,29.94,7010,3,20.796,14696,5
1045,E01001045,Croydon 027C,E09000008,Croydon,35.775,5615,2,0.198,6818,3,0.158,5841,2,15.744,16795,6,0.249,12346,4,0.306,11842,4,42.086,1639,1,53.012,1440,1
1046,E01001046,Croydon 023B,E09000008,Croydon,9.773,24801,8,0.05,26262,8,0.031,30462,10,2.437,30378,10,-1.13,29805,10,-0.272,20647,7,36.748,3300,2,24.156,12317,4
1047,E01001047,Croydon 027D,E09000008,Croydon,22.051,12736,4,0.102,16027,5,0.063,20686,7,9.973,21850,7,-0.015,16229,5,0.825,5164,2,31.677,5855,2,47.31,2388,1
1048,E01001048,Croydon 020C,E09000008,Croydon,28.921,8534,3,0.161,9584,3,0.109,11219,4,10.536,21326,7,0.177,13365,5,1.305,1733,1,37.14,3151,1,28.94,9413,3
1049,E01001049,Croydon 023C,E09000008,Croydon,12.324,21805,7,0.043,27876,9,0.047,25666,8,1.574,31366,10,-1.121,29746,10,0.881,4572,2,36.917,3232,1,13.788,20318,7
1050,E01001050,Croydon 023D,E09000008,Croydon,22.047,12739,4,0.137,11751,4,0.075,17465,6,7.433,24556,8,0.337,11121,4,0.36,11019,4,39.479,2355,1,22.572,13433,5
1051,E01001051,Croydon 030A,E09000008,Croydon,39.057,4553,2,0.269,3244,1,0.152,6374,2,42.884,4657,2,0.694,6946,3,0.732,6153,2,37.774,2911,1,8.763,25355,8
1052,E01001052,Croydon 030B,E09000008,Croydon,42.12,3683,2,0.303,2107,1,0.185,4033,2,40.359,5281,2,0.397,10373,4,0.614,7532,3,41.102,1897,1,10.342,23713,8
1053,E01001053,Croydon 032A,E09000008,Croydon,32.404,6916,3,0.211,6040,2,0.138,7708,3,40.609,5221,2,0.3,11627,4,0.446,9827,3,31.653,5872,2,22.877,13217,5
1054,E01001054,Croydon 030C,E09000008,Croydon,34.919,5919,2,0.239,4560,2,0.161,5656,2,39.484,5496,2,0.494,9170,3,0.204,13421,5,33.578,4772,2,16.291,18154,6
1055,E01001055,Croydon 032B,E09000008,Croydon,38.85,4623,2,0.235,4742,2,0.177,4511,2,52.171,2859,1,0.466,9504,3,0.548,8423,3,30.813,6412,2,25.407,11523,4
1056,E01001056,Croydon 030D,E09000008,Croydon,37.89,4911,2,0.272,3151,1,0.166,5267,2,44.814,4206,2,0.309,11507,4,0.255,12649,4,37.954,2846,1,13.269,20809,7
1057,E01001057,Croydon 030E,E09000008,Croydon,40.503,4109,2,0.301,2173,1,0.171,4931,2,47.454,3672,2,0.415,10122,4,0.075,15498,5,40.652,2009,1,9.749,24307,8
1058,E01001058,Croydon 034A,E09000008,Croydon,11.624,22615,7,0.058,24166,8,0.057,22360,7,13.316,18759,6,-0.236,19659,6,0.118,14851,5,26.82,9438,3,8.925,25177,8
1059,E01001059,Croydon 034B,E09000008,Croydon,15.24,18690,6,0.1,16272,5,0.067,19594,6,10.031,21791,7,-0.023,16346,5,-0.582,24877,8,34.575,4281,2,12.562,21446,7
1060,E01001060,Croydon 034C,E09000008,Croydon,20.543,13900,5,0.137,11796,4,0.075,17409,6,18.297,14923,5,-0.456,22846,7,0.878,4600,2,32.404,5424,2,12.221,21782,7
1061,E01001061,Croydon 034D,E09000008,Croydon,23.65,11605,4,0.147,10741,4,0.091,14102,5,23.609,11560,4,-0.058,16907,6,0.624,7407,3,35.273,3952,2,14.612,19555,6
1062,E01001062,Croydon 026A,E09000008,Croydon,9.874,24671,8,0.078,19900,7,0.058,22037,7,6.199,25968,8,-0.624,25010,8,-0.172,19236,6,20.804,15711,5,14.39,19776,7
1063,E01001063,Croydon 026B,E09000008,Croydon,6.864,28486,9,0.058,24231,8,0.043,26892,9,6.54,25552,8,-0.927,28206,9,-0.303,21089,7,16.422,21140,7,15.829,18564,6
1064,E01001064,Croydon 026C,E09000008,Croydon,12.837,21223,7,0.05,26104,8,0.048,25305,8,5.758,26431,9,-0.908,28047,9,0.934,4086,2,33.514,4810,2,13.276,20804,7
1065,E01001065,Croydon 034E,E09000008,Croydon,15.885,18054,6,0.085,18681,6,0.063,20762,7,11.544,20378,7,-0.495,23363,8,0.592,7847,3,31.752,5813,2,20.193,15131,5
1066,E01001066,Croydon 034F,E09000008,Croydon,38.911,4602,2,0.284,2735,1,0.172,4851,2,31.154,8121,3,0.573,8253,3,0.087,15323,5,43.235,1376,1,13.523,20558,7
1067,E01001067,Croydon 041D,E09000008,Croydon,6.996,28333,9,0.018,32423,10,0.04,27754,9,1.78,31124,10,-0.579,24444,8,-0.77,27007,9,32.863,5162,2,11.241,22734,7
1068,E01001068,Croydon 042A,E09000008,Croydon,17.303,16728,6,0.099,16389,5,0.074,17790,6,15.84,16711,6,-0.648,25323,8,-0.299,21025,7,41.932,1675,1,13.211,20859,7
1069,E01001069,Croydon 040A,E09000008,Croydon,9.762,24807,8,0.042,28010,9,0.047,25557,8,5.231,27051,9,-0.371,21743,7,-0.964,28804,9,37.516,3013,1,10.335,23717,8
1070,E01001070,Croydon 040B,E09000008,Croydon,14.452,19494,6,0.104,15820,5,0.071,18478,6,10.538,21321,7,-0.224,19478,6,-0.569,24709,8,32.646,5302,2,8.697,25416,8
1071,E01001071,Croydon 042B,E09000008,Croydon,12.944,21108,7,0.073,20843,7,0.056,22580,7,14.609,17673,6,-0.809,27103,9,-0.243,20237,7,35.16,4019,2,12.798,21233,7
1072,E01001072,Croydon 042C,E09000008,Croydon,8.211,26813,9,0.04,28592,9,0.026,31401,10,2.115,30769,10,-0.765,26626,9,-0.296,20989,7,37.588,2977,1,9.538,24547,8
1073,E01001073,Croydon 037A,E09000008,Croydon,16.333,17617,6,0.08,19654,6,0.071,18436,6,4.276,28201,9,-0.085,17338,6,-0.52,24053,8,40.048,2177,1,26.101,11114,4
1074,E01001074,Croydon 041E,E09000008,Croydon,18.325,15845,5,0.114,14419,5,0.067,19619,6,12.592,19409,6,-0.317,20920,7,-0.389,22300,7,39.663,2301,1,27.057,10508,4
1075,E01001075,Croydon 040C,E09000008,Croydon,11.58,22665,7,0.064,22874,7,0.046,26005,8,6.045,26123,8,-0.228,19548,6,-0.561,24598,8,31.567,5932,2,24.712,11962,4
1076,E01001076,Croydon 036A,E09000008,Croydon,36.214,5461,2,0.223,5350,2,0.168,5113,2,39.09,5615,2,0.582,8146,3,0.411,10290,4,36.015,3632,2,18.478,16447,6
1077,E01001077,Croydon 032C,E09000008,Croydon,18.542,15639,5,0.098,16644,6,0.075,17531,6,27.64,9548,3,-0.182,18875,6,0.277,12286,4,27.48,8850,3,20.707,14752,5
1078,E01001078,Croydon 032D,E09000008,Croydon,36.004,5536,2,0.237,4658,2,0.15,6561,2,38.153,5860,2,0.452,9681,3,0.646,7122,3,37.869,2880,1,16.14,18293,6
1079,E01001079,Croydon 036B,E09000008,Croydon,33.984,6279,2,0.229,5032,2,0.137,7816,3,36.746,6253,2,0.431,9929,4,-0.34,21591,7,45.098,1040,1,16.311,18136,6
1080,E01001080,Croydon 036C,E09000008,Croydon,49.591,2247,1,0.294,2407,1,0.229,1922,1,51.68,2931,1,0.992,4287,2,0.606,7669,3,43.488,1331,1,9.829,24226,8
1081,E01001081,Croydon 036D,E09000008,Croydon,34.64,6015,2,0.215,5794,2,0.125,9070,3,50.0,3254,1,0.784,6054,2,0.062,15711,5,35.987,3651,2,19.234,15856,5
1082,E01001082,Croydon 032E,E09000008,Croydon,33.023,6659,3,0.202,6570,3,0.146,6932,3,43.41,4545,2,0.186,13263,5,0.614,7526,3,35.11,4042,2,15.077,19129,6
1083,E01001083,Croydon 003A,E09000008,Croydon,13.37,20660,7,0.089,18098,6,0.05,24770,8,5.828,26355,9,-0.805,27056,9,0.335,11415,4,30.8,6416,2,24.05,12378,4
1084,E01001084,Croydon 002A,E09000008,Croydon,13.991,19960,7,0.066,22264,7,0.048,25295,8,4.058,28468,9,-0.518,23665,8,0.442,9879,4,29.135,7548,3,36.611,5534,2
1085,E01001085,Croydon 004A,E09000008,Croydon,18.622,15555,5,0.119,13831,5,0.061,21226,7,10.46,21398,7,-0.838,27381,9,0.487,9245,3,29.51,7295,3,41.293,3859,2
1086,E01001086,Croydon 003B,E09000008,Croydon,16.705,17278,6,0.082,19166,6,0.057,22336,7,8.167,23764,8,-0.597,24683,8,0.91,4300,2,31.491,5972,2,27.58,10212,4
1087,E01001087,Croydon 003C,E09000008,Croydon,23.96,11394,4,0.114,14418,5,0.078,16697,6,17.525,15440,5,-0.569,24306,8,0.782,5616,2,39.793,2261,1,39.387,4467,2
1088,E01001088,Croydon 004B,E09000008,Croydon,16.133,17821,6,0.119,13748,5,0.074,17723,6,14.939,17399,6,-0.635,25151,8,-0.309,21164,7,28.531,8014,3,23.44,12820,4
1089,E01001089,Croydon 004C,E09000008,Croydon,28.744,8631,3,0.167,9066,3,0.092,13999,5,16.224,16389,5,0.352,10952,4,0.644,7150,3,37.188,3136,1,42.395,3557,2
1090,E01001090,Croydon 004D,E09000008,Croydon,23.381,11770,4,0.135,12043,4,0.079,16464,6,17.147,15701,5,-0.537,23894,8,0.375,10811,4,40.115,2154,1,37.337,5240,2
1091,E01001091,Croydon 004E,E09000008,Croydon,15.404,18543,6,0.088,18208,6,0.061,21161,7,5.579,26623,9,-0.54,23923,8,0.767,5764,2,29.176,7520,3,22.766,13290,5
1092,E01001092,Croydon 037B,E09000008,Croydon,19.832,14497,5,0.083,19077,6,0.107,11518,4,3.892,28657,9,-0.131,18090,6,0.432,10017,4,40.45,2062,1,19.045,16006,5
1093,E01001093,Croydon 037C,E09000008,Croydon,11.683,22543,7,0.083,19068,6,0.054,23591,8,8.395,23531,8,-0.625,25032,8,-0.241,20213,7,29.504,7298,3,16.199,18242,6
1094,E01001094,Croydon 038E,E09000008,Croydon,8.462,26468,9,0.04,28544,9,0.037,28830,9,1.581,31357,10,-0.82,27201,9,-0.15,18897,6,34.082,4533,2,14.995,19206,6
1095,E01001095,Croydon 031D,E09000008,Croydon,16.293,17663,6,0.118,13949,5,0.075,17590,6,8.269,23672,8,-0.384,21912,7,0.058,15773,5,29.65,7212,3,22.399,13567,5
1096,E01001096,Croydon 037D,E09000008,Croydon,7.102,28195,9,0.039,28934,9,0.047,25762,8,1.06,31958,10,-0.996,28791,9,-0.584,24907,8,31.044,6247,2,10.59,23447,8
1097,E01001097,Croydon 037E,E09000008,Croydon,22.424,12443,4,0.145,10911,4,0.1,12527,4,12.626,19374,6,-0.238,19695,6,0.607,7633,3,31.206,6155,2,26.437,10914,4
1098,E01001098,Croydon 037F,E09000008,Croydon,7.535,27652,9,0.039,28936,9,0.033,29768,10,1.77,31136,10,-0.524,23733,8,0.017,16407,5,27.862,8553,3,13.365,20708,7
1099,E01001099,Croydon 040D,E09000008,Croydon,19.716,14611,5,0.138,11730,4,0.103,11977,4,9.723,22129,7,-0.647,25307,8,-0.274,20675,7,37.581,2983,1,19.486,15686,5
1100,E01001100,Croydon 031E,E09000008,Croydon,8.833,26012,8,0.052,25735,8,0.032,30186,10,1.818,31081,10,-0.957,28474,9,-0.49,23646,8,31.848,5751,2,26.018,11147,4
1101,E01001101,Croydon 035B,E09000008,Croydon,5.124,30394,10,0.026,31442,10,0.035,29348,9,3.284,29402,9,-0.995,28772,9,-0.865,27930,9,25.742,10411,4,11.954,22023,7
1102,E01001102,Croydon 035C,E09000008,Croydon,7.129,28156,9,0.053,25534,8,0.045,26304,9,4.692,27667,9,-0.554,24120,8,-0.209,19767,7,18.332,18695,6,13.573,20516,7
1103,E01001103,Croydon 039A,E09000008,Croydon,7.187,28082,9,0.053,25420,8,0.059,21670,7,7.346,24655,8,-0.831,27304,9,-0.751,26797,9,19.922,16747,6,7.967,26211,8
1104,E01001104,Croydon 042D,E09000008,Croydon,5.761,29727,10,0.033,30221,10,0.034,29733,10,3.031,29695,10,-0.92,28145,9,-0.334,21508,7,19.426,17354,6,22.051,13813,5
1105,E01001105,Croydon 039B,E09000008,Croydon,20.775,13713,5,0.118,14003,5,0.088,14663,5,18.693,14636,5,0.228,12662,4,-0.048,17404,6,35.995,3648,2,15.602,18737,6
1106,E01001106,Croydon 039C,E09000008,Croydon,12.55,21553,7,0.079,19727,7,0.067,19551,6,15.951,16624,6,-0.233,19619,6,-0.167,19165,6,21.787,14572,5,11.849,22130,7
1107,E01001107,Croydon 035D,E09000008,Croydon,7.039,28273,9,0.031,30619,10,0.035,29469,9,1.512,31439,10,-1.221,30422,10,-0.847,27760,9,35.144,4029,2,14.767,19425,6
1108,E01001108,Croydon 035E,E09000008,Croydon,5.129,30386,10,0.028,31163,10,0.027,31235,10,2.376,30447,10,-1.7,32218,10,-0.503,23847,8,28.561,7994,3,10.48,23561,8
1109,E01001109,Croydon 013B,E09000008,Croydon,32.11,7046,3,0.202,6568,2,0.138,7647,3,24.831,10927,4,-0.006,16096,5,0.467,9522,3,39.625,2311,1,33.884,6748,3
1110,E01001110,Croydon 020D,E09000008,Croydon,43.021,3477,2,0.233,4820,2,0.15,6608,3,21.79,12676,4,1.065,3767,2,1.104,2779,1,38.766,2567,1,51.675,1631,1
1111,E01001111,Croydon 010D,E09000008,Croydon,28.48,8781,3,0.157,9867,4,0.108,11285,4,18.96,14425,5,0.11,14357,5,0.93,4131,2,30.972,6294,2,40.848,4000,2
1112,E01001112,Croydon 013C,E09000008,Croydon,30.378,7851,3,0.226,5196,2,0.125,9031,3,17.894,15207,5,0.561,8387,3,0.24,12864,4,37.689,2943,1,17.355,17326,6
1113,E01001113,Croydon 013D,E09000008,Croydon,28.381,8829,3,0.162,9452,3,0.117,10005,4,18.495,14778,5,-0.133,18112,6,0.733,6145,2,37.187,3137,1,36.175,5741,2
1114,E01001114,Croydon 013E,E09000008,Croydon,41.451,3866,2,0.25,4035,2,0.149,6683,3,34.193,7040,3,0.682,7053,3,0.953,3901,2,43.88,1257,1,32.375,7534,3
1115,E01001115,Croydon 015B,E09000008,Croydon,44.37,3186,1,0.257,3724,2,0.163,5471,2,26.199,10212,4,0.805,5861,2,1.615,755,1,42.819,1463,1,29.457,9119,3
1116,E01001116,Croydon 013F,E09000008,Croydon,28.878,8560,3,0.157,9835,3,0.117,10112,4,17.426,15517,5,0.127,14084,5,0.841,5006,2,34.113,4516,2,38.957,4629,2
1117,E01001117,Croydon 015C,E09000008,Croydon,27.454,9323,3,0.136,11890,4,0.091,14031,5,13.794,18335,6,-0.045,16702,6,0.641,7188,3,45.347,995,1,40.511,4100,2
1118,E01001118,Croydon 020E,E09000008,Croydon,40.478,4115,2,0.258,3662,2,0.173,4753,2,20.702,13330,5,0.475,9396,3,1.095,2836,1,41.587,1756,1,29.62,9037,3
1119,E01001119,Croydon 034G,E09000008,Croydon,8.868,25971,8,0.041,28382,9,0.049,25113,8,11.824,20119,7,-0.952,28426,9,-0.894,28188,9,34.385,4378,2,6.522,27764,9
1120,E01001120,Croydon 033A,E09000008,Croydon,10.028,24489,8,0.056,24604,8,0.051,24293,8,10.859,21028,7,-0.344,21362,7,-0.151,18908,6,16.45,21107,7,25.94,11194,4
1121,E01001121,Croydon 039D,E09000008,Croydon,7.244,28016,9,0.034,29947,10,0.035,29267,9,7.132,24901,8,-0.642,25244,8,-0.352,21778,7,30.355,6714,3,6.778,27491,9
1122,E01001122,Croydon 033B,E09000008,Croydon,9.529,25084,8,0.034,29996,10,0.023,31846,10,6.589,25499,8,-0.947,28378,9,-0.716,26410,9,41.683,1732,1,17.708,17042,6
1123,E01001123,Croydon 033C,E09000008,Croydon,9.235,25485,8,0.036,29516,9,0.04,27751,9,9.24,22631,7,-0.761,26578,9,-0.07,17702,6,33.668,4739,2,11.107,22884,7
1124,E01001124,Croydon 033D,E09000008,Croydon,5.837,29636,10,0.03,30874,10,0.035,29452,9,3.019,29713,10,-0.833,27321,9,-0.651,25666,8,27.45,8872,3,12.022,21957,7
1125,E01001125,Croydon 033E,E09000008,Croydon,12.056,22109,7,0.083,19084,6,0.067,19674,6,10.825,21064,7,-0.236,19658,6,-0.128,18556,6,19.274,17542,6,16.28,18170,6
1126,E01001126,Croydon 034H,E09000008,Croydon,6.813,28547,9,0.042,28081,9,0.032,30157,10,8.182,23751,8,-0.699,25922,8,-0.612,25219,8,23.513,12654,4,16.963,17622,6
1127,E01001127,Croydon 025A,E09000008,Croydon,9.41,25246,8,0.066,22432,7,0.057,22434,7,8.752,23138,8,-0.882,27820,9,0.121,14792,5,17.698,19524,6,15.595,18743,6
1128,E01001128,Croydon 025B,E09000008,Croydon,34.857,5944,2,0.257,3716,2,0.151,6508,2,34.464,6957,3,0.14,13883,5,0.558,8287,3,36.353,3481,2,16.104,18325,6
1129,E01001129,Croydon 026D,E09000008,Croydon,4.626,30882,10,0.029,31018,10,0.039,28046,9,7.029,25020,8,-1.096,29574,10,-0.529,24178,8,16.741,20765,7,11.127,22857,7
1130,E01001130,Croydon 025C,E09000008,Croydon,37.162,5163,2,0.296,2333,1,0.153,6284,2,30.15,8498,3,0.0,16012,5,0.325,11554,4,44.271,1192,1,14.481,19676,6
1131,E01001131,Croydon 018C,E09000008,Croydon,12.694,21386,7,0.079,19667,6,0.039,28202,9,13.248,18831,6,-0.565,24254,8,-0.874,28005,9,38.924,2508,1,15.263,18977,6
1132,E01001132,Croydon 018D,E09000008,Croydon,9.259,25449,8,0.051,25825,8,0.053,23657,8,10.273,21576,7,-0.624,25014,8,-0.091,18003,6,22.581,13664,5,15.14,19076,6
1133,E01001133,Croydon 026E,E09000008,Croydon,11.327,22956,7,0.083,18980,6,0.06,21627,7,12.655,19348,6,-0.584,24514,8,-0.468,23339,8,22.017,14309,5,18.336,16560,6
1134,E01001134,Croydon 018E,E09000008,Croydon,9.9,24648,8,0.07,21537,7,0.048,25459,8,8.774,23109,8,-0.898,27959,9,-0.511,23937,8,29.832,7079,3,14.02,20097,7
1135,E01001135,Croydon 025D,E09000008,Croydon,8.602,26298,9,0.067,22196,7,0.041,27558,9,10.582,21278,7,-1.25,30596,10,-0.091,17995,6,21.729,14629,5,15.912,18497,6
1136,E01001136,Croydon 007A,E09000008,Croydon,32.903,6706,3,0.176,8366,3,0.118,9866,4,17.447,15504,5,0.135,13961,5,0.885,4531,2,37.21,3128,1,53.267,1401,1
1137,E01001137,Croydon 001A,E09000008,Croydon,23.5,11694,4,0.141,11374,4,0.117,9995,4,5.45,26777,9,-0.113,17779,6,0.976,3712,2,29.895,7040,3,23.535,12754,4
1138,E01001138,Croydon 001B,E09000008,Croydon,18.603,15577,5,0.12,13734,5,0.075,17490,6,7.281,24733,8,-0.422,22404,7,0.612,7560,3,33.365,4898,2,23.47,12802,4
1139,E01001139,Croydon 007B,E09000008,Croydon,19.585,14729,5,0.111,14786,5,0.076,17188,6,13.492,18594,6,-0.565,24255,8,0.428,10050,4,30.752,6439,2,37.035,5375,2
1140,E01001140,Croydon 007C,E09000008,Croydon,21.715,12982,4,0.136,11845,4,0.076,17351,6,15.639,16873,6,-0.026,16404,5,0.352,11138,4,34.788,4177,2,29.5,9100,3
1141,E01001141,Croydon 008A,E09000008,Croydon,27.47,9313,3,0.187,7504,3,0.128,8781,3,14.02,18146,6,-0.121,17911,6,0.327,11525,4,39.874,2227,1,25.026,11767,4
1142,E01001142,Croydon 007D,E09000008,Croydon,21.44,13217,5,0.113,14575,5,0.081,16028,5,10.026,21793,7,0.001,15992,5,1.033,3278,1,27.376,8935,3,30.594,8461,3
1143,E01001143,Croydon 008B,E09000008,Croydon,30.177,7941,3,0.17,8796,3,0.115,10266,4,21.062,13099,4,0.168,13493,5,0.354,11099,4,44.562,1133,1,34.438,6502,2
1144,E01001144,Croydon 007E,E09000008,Croydon,37.101,5183,2,0.207,6262,2,0.174,4689,2,21.711,12734,4,0.616,7741,3,0.403,10398,4,40.114,2155,1,38.811,4684,2
1145,E01001145,Croydon 008C,E09000008,Croydon,39.931,4281,2,0.27,3243,1,0.168,5135,2,21.104,13070,4,0.355,10921,4,0.819,5224,2,38.042,2821,1,41.14,3899,2
1146,E01001146,Croydon 006A,E09000008,Croydon,19.749,14580,5,0.127,12825,4,0.091,14155,5,12.6,19396,6,-0.491,23311,8,0.169,14011,5,27.468,8855,3,35.757,5915,2
1147,E01001147,Croydon 005A,E09000008,Croydon,34.0,6270,2,0.205,6387,2,0.133,8152,3,34.34,6999,3,0.349,10990,4,0.551,8392,3,37.666,2952,1,32.489,7473,3
1148,E01001148,Croydon 005B,E09000008,Croydon,23.162,11948,4,0.156,9952,4,0.084,15377,5,11.819,20123,7,0.202,13029,4,0.191,13656,5,28.647,7935,3,39.932,4278,2
1149,E01001149,Croydon 006B,E09000008,Croydon,16.06,17888,6,0.101,16139,5,0.07,18863,6,11.183,20728,7,-0.345,21369,7,0.121,14808,5,29.932,7014,3,24.018,12406,4
1150,E01001150,Croydon 006C,E09000008,Croydon,20.545,13899,5,0.131,12388,4,0.077,17088,6,8.183,23750,8,-0.527,23765,8,0.746,5983,2,34.476,4334,2,29.108,9315,3
1151,E01001151,Croydon 005C,E09000008,Croydon,40.839,4019,2,0.22,5531,2,0.178,4412,2,31.363,8053,3,0.639,7507,3,0.938,4047,2,39.14,2439,1,37.044,5371,2
1152,E01001152,Croydon 005D,E09000008,Croydon,37.166,5158,2,0.225,5237,2,0.14,7464,3,18.303,14918,5,0.455,9655,3,0.949,3937,2,37.311,3098,1,47.465,2356,1
1153,E01001153,Croydon 006D,E09000008,Croydon,22.665,12275,4,0.139,11552,4,0.093,13772,5,18.453,14795,5,-0.391,22014,7,0.551,8381,3,31.095,6222,2,32.189,7619,3
1154,E01001154,Croydon 006E,E09000008,Croydon,28.926,8530,3,0.161,9582,3,0.099,12639,4,22.01,12537,4,-0.431,22522,7,0.869,4695,2,36.731,3309,2,46.246,2613,1
1155,E01001155,Croydon 010E,E09000008,Croydon,43.809,3291,2,0.281,2838,1,0.167,5169,2,23.794,11442,4,0.927,4815,2,0.847,4918,2,46.115,873,1,30.417,8574,3
1156,E01001156,Croydon 001C,E09000008,Croydon,26.234,10027,4,0.174,8474,3,0.098,12869,4,16.509,16192,5,0.558,8418,3,-0.034,17206,6,39.414,2371,1,21.362,14290,5
1157,E01001157,Croydon 002B,E09000008,Croydon,18.181,15973,5,0.115,14352,5,0.072,18142,6,10.15,21674,7,-0.471,23020,8,0.78,5632,2,27.594,8766,3,25.631,11391,4
1158,E01001158,Croydon 005E,E09000008,Croydon,20.443,13982,5,0.127,12824,4,0.081,16169,5,15.799,16748,6,-0.181,18848,6,0.014,16453,6,33.638,4753,2,31.246,8133,3
1159,E01001159,Croydon 002C,E09000008,Croydon,14.456,19487,6,0.093,17482,6,0.053,23608,8,6.753,25298,8,-0.687,25792,8,0.186,13747,5,35.731,3759,2,21.627,14104,5
1160,E01001160,Croydon 002D,E09000008,Croydon,13.743,20215,7,0.107,15346,5,0.064,20496,7,11.653,20283,7,-0.545,23985,8,0.075,15497,5,23.336,12843,4,19.009,16031,5
1161,E01001161,Croydon 003D,E09000008,Croydon,42.566,3575,2,0.293,2426,1,0.19,3696,2,34.035,7092,3,0.662,7272,3,0.506,9006,3,41.19,1878,1,18.853,16155,5
1162,E01001162,Croydon 001D,E09000008,Croydon,28.352,8850,3,0.171,8681,3,0.127,8869,3,16.265,16356,5,0.048,15275,5,0.629,7341,3,37.681,2947,1,28.83,9485,3
1163,E01001163,Croydon 002E,E09000008,Croydon,16.31,17644,6,0.09,17867,6,0.068,19193,6,7.185,24833,8,-0.625,25019,8,0.43,10035,4,25.545,10622,4,38.527,4792,2
1164,E01001164,Croydon 001E,E09000008,Croydon,20.492,13940,5,0.133,12256,4,0.087,14782,5,8.536,23370,8,-0.419,22368,7,0.415,10231,4,33.903,4612,2,30.175,8708,3
1165,E01001165,Croydon 024C,E09000008,Croydon,24.16,11281,4,0.125,13105,4,0.095,13367,5,14.689,17594,6,-0.17,18675,6,0.783,5610,2,33.91,4607,2,36.338,5658,2
1166,E01001166,Croydon 024D,E09000008,Croydon,32.149,7025,3,0.201,6630,3,0.108,11273,4,19.834,13870,5,0.777,6112,2,0.209,13348,5,43.367,1355,1,31.227,8144,3
1167,E01001167,Croydon 028A,E09000008,Croydon,21.834,12891,4,0.131,12396,4,0.08,16288,5,11.225,20693,7,-0.061,16949,6,0.43,10037,4,35.614,3799,2,32.091,7667,3
1168,E01001168,Croydon 024E,E09000008,Croydon,21.176,13421,5,0.099,16531,6,0.061,21297,7,13.242,18835,6,0.087,14710,5,0.546,8448,3,33.707,4722,2,42.319,3585,2
1169,E01001169,Croydon 028B,E09000008,Croydon,32.702,6795,3,0.214,5890,2,0.14,7456,3,29.027,8955,3,0.594,8000,3,0.056,15799,5,37.639,2961,1,24.03,12392,4
1170,E01001170,Croydon 027E,E09000008,Croydon,27.089,9544,3,0.147,10809,4,0.113,10595,4,8.827,23048,8,0.436,9872,4,0.574,8068,3,32.654,5300,2,41.051,3926,2
1171,E01001171,Croydon 028C,E09000008,Croydon,24.566,11031,4,0.152,10301,4,0.114,10494,4,18.315,14907,5,-0.069,17070,6,-0.245,20282,7,41.922,1679,1,20.23,15106,5
1172,E01001172,Croydon 028D,E09000008,Croydon,43.062,3467,2,0.289,2559,1,0.183,4112,2,40.156,5330,2,0.614,7770,3,0.517,8838,3,42.705,1491,1,20.461,14930,5
1173,E01001173,Croydon 028E,E09000008,Croydon,19.768,14566,5,0.13,12490,4,0.085,15303,5,10.557,21305,7,-0.012,16188,5,0.005,16598,6,37.138,3155,1,17.055,17538,6
1174,E01001174,Croydon 011A,E09000008,Croydon,22.452,12417,4,0.153,10203,4,0.087,14910,5,18.196,15001,5,-0.493,23335,8,0.819,5226,2,30.008,6965,3,24.596,12026,4
1175,E01001175,Croydon 011B,E09000008,Croydon,30.599,7742,3,0.171,8674,3,0.134,8026,3,11.75,20194,7,0.334,11149,4,0.898,4401,2,35.174,4006,2,36.144,5753,2
1176,E01001176,Croydon 011C,E09000008,Croydon,22.748,12219,4,0.129,12660,4,0.079,16493,6,12.329,19632,6,-0.476,23091,8,0.86,4792,2,37.202,3132,1,32.146,7639,3
1177,E01001177,Croydon 016C,E09000008,Croydon,31.6,7251,3,0.192,7178,3,0.141,7412,3,16.347,16305,5,0.341,11079,4,0.555,8329,3,39.33,2392,1,31.371,8067,3
1178,E01001178,Croydon 015D,E09000008,Croydon,58.173,1096,1,0.419,252,1,0.219,2336,1,32.458,7634,3,1.296,2370,1,0.503,9037,3,47.333,652,1,32.465,7485,3
1179,E01001179,Croydon 016D,E09000008,Croydon,20.706,13775,5,0.129,12613,4,0.067,19461,6,13.224,18854,6,-0.515,23623,8,0.517,8834,3,28.984,7671,3,43.81,3204,1
1180,E01001180,Croydon 016E,E09000008,Croydon,27.841,9127,3,0.169,8878,3,0.088,14734,5,14.589,17687,6,-0.251,19888,7,0.788,5548,2,34.982,4094,2,50.916,1760,1
1181,E01001181,Croydon 015E,E09000008,Croydon,42.449,3607,2,0.25,4012,2,0.155,6113,2,20.034,13745,5,0.595,7998,3,1.0,3522,2,46.141,870,1,46.81,2493,1
1182,E01001182,Croydon 011D,E09000008,Croydon,21.65,13038,4,0.128,12810,4,0.078,16762,6,14.168,18012,6,-0.244,19789,7,0.705,6455,2,31.055,6239,2,33.851,6765,3
1183,E01001183,Croydon 011E,E09000008,Croydon,24.133,11301,4,0.148,10633,4,0.099,12745,4,16.692,16051,5,-0.389,21982,7,0.599,7764,3,36.72,3318,2,28.592,9614,3
1184,E01001184,Croydon 011F,E09000008,Croydon,16.909,17067,6,0.103,15891,5,0.067,19569,6,10.378,21478,7,-0.327,21069,7,0.531,8660,3,27.477,8852,3,27.475,10270,4
1185,E01001185,Croydon 014B,E09000008,Croydon,19.985,14358,5,0.124,13270,5,0.08,16210,5,17.057,15767,5,-0.141,18245,6,0.156,14215,5,32.225,5511,2,26.714,10735,4
1186,E01001186,Croydon 014C,E09000008,Croydon,29.074,8461,3,0.186,7620,3,0.136,7879,3,17.502,15462,5,0.32,11356,4,0.213,13286,5,37.395,3068,1,26.57,10830,4
1187,E01001187,Croydon 017E,E09000008,Croydon,20.607,13847,5,0.124,13251,5,0.09,14283,5,14.263,17936,6,-0.362,21619,7,-0.008,16812,6,32.194,5530,2,35.963,5825,2
1188,E01001188,Croydon 014D,E09000008,Croydon,28.153,8950,3,0.178,8144,3,0.114,10412,4,17.762,15296,5,-0.008,16133,5,0.853,4857,2,33.772,4695,2,31.23,8140,3
1189,E01001189,Croydon 045B,E09000008,Croydon,17.717,16383,5,0.101,16141,5,0.098,12821,4,12.54,19464,6,-0.397,22075,7,0.357,11075,4,25.922,10238,4,22.189,13728,5
1190,E01001190,Croydon 045C,E09000008,Croydon,27.441,9331,3,0.175,8437,3,0.113,10577,4,13.533,18562,6,0.236,12573,4,0.239,12889,4,35.996,3646,2,37.229,5300,2
1191,E01001191,Croydon 008D,E09000008,Croydon,34.93,5914,2,0.219,5617,2,0.132,8237,3,14.11,18064,6,0.247,12376,4,0.792,5507,2,38.807,2549,1,48.831,2108,1
1192,E01001192,Croydon 008E,E09000008,Croydon,27.765,9166,3,0.167,9062,3,0.114,10440,4,17.187,15674,5,0.168,13483,5,0.778,5652,2,36.49,3418,2,26.158,11070,4
1193,E01001193,Croydon 014E,E09000008,Croydon,34.356,6123,2,0.232,4905,2,0.169,5036,2,26.507,10061,4,0.295,11700,4,0.068,15612,5,43.109,1414,1,14.404,19763,7
1194,E01001194,Croydon 045D,E09000008,Croydon,18.25,15918,5,0.111,14799,5,0.068,19399,6,16.904,15884,5,-0.374,21792,7,0.763,5801,2,23.569,12586,4,27.808,10068,4
1195,E01032569,Croydon 045E,E09000008,Croydon,45.186,3024,1,0.281,2834,1,0.185,4011,2,37.966,5917,2,0.525,8815,3,0.641,7189,3,53.282,96,1,19.952,15332,5
1196,E01001195,Ealing 021A,E09000009,Ealing,13.986,19967,7,0.085,18654,6,0.033,29742,10,10.441,21417,7,-0.865,27642,9,0.284,12182,4,36.978,3206,1,23.333,12898,4
1197,E01001196,Ealing 015A,E09000009,Ealing,38.041,4857,2,0.245,4249,2,0.175,4644,2,15.316,17112,6,0.65,7395,3,0.373,10824,4,38.541,2644,1,40.473,4114,2
1198,E01001197,Ealing 021B,E09000009,Ealing,22.602,12321,4,0.131,12413,4,0.11,11005,4,7.279,24736,8,-0.014,16214,5,0.36,11014,4,33.653,4745,2,30.943,8289,3
1199,E01001198,Ealing 021C,E09000009,Ealing,14.822,19095,6,0.072,21058,7,0.068,19259,6,2.203,30661,10,-0.421,22394,7,0.322,11615,4,29.625,7223,3,32.964,7221,3
1200,E01001199,Ealing 021D,E09000009,Ealing,22.254,12563,4,0.178,8204,3,0.105,11671,4,11.745,20200,7,-0.048,16752,6,-0.122,18475,6,31.141,6197,2,22.304,13650,5
1201,E01001200,Ealing 025A,E09000009,Ealing,15.981,17969,6,0.085,18773,6,0.072,18163,6,3.514,29112,9,-0.128,18028,6,0.332,11467,4,29.254,7471,3,29.299,9216,3
1202,E01001201,Ealing 025B,E09000009,Ealing,17.646,16425,6,0.112,14729,5,0.077,17119,6,7.488,24498,8,-0.557,24152,8,0.237,12909,4,29.408,7371,3,34.545,6451,2
1203,E01001202,Ealing 025C,E09000009,Ealing,33.786,6344,2,0.207,6258,2,0.138,7681,3,11.356,20555,7,0.087,14703,5,1.16,2457,1,38.443,2679,1,38.75,4702,2
1204,E01001203,Ealing 025D,E09000009,Ealing,32.757,6778,3,0.222,5391,2,0.15,6540,2,10.312,21539,7,0.394,10413,4,0.23,13036,4,37.315,3094,1,39.622,4383,2
1205,E01001204,Ealing 018A,E09000009,Ealing,13.681,20285,7,0.114,14379,5,0.069,18935,6,2.248,30598,10,-0.596,24671,8,-0.435,22903,7,28.414,8098,3,23.044,13093,4
1206,E01001205,Ealing 018B,E09000009,Ealing,31.013,7545,3,0.186,7610,3,0.136,7924,3,10.646,21222,7,-0.28,20350,7,0.487,9249,3,53.57,91,1,25.289,11586,4
1207,E01001206,Ealing 018C,E09000009,Ealing,42.319,3637,2,0.314,1821,1,0.19,3675,2,27.99,9401,3,0.033,15495,5,-0.287,20857,7,55.874,50,1,18.46,16463,6
1208,E01001207,Ealing 018D,E09000009,Ealing,16.207,17745,6,0.095,17116,6,0.066,19694,6,3.76,28810,9,-0.378,21831,7,0.25,12727,4,28.08,8362,3,37.498,5173,2
1209,E01001208,Ealing 018E,E09000009,Ealing,11.841,22354,7,0.065,22542,7,0.052,24053,8,1.458,31508,10,-0.88,27805,9,0.463,9586,3,19.995,16656,6,36.809,5458,2
1210,E01001209,Ealing 013A,E09000009,Ealing,7.107,28190,9,0.045,27365,9,0.037,28860,9,0.767,32278,10,-1.114,29701,10,-0.166,19145,6,18.771,18143,6,30.227,8678,3
1211,E01001210,Ealing 016A,E09000009,Ealing,50.708,2075,1,0.348,1051,1,0.24,1609,1,23.227,11777,4,0.61,7815,3,-0.066,17629,6,58.909,17,1,25.254,11614,4
1212,E01001211,Ealing 013B,E09000009,Ealing,10.395,24028,8,0.08,19468,6,0.055,23081,8,0.744,32297,10,-0.826,27261,9,0.097,15173,5,25.563,10605,4,17.234,17410,6
1213,E01001212,Ealing 018F,E09000009,Ealing,13.453,20550,7,0.079,19768,7,0.085,15194,5,1.671,31253,10,-0.388,21968,7,-0.533,24227,8,27.335,8963,3,25.772,11309,4
1214,E01001213,Ealing 023A,E09000009,Ealing,28.161,8943,3,0.169,8913,3,0.108,11242,4,24.964,10853,4,-0.054,16850,6,0.519,8807,3,38.603,2621,1,31.374,8065,3
1215,E01001214,Ealing 023B,E09000009,Ealing,15.937,18010,6,0.086,18555,6,0.079,16580,6,17.225,15649,5,-0.537,23887,8,-0.249,20331,7,30.37,6702,3,23.91,12485,4
1216,E01001215,Ealing 023C,E09000009,Ealing,30.196,7934,3,0.173,8533,3,0.094,13528,5,17.875,15222,5,0.285,11828,4,0.998,3533,2,38.437,2682,1,37.781,5075,2
1217,E01001216,Ealing 023D,E09000009,Ealing,22.184,12636,4,0.117,14093,5,0.071,18466,6,15.428,17031,6,-0.258,19995,7,0.388,10643,4,39.759,2269,1,36.939,5415,2
1218,E01001217,Ealing 014A,E09000009,Ealing,16.083,17865,6,0.113,14523,5,0.063,20701,7,13.12,18932,6,-0.509,23542,8,0.231,13024,4,28.68,7906,3,23.666,12658,4
1219,E01001218,Ealing 012A,E09000009,Ealing,36.313,5429,2,0.24,4493,2,0.135,8001,3,22.895,11974,4,0.527,8786,3,0.253,12691,4,51.89,157,1,20.314,15038,5
1220,E01001219,Ealing 029A,E09000009,Ealing,36.023,5527,2,0.243,4334,2,0.159,5755,2,25.18,10735,4,0.16,13612,5,-0.222,19932,7,51.234,197,1,20.309,15043,5
1221,E01001220,Ealing 029B,E09000009,Ealing,47.749,2523,1,0.325,1546,1,0.192,3582,2,31.433,8020,3,0.11,14356,5,0.912,4281,2,51.978,153,1,28.726,9547,3
1222,E01001221,Ealing 020A,E09000009,Ealing,24.068,11345,4,0.135,11944,4,0.069,19038,6,14.256,17945,6,-0.269,20187,7,1.067,3015,1,36.375,3471,2,34.788,6334,2
1223,E01001222,Ealing 019A,E09000009,Ealing,21.852,12874,4,0.125,13108,4,0.081,16185,5,6.483,25621,8,-0.313,20841,7,0.19,13668,5,36.123,3572,2,46.085,2656,1
1224,E01001223,Ealing 020B,E09000009,Ealing,11.671,22559,7,0.062,23160,8,0.058,22115,7,0.566,32468,10,-0.564,24239,8,-0.453,23162,8,33.57,4776,2,25.581,11423,4
1225,E01001224,Ealing 019B,E09000009,Ealing,9.146,25604,8,0.045,27344,9,0.044,26807,9,0.327,32667,10,-0.858,27564,9,-0.453,23149,8,24.473,11657,4,36.929,5420,2
1226,E01001225,Ealing 020C,E09000009,Ealing,21.713,12984,4,0.109,15105,5,0.075,17450,6,2.265,30569,10,-0.499,23407,8,1.241,2020,1,31.876,5733,2,39.465,4434,2
1227,E01001226,Ealing 019C,E09000009,Ealing,13.363,20668,7,0.078,19894,7,0.058,22229,7,1.939,30962,10,-0.225,19492,6,-0.61,25180,8,36.113,3577,2,23.364,12873,4
1228,E01001227,Ealing 019D,E09000009,Ealing,10.29,24152,8,0.054,25270,8,0.053,23626,8,0.669,32375,10,-0.926,28193,9,-0.428,22815,7,27.991,8445,3,33.142,7135,3
1229,E01001228,Ealing 019E,E09000009,Ealing,11.398,22860,7,0.076,20297,7,0.043,26901,9,2.026,30865,10,-0.293,20534,7,-0.632,25445,8,35.171,4007,2,18.531,16410,5
1230,E01001229,Ealing 031A,E09000009,Ealing,30.226,7923,3,0.198,6769,3,0.136,7915,3,19.319,14180,5,0.186,13257,5,0.483,9297,3,37.531,3006,1,26.773,10698,4
1231,E01001230,Ealing 031B,E09000009,Ealing,21.257,13358,5,0.112,14677,5,0.123,9248,3,6.24,25907,8,-0.515,23626,8,-0.033,17188,6,31.454,5989,2,39.828,4317,2
1232,E01001231,Ealing 027A,E09000009,Ealing,13.847,20102,7,0.058,24325,8,0.031,30300,10,2.267,30566,10,-1.213,30374,10,0.424,10104,4,38.322,2731,1,38.445,4822,2
1233,E01001232,Ealing 031C,E09000009,Ealing,23.753,11537,4,0.125,13078,4,0.105,11713,4,10.07,21762,7,-0.178,18798,6,0.363,10971,4,45.993,893,1,21.127,14463,5
1234,E01001233,Ealing 031D,E09000009,Ealing,23.841,11472,4,0.164,9313,3,0.11,11027,4,3.41,29242,9,-0.12,17892,6,0.935,4080,2,29.49,7312,3,26.932,10589,4
1235,E01001234,Ealing 027B,E09000009,Ealing,22.923,12109,4,0.103,15970,5,0.059,21774,7,5.093,27186,9,-0.411,22274,7,1.029,3301,2,36.866,3247,1,52.014,1575,1
1236,E01001235,Ealing 020D,E09000009,Ealing,14.225,19722,7,0.078,19912,7,0.051,24417,8,7.143,24888,8,-0.501,23433,8,0.638,7228,3,26.613,9628,3,28.805,9510,3
1237,E01001236,Ealing 020E,E09000009,Ealing,16.278,17674,6,0.121,13552,5,0.054,23422,8,7.674,24283,8,-0.409,22234,7,-0.087,17936,6,32.614,5318,2,31.408,8051,3
1238,E01001237,Ealing 031E,E09000009,Ealing,17.023,16963,6,0.062,23303,8,0.041,27686,9,1.512,31441,10,-0.163,18592,6,0.893,4464,2,36.914,3233,1,36.875,5438,2
1239,E01001238,Ealing 015B,E09000009,Ealing,24.534,11044,4,0.125,13063,4,0.067,19508,6,15.067,17308,6,-0.562,24213,8,-0.211,19794,7,55.543,55,1,40.163,4211,2
1240,E01001239,Ealing 015C,E09000009,Ealing,32.662,6813,3,0.206,6307,2,0.134,8043,3,16.446,16230,5,0.145,13803,5,-0.021,17010,6,58.732,21,1,23.239,12960,4
1241,E01001240,Ealing 024A,E09000009,Ealing,20.451,13977,5,0.133,12176,4,0.067,19596,6,14.097,18079,6,-0.482,23167,8,0.177,13880,5,38.914,2510,1,31.348,8082,3
1242,E01001241,Ealing 024B,E09000009,Ealing,22.203,12616,4,0.123,13379,5,0.068,19392,6,7.447,24539,8,-0.513,23595,8,1.275,1860,1,35.983,3653,2,30.872,8330,3
1243,E01001242,Ealing 024C,E09000009,Ealing,26.914,9639,3,0.15,10535,4,0.118,9940,4,13.821,18309,6,0.052,15201,5,0.548,8427,3,38.889,2521,1,31.886,7784,3
1244,E01001243,Ealing 024D,E09000009,Ealing,25.381,10522,4,0.16,9663,3,0.097,12987,4,10.713,21169,7,-0.724,26164,8,0.584,7933,3,39.908,2215,1,39.369,4469,2
1245,E01001244,Ealing 024E,E09000009,Ealing,28.857,8569,3,0.188,7492,3,0.103,11965,4,10.089,21740,7,0.003,15958,5,-0.012,16868,6,45.313,998,1,43.737,3226,1
1246,E01001245,Ealing 024F,E09000009,Ealing,15.441,18507,6,0.099,16403,5,0.057,22559,7,5.3,26961,9,-0.547,24008,8,0.209,13345,5,29.718,7165,3,34.669,6387,2
1247,E01001246,Ealing 015D,E09000009,Ealing,32.021,7075,3,0.2,6690,3,0.117,10072,4,18.964,14423,5,-0.339,21266,7,0.404,10371,4,45.591,957,1,45.732,2730,1
1248,E01001247,Ealing 015E,E09000009,Ealing,21.278,13338,5,0.119,13807,5,0.063,20769,7,12.246,19726,7,-0.265,20106,7,0.348,11201,4,45.088,1041,1,28.719,9551,3
1249,E01001248,Ealing 035A,E09000009,Ealing,17.386,16655,6,0.125,13131,4,0.085,15293,5,9.809,22030,7,-0.452,22791,7,0.07,15591,5,28.422,8093,3,24.092,12350,4
1250,E01001249,Ealing 028A,E09000009,Ealing,41.534,3848,2,0.27,3202,1,0.176,4603,2,14.648,17637,6,0.573,8255,3,1.05,3142,1,40.063,2171,1,38.77,4695,2
1251,E01001250,Ealing 028B,E09000009,Ealing,37.117,5176,2,0.229,5031,2,0.188,3786,2,16.974,15835,5,0.526,8791,3,0.625,7388,3,36.613,3362,2,32.788,7305,3
1252,E01001251,Ealing 030A,E09000009,Ealing,18.709,15489,5,0.117,14071,5,0.082,15948,5,3.635,28960,9,-0.225,19495,6,0.16,14162,5,27.963,8474,3,39.924,4282,2
1253,E01001252,Ealing 030B,E09000009,Ealing,25.654,10397,4,0.165,9227,3,0.111,10890,4,9.41,22462,7,0.11,14359,5,0.113,14939,5,35.712,3767,2,38.212,4916,2
1254,E01001253,Ealing 030C,E09000009,Ealing,15.645,18300,6,0.125,13088,4,0.075,17467,6,5.68,26523,9,-0.488,23255,8,-0.514,23981,8,30.578,6546,2,24.226,12277,4
1255,E01001254,Ealing 030D,E09000009,Ealing,14.588,19351,6,0.102,16002,5,0.064,20248,7,3.72,28848,9,-0.464,22950,7,-0.279,20749,7,30.525,6591,3,29.602,9047,3
1256,E01001255,Ealing 028C,E09000009,Ealing,13.456,20547,7,0.065,22690,7,0.073,18095,6,3.266,29423,9,-0.632,25114,8,0.284,12180,4,23.694,12442,4,33.847,6767,3
1257,E01001257,Ealing 008A,E09000009,Ealing,40.826,4021,2,0.274,3087,1,0.177,4530,2,30.508,8361,3,0.229,12656,4,0.46,9623,3,49.728,358,1,21.379,14279,5
1258,E01001258,Ealing 010B,E09000009,Ealing,15.858,18071,6,0.099,16502,6,0.075,17384,6,11.29,20624,7,-0.542,23954,8,-0.221,19924,7,29.103,7572,3,29.257,9248,3
1259,E01001259,Ealing 014B,E09000009,Ealing,20.119,14241,5,0.126,13004,4,0.066,19906,7,16.107,16489,6,-0.327,21063,7,0.716,6325,2,30.366,6703,3,29.81,8926,3
1260,E01001260,Ealing 012B,E09000009,Ealing,20.741,13738,5,0.103,15940,5,0.065,20194,7,8.329,23601,8,-0.192,19014,6,1.097,2829,1,30.243,6801,3,36.628,5525,2
1261,E01001261,Ealing 012C,E09000009,Ealing,22.674,12265,4,0.126,12989,4,0.083,15618,5,14.781,17525,6,-0.676,25662,8,0.42,10172,4,38.36,2712,1,39.008,4615,2
1262,E01001262,Ealing 010C,E09000009,Ealing,31.334,7386,3,0.214,5839,2,0.129,8600,3,20.258,13626,5,-0.039,16602,6,0.58,8001,3,41.16,1884,1,28.503,9668,3
1263,E01001263,Ealing 010D,E09000009,Ealing,34.487,6069,2,0.24,4480,2,0.156,6069,2,18.18,15017,5,0.13,14028,5,0.392,10572,4,44.471,1150,1,26.171,11059,4
1264,E01001264,Ealing 010E,E09000009,Ealing,24.398,11124,4,0.14,11459,4,0.115,10354,4,23.537,11598,4,-0.787,26860,9,0.188,13699,5,39.156,2434,1,27.105,10473,4
1265,E01001265,Ealing 006A,E09000009,Ealing,20.568,13878,5,0.095,17173,6,0.076,17182,6,10.867,21016,7,-0.438,22612,7,-0.602,25096,8,56.208,42,1,21.927,13898,5
1266,E01001266,Ealing 006B,E09000009,Ealing,16.109,17834,6,0.091,17782,6,0.056,22564,7,10.11,21719,7,-0.675,25637,8,0.084,15365,5,37.866,2882,1,28.3,9785,3
1267,E01001267,Ealing 006C,E09000009,Ealing,31.849,7140,3,0.222,5389,2,0.126,8964,3,15.779,16772,6,-0.019,16286,5,0.342,11281,4,45.353,992,1,32.736,7327,3
1268,E01001268,Ealing 012D,E09000009,Ealing,18.541,15642,5,0.107,15326,5,0.082,15905,5,8.555,23351,8,0.051,15218,5,-0.032,17174,6,30.915,6343,2,30.712,8403,3
1269,E01001269,Ealing 001A,E09000009,Ealing,13.557,20420,7,0.066,22429,7,0.049,25134,8,11.358,20554,7,-1.355,31134,10,0.096,15191,5,31.507,5964,2,35.486,6024,2
1270,E01001270,Ealing 004A,E09000009,Ealing,15.651,18289,6,0.098,16649,6,0.061,21089,7,8.434,23480,8,-0.691,25838,8,0.431,10021,4,32.266,5489,2,23.806,12559,4
1271,E01001271,Ealing 001B,E09000009,Ealing,16.877,17106,6,0.117,14016,5,0.07,18816,6,18.002,15134,5,-0.864,27640,9,-0.029,17132,6,29.917,7028,3,26.154,11075,4
1272,E01001272,Ealing 006D,E09000009,Ealing,19.058,15184,5,0.099,16473,6,0.068,19371,6,7.384,24609,8,-0.418,22358,7,0.134,14590,5,40.673,2003,1,35.502,6015,2
1273,E01001273,Ealing 020F,E09000009,Ealing,9.462,25179,8,0.045,27309,9,0.033,29796,10,2.153,30721,10,-1.152,29959,10,0.07,15587,5,29.45,7339,3,30.917,8307,3
1274,E01001274,Ealing 020G,E09000009,Ealing,8.494,26422,9,0.048,26695,9,0.038,28370,9,6.53,25566,8,-1.333,31024,10,-0.668,25857,8,32.697,5265,2,18.633,16326,5
1275,E01001275,Ealing 020H,E09000009,Ealing,19.035,15212,5,0.091,17767,6,0.08,16307,5,6.142,26021,8,-0.348,21431,7,0.549,8406,3,36.436,3440,2,31.212,8150,3
1276,E01001276,Ealing 011A,E09000009,Ealing,20.56,13885,5,0.128,12785,4,0.071,18505,6,12.366,19600,6,-0.814,27154,9,-0.149,18879,6,44.773,1104,1,31.642,7917,3
1277,E01001277,Ealing 011B,E09000009,Ealing,17.535,16527,6,0.108,15248,5,0.052,24057,8,8.0,23938,8,-0.84,27401,9,-0.082,17875,6,38.916,2509,1,39.184,4553,2
1278,E01001278,Ealing 011C,E09000009,Ealing,23.769,11526,4,0.135,12032,4,0.061,21371,7,12.057,19887,7,-0.724,26175,8,0.497,9122,3,40.337,2100,1,52.502,1501,1
1279,E01001279,Ealing 013C,E09000009,Ealing,7.15,28128,9,0.028,31197,10,0.031,30278,10,0.358,32642,10,-0.877,27778,9,-0.431,22843,7,21.905,14438,5,35.101,6198,2
1280,E01001280,Ealing 011D,E09000009,Ealing,13.686,20279,7,0.079,19766,7,0.043,26889,9,6.333,25801,8,-0.886,27850,9,-0.336,21550,7,38.65,2606,1,30.658,8436,3
1281,E01001281,Ealing 013D,E09000009,Ealing,7.459,27738,9,0.041,28389,9,0.035,29439,9,0.234,32732,10,-0.929,28224,9,-0.548,24428,8,21.497,14907,5,34.729,6358,2
1282,E01001282,Ealing 016B,E09000009,Ealing,35.01,5881,2,0.237,4652,2,0.173,4733,2,18.61,14696,5,0.234,12599,4,0.069,15609,5,43.932,1250,1,26.699,10746,4
1283,E01001283,Ealing 016C,E09000009,Ealing,40.085,4237,2,0.274,3070,1,0.196,3328,2,17.047,15776,5,0.43,9942,4,0.682,6705,3,37.718,2929,1,32.592,7419,3
1284,E01001284,Ealing 022A,E09000009,Ealing,15.752,18191,6,0.076,20264,7,0.06,21528,7,9.884,21949,7,-0.513,23600,8,0.801,5409,2,23.35,12821,4,33.419,6995,3
1285,E01001285,Ealing 016D,E09000009,Ealing,23.184,11937,4,0.154,10131,4,0.116,10140,4,14.88,17435,6,-0.299,20633,7,0.146,14367,5,30.882,6363,2,30.631,8447,3
1286,E01001286,Ealing 016E,E09000009,Ealing,23.532,11665,4,0.149,10546,4,0.107,11480,4,14.007,18157,6,-0.06,16945,6,-0.023,17037,6,37.204,3131,1,27.988,9960,4
1287,E01001287,Ealing 016F,E09000009,Ealing,31.223,7443,3,0.266,3356,2,0.156,6029,2,14.981,17370,6,-0.334,21177,7,-0.25,20352,7,40.976,1936,1,19.434,15726,5
1288,E01001288,Ealing 022B,E09000009,Ealing,16.018,17925,6,0.1,16244,5,0.079,16649,6,3.032,29691,10,-0.341,21313,7,-0.173,19258,6,26.283,9905,4,37.044,5370,2
1289,E01001289,Ealing 022C,E09000009,Ealing,15.526,18420,6,0.095,17198,6,0.073,17983,6,2.553,30270,10,-0.477,23097,8,-0.404,22480,7,29.056,7609,3,38.847,4670,2
1290,E01001290,Ealing 022D,E09000009,Ealing,12.68,21401,7,0.076,20253,7,0.059,21871,7,2.638,30179,10,-0.554,24107,8,-0.269,20595,7,29.074,7590,3,31.355,8077,3
1291,E01001291,Ealing 014C,E09000009,Ealing,19.365,14947,5,0.129,12668,4,0.098,12951,4,11.864,20070,7,-0.679,25708,8,0.197,13569,5,32.568,5346,2,23.485,12793,4
1292,E01001292,Ealing 014D,E09000009,Ealing,13.864,20084,7,0.086,18580,6,0.064,20312,7,9.379,22494,7,-0.694,25859,8,-0.033,17179,6,27.63,8734,3,28.178,9852,3
1293,E01001293,Ealing 014E,E09000009,Ealing,17.362,16678,6,0.113,14558,5,0.081,16129,5,11.515,20402,7,-0.227,19535,6,-0.366,21967,7,33.573,4773,2,21.563,14137,5
1294,E01001294,Ealing 017A,E09000009,Ealing,22.485,12398,4,0.156,9962,4,0.088,14735,5,17.799,15272,5,-0.198,19112,6,0.563,8221,3,31.262,6113,2,24.131,12329,4
1295,E01001295,Ealing 017B,E09000009,Ealing,17.222,16799,6,0.124,13239,5,0.074,17877,6,11.963,19969,7,-0.416,22337,7,-0.282,20778,7,30.559,6563,2,28.311,9777,3
1296,E01001296,Ealing 017C,E09000009,Ealing,22.011,12764,4,0.14,11480,4,0.111,10911,4,16.299,16334,5,0.029,15565,5,-0.083,17892,6,30.735,6449,2,24.341,12202,4
1297,E01001297,Ealing 017D,E09000009,Ealing,23.36,11800,4,0.144,11089,4,0.11,11100,4,15.442,17023,6,0.147,13764,5,0.256,12631,4,33.311,4931,2,22.219,13709,5
1298,E01001298,Ealing 017E,E09000009,Ealing,27.974,9045,3,0.163,9364,3,0.108,11339,4,16.977,15831,5,0.808,5823,2,0.264,12486,4,35.826,3712,2,26.98,10558,4
1299,E01001299,Ealing 035B,E09000009,Ealing,8.007,27061,9,0.052,25704,8,0.049,25019,8,1.762,31148,10,-1.157,29999,10,-0.518,24028,8,22.212,14076,5,28.03,9935,4
1300,E01001300,Ealing 039A,E09000009,Ealing,8.87,25967,8,0.044,27650,9,0.037,28898,9,1.779,31126,10,-0.908,28051,9,0.198,13534,5,20.099,16524,6,34.665,6389,2
1301,E01001301,Ealing 039B,E09000009,Ealing,20.032,14321,5,0.118,13939,5,0.072,18373,6,4.637,27749,9,0.17,13468,5,0.784,5600,2,28.743,7862,3,31.044,8232,3
1302,E01001302,Ealing 039C,E09000009,Ealing,11.697,22524,7,0.059,23939,8,0.047,25527,8,1.32,31663,10,-0.946,28369,9,0.608,7617,3,23.763,12378,4,33.08,7163,3
1303,E01001303,Ealing 032A,E09000009,Ealing,9.914,24632,8,0.051,25995,8,0.034,29565,10,0.703,32340,10,-1.107,29643,10,-0.036,17243,6,21.53,14869,5,44.256,3087,1
1304,E01001304,Ealing 039D,E09000009,Ealing,14.074,19885,7,0.097,16720,6,0.069,19020,6,1.745,31172,10,-0.365,21659,7,-0.186,19436,6,24.932,11190,4,32.505,7460,3
1305,E01001305,Ealing 035C,E09000009,Ealing,7.673,27464,9,0.046,27190,9,0.049,25193,8,0.616,32428,10,-0.78,26787,9,-0.384,22230,7,20.523,16036,5,26.956,10573,4
1306,E01001306,Ealing 035D,E09000009,Ealing,8.308,26685,9,0.056,24704,8,0.033,29824,10,1.094,31918,10,-0.781,26802,9,-0.503,23851,8,21.892,14446,5,33.74,6829,3
1307,E01001307,Ealing 002A,E09000009,Ealing,11.103,23210,8,0.067,22225,7,0.041,27549,9,9.698,22160,7,-1.218,30411,10,-0.061,17560,6,28.513,8024,3,28.347,9757,3
1308,E01001308,Ealing 002B,E09000009,Ealing,11.391,22868,7,0.069,21695,7,0.034,29629,10,8.282,23663,8,-1.159,30009,10,0.0,16669,6,34.059,4546,2,23.575,12728,4
1309,E01001309,Ealing 001C,E09000009,Ealing,15.083,18839,6,0.095,17129,6,0.045,26261,8,11.311,20609,7,-0.799,26993,9,0.409,10310,4,32.069,5609,2,28.41,9719,3
1310,E01001310,Ealing 001D,E09000009,Ealing,18.59,15589,5,0.125,13133,4,0.07,18887,6,14.944,17395,6,-0.598,24685,8,-0.021,17009,6,36.342,3487,2,26.913,10605,4
1311,E01001311,Ealing 001E,E09000009,Ealing,28.942,8519,3,0.204,6423,2,0.129,8631,3,21.661,12765,4,-0.169,18668,6,-0.187,19442,6,46.917,728,1,15.225,19006,6
1312,E01001312,Ealing 002C,E09000009,Ealing,16.657,17313,6,0.105,15672,5,0.065,20043,7,11.654,20281,7,-0.799,26990,9,-0.084,17899,6,32.467,5392,2,34.068,6653,3
1313,E01001313,Ealing 002D,E09000009,Ealing,13.693,20272,7,0.089,18084,6,0.053,23881,8,8.993,22861,7,-0.962,28516,9,-0.107,18229,6,33.317,4924,2,26.825,10668,4
1314,E01001314,Ealing 002E,E09000009,Ealing,10.954,23394,8,0.063,22942,7,0.043,26919,9,7.103,24944,8,-1.005,28869,9,-0.282,20789,7,31.819,5767,2,26.547,10838,4
1315,E01001315,Ealing 003A,E09000009,Ealing,18.255,15913,5,0.123,13281,5,0.073,18107,6,14.858,17453,6,-0.712,26046,8,0.068,15621,5,37.099,3167,1,20.767,14721,5
1316,E01001316,Ealing 003B,E09000009,Ealing,31.82,7159,3,0.221,5448,2,0.133,8197,3,20.732,13312,5,0.03,15551,5,0.268,12421,4,45.312,1000,1,24.336,12205,4
1317,E01001317,Ealing 003C,E09000009,Ealing,26.465,9896,4,0.165,9180,3,0.105,11715,4,21.912,12600,4,-0.191,19001,6,0.196,13580,5,43.254,1373,1,25.08,11732,4
1318,E01001318,Ealing 003D,E09000009,Ealing,36.013,5532,2,0.247,4204,2,0.14,7458,3,23.479,11626,4,0.257,12218,4,0.813,5280,2,44.686,1112,1,22.476,13498,5
1319,E01001319,Ealing 004B,E09000009,Ealing,18.036,16095,5,0.11,14954,5,0.067,19553,6,19.152,14290,5,-0.73,26244,8,-0.401,22449,7,39.693,2291,1,23.938,12461,4
1320,E01001320,Ealing 003E,E09000009,Ealing,41.628,3831,2,0.276,3008,1,0.198,3258,1,32.285,7709,3,0.055,15160,5,0.531,8657,3,48.429,521,1,17.821,16965,6
1321,E01001321,Ealing 003F,E09000009,Ealing,26.07,10147,4,0.154,10144,4,0.119,9845,3,19.673,13967,5,-0.258,19993,7,0.49,9197,3,38.009,2829,1,26.544,10840,4
1322,E01001322,Ealing 004C,E09000009,Ealing,23.866,11458,4,0.149,10609,4,0.097,13097,4,10.133,21688,7,-0.584,24500,8,0.892,4468,2,36.608,3363,2,28.828,9488,3
1323,E01001323,Ealing 004D,E09000009,Ealing,23.054,12015,4,0.115,14242,5,0.082,15890,5,10.85,21039,7,-0.518,23670,8,1.069,3003,1,33.53,4796,2,38.444,4823,2
1324,E01001324,Ealing 008B,E09000009,Ealing,33.507,6468,2,0.183,7848,3,0.112,10813,4,15.467,17010,6,0.111,14345,5,0.945,3986,2,62.44,8,1,28.757,9534,3
1325,E01001325,Ealing 009A,E09000009,Ealing,26.632,9812,3,0.185,7688,3,0.112,10803,4,22.688,12108,4,-0.084,17325,6,0.483,9299,3,35.495,3857,2,21.094,14486,5
1326,E01001326,Ealing 008C,E09000009,Ealing,33.051,6645,3,0.194,7052,3,0.116,10134,4,18.871,14493,5,-0.188,18958,6,0.76,5840,2,55.973,45,1,28.575,9622,3
1327,E01001327,Ealing 009B,E09000009,Ealing,30.832,7636,3,0.193,7083,3,0.131,8352,3,20.931,13183,5,-0.102,17601,6,0.779,5646,2,40.946,1947,1,26.181,11053,4
1328,E01001328,Ealing 009C,E09000009,Ealing,33.629,6406,2,0.194,7035,3,0.118,9900,4,25.279,10686,4,0.051,15217,5,1.006,3476,2,46.681,781,1,27.427,10295,4
1329,E01001329,Ealing 009D,E09000009,Ealing,24.129,11307,4,0.175,8385,3,0.086,15061,5,17.717,15326,5,-0.131,18084,6,0.54,8528,3,35.962,3662,2,22.497,13480,5
1330,E01001330,Ealing 008D,E09000009,Ealing,42.882,3501,2,0.274,3074,1,0.184,4055,2,24.712,10982,4,0.08,14809,5,0.714,6356,2,57.926,24,1,28.276,9798,3
1331,E01001331,Ealing 009E,E09000009,Ealing,37.261,5126,2,0.247,4160,2,0.153,6292,2,27.114,9768,3,0.366,10772,4,0.656,7008,3,43.908,1254,1,24.514,12086,4
1332,E01001332,Ealing 008E,E09000009,Ealing,39.944,4277,2,0.267,3329,2,0.167,5214,2,22.069,12499,4,0.471,9448,3,0.367,10925,4,51.268,192,1,23.328,12905,4
1333,E01001333,Ealing 038A,E09000009,Ealing,39.653,4369,2,0.241,4439,2,0.13,8457,3,27.147,9750,3,0.416,10121,4,1.054,3121,1,43.44,1342,1,42.624,3499,2
1334,E01001334,Ealing 029C,E09000009,Ealing,41.199,3919,2,0.291,2510,1,0.186,3959,2,30.338,8418,3,0.275,11978,4,0.142,14437,5,46.939,724,1,24.286,12229,4
1335,E01001335,Ealing 038B,E09000009,Ealing,20.851,13665,5,0.126,12952,4,0.08,16325,5,8.406,23514,8,-0.262,20069,7,0.488,9227,3,32.081,5600,2,37.209,5307,2
1336,E01001336,Ealing 038C,E09000009,Ealing,24.895,10825,4,0.168,8938,3,0.109,11222,4,12.757,19259,6,-0.165,18611,6,0.124,14749,5,38.493,2662,1,30.278,8640,3
1337,E01001337,Ealing 029D,E09000009,Ealing,35.728,5627,2,0.174,8454,3,0.145,7034,3,14.713,17574,6,0.363,10810,4,1.298,1763,1,48.911,463,1,26.615,10801,4
1338,E01001338,Ealing 029E,E09000009,Ealing,27.178,9484,3,0.139,11605,4,0.123,9251,3,13.632,18481,6,0.144,13820,5,-0.019,16980,6,47.053,705,1,28.287,9790,3
1339,E01001339,Ealing 029F,E09000009,Ealing,35.644,5657,2,0.238,4587,2,0.164,5412,2,20.452,13506,5,-0.018,16283,5,0.074,15510,5,52.214,139,1,21.201,14401,5
1340,E01001340,Ealing 029G,E09000009,Ealing,38.035,4859,2,0.212,5984,2,0.207,2802,1,23.628,11544,4,0.272,12033,4,0.646,7130,3,45.268,1016,1,17.38,17307,6
1341,E01001341,Ealing 005A,E09000009,Ealing,12.828,21235,7,0.084,18915,6,0.044,26680,9,13.276,18804,6,-0.978,28639,9,-0.484,23546,8,30.821,6406,2,30.068,8760,3
1342,E01001342,Ealing 005B,E09000009,Ealing,14.813,19108,6,0.088,18234,6,0.046,25836,8,10.377,21480,7,-0.754,26515,9,-0.536,24268,8,34.858,4143,2,37.215,5306,2
1343,E01001343,Ealing 005C,E09000009,Ealing,15.378,18564,6,0.1,16248,5,0.075,17453,6,13.832,18303,6,-0.955,28455,9,-0.364,21952,7,30.926,6331,2,24.681,11982,4
1344,E01001344,Ealing 007A,E09000009,Ealing,18.422,15761,5,0.137,11817,4,0.08,16409,5,8.17,23760,8,-0.759,26564,9,-0.539,24323,8,42.382,1569,1,18.319,16570,6
1345,E01001345,Ealing 005D,E09000009,Ealing,17.505,16547,6,0.12,13736,5,0.078,16887,6,15.741,16798,6,-0.539,23916,8,-0.494,23693,8,34.111,4518,2,23.053,13089,4
1346,E01001346,Ealing 007B,E09000009,Ealing,12.0,22171,7,0.094,17336,6,0.051,24317,8,6.268,25877,8,-1.175,30139,10,-0.446,23063,8,26.036,10147,4,32.148,7638,3
1347,E01001347,Ealing 007C,E09000009,Ealing,18.682,15517,5,0.102,16051,5,0.052,24089,8,13.833,18300,6,-0.792,26925,9,-0.019,16975,6,44.378,1166,1,33.278,7063,3
1348,E01001348,Ealing 007D,E09000009,Ealing,19.431,14879,5,0.143,11126,4,0.066,19815,7,8.322,23615,8,-0.657,25440,8,0.271,12378,4,31.265,6112,2,39.249,4524,2
1349,E01001349,Ealing 006E,E09000009,Ealing,33.598,6422,2,0.176,8310,3,0.127,8877,3,17.264,15627,5,0.301,11611,4,1.167,2426,1,46.091,875,1,27.964,9977,4
1350,E01001350,Ealing 027C,E09000009,Ealing,16.166,17789,6,0.084,18818,6,0.075,17460,6,1.95,30949,10,-0.337,21236,7,0.104,15074,5,33.95,4593,2,31.435,8031,3
1351,E01001351,Ealing 025E,E09000009,Ealing,28.006,9030,3,0.162,9506,3,0.101,12440,4,4.474,27948,9,0.131,14015,5,1.295,1779,1,34.369,4389,2,37.51,5164,2
1352,E01001352,Ealing 027D,E09000009,Ealing,15.249,18684,6,0.102,16005,5,0.052,24190,8,2.971,29772,10,-0.934,28257,9,0.254,12667,4,27.464,8859,3,42.501,3529,2
1353,E01001353,Ealing 033A,E09000009,Ealing,23.368,11787,4,0.139,11564,4,0.085,15297,5,12.049,19889,7,-0.059,16931,6,0.372,10853,4,37.894,2876,1,34.772,6344,2
1354,E01001354,Ealing 027E,E09000009,Ealing,22.226,12592,4,0.122,13494,5,0.068,19182,6,6.533,25559,8,0.559,8393,3,0.721,6276,2,27.019,9259,3,38.929,4636,2
1355,E01001355,Ealing 033B,E09000009,Ealing,24.463,11088,4,0.148,10681,4,0.112,10752,4,6.797,25256,8,0.236,12558,4,0.304,11884,4,31.268,6111,2,37.503,5170,2
1356,E01001356,Ealing 033C,E09000009,Ealing,45.936,2863,1,0.329,1455,1,0.243,1511,1,28.467,9204,3,0.398,10349,4,0.283,12199,4,39.508,2348,1,20.31,15042,5
1357,E01001357,Ealing 033D,E09000009,Ealing,41.995,3722,2,0.309,1967,1,0.164,5423,2,11.708,20224,7,0.37,10722,4,0.748,5962,2,48.975,455,1,33.513,6946,3
1358,E01001358,Ealing 033E,E09000009,Ealing,45.789,2888,1,0.321,1649,1,0.176,4547,2,26.512,10055,4,0.186,13255,5,0.064,15681,5,56.626,37,1,42.7,3481,2
1359,E01001359,Ealing 026A,E09000009,Ealing,24.895,10824,4,0.142,11215,4,0.087,14832,5,22.798,12033,4,-0.197,19090,6,0.381,10722,4,41.985,1663,1,27.801,10074,4
1360,E01001360,Ealing 026B,E09000009,Ealing,29.132,8447,3,0.146,10898,4,0.092,13956,5,21.044,13107,4,-0.153,18442,6,1.548,931,1,37.448,3041,1,31.857,7797,3
1361,E01001361,Ealing 023E,E09000009,Ealing,34.209,6178,2,0.181,7997,3,0.113,10560,4,27.214,9727,3,-0.078,17239,6,1.246,1992,1,44.631,1122,1,35.826,5884,2
1362,E01001362,Ealing 026C,E09000009,Ealing,29.18,8413,3,0.157,9883,4,0.118,9968,4,28.674,9112,3,0.102,14478,5,0.313,11752,4,42.106,1634,1,29.131,9305,3
1363,E01001363,Ealing 026D,E09000009,Ealing,26.151,10083,4,0.145,10992,4,0.09,14262,5,29.966,8578,3,-0.249,19863,7,0.521,8782,3,41.98,1664,1,24.888,11861,4
1364,E01001364,Ealing 026E,E09000009,Ealing,42.16,3672,2,0.305,2060,1,0.182,4173,2,26.234,10192,4,0.499,9100,3,0.497,9115,3,44.941,1067,1,21.625,14106,5
1365,E01001365,Ealing 026F,E09000009,Ealing,28.015,9026,3,0.153,10206,4,0.111,10857,4,21.762,12694,4,0.287,11803,4,-0.139,18727,6,46.057,882,1,27.449,10286,4
1366,E01001366,Ealing 037A,E09000009,Ealing,28.541,8743,3,0.169,8896,3,0.121,9610,3,23.968,11371,4,-0.019,16295,5,-0.096,18079,6,44.999,1059,1,28.086,9902,4
1367,E01001367,Ealing 037B,E09000009,Ealing,30.306,7890,3,0.189,7376,3,0.096,13159,5,30.711,8289,3,-0.308,20769,7,0.52,8784,3,45.048,1051,1,33.395,7008,3
1368,E01001368,Ealing 037C,E09000009,Ealing,28.942,8520,3,0.163,9381,3,0.133,8181,3,22.136,12448,4,-0.041,16643,6,0.709,6405,2,38.289,2745,1,25.458,11500,4
1369,E01001369,Ealing 038D,E09000009,Ealing,24.898,10823,4,0.146,10895,4,0.08,16380,5,25.564,10535,4,-0.314,20875,7,0.261,12541,4,41.216,1867,1,33.505,6950,3
1370,E01001370,Ealing 037D,E09000009,Ealing,25.905,10253,4,0.14,11500,4,0.094,13529,5,27.555,9582,3,-0.202,19162,6,0.699,6518,2,38.48,2664,1,26.362,10948,4
1371,E01001371,Ealing 037E,E09000009,Ealing,27.142,9509,3,0.166,9089,3,0.103,12084,4,28.866,9032,3,-0.214,19349,6,0.325,11557,4,41.879,1690,1,23.791,12569,4
1372,E01001372,Ealing 037F,E09000009,Ealing,31.007,7551,3,0.189,7368,3,0.13,8569,3,30.116,8511,3,-0.061,16957,6,0.162,14125,5,46.818,744,1,21.061,14521,5
1373,E01001373,Ealing 037G,E09000009,Ealing,26.285,9995,4,0.173,8567,3,0.095,13434,5,27.34,9677,3,-0.004,16085,5,0.081,15401,5,38.127,2793,1,28.311,9779,3
1374,E01001374,Ealing 040A,E09000009,Ealing,11.21,23089,8,0.074,20771,7,0.049,24950,8,1.561,31381,10,-0.584,24513,8,-0.119,18426,6,28.056,8380,3,27.078,10491,4
1375,E01001375,Ealing 034A,E09000009,Ealing,5.53,29992,10,0.032,30403,10,0.021,32163,10,0.339,32659,10,-1.248,30589,10,0.161,14149,5,18.216,18843,6,22.455,13521,5
1376,E01001376,Ealing 040B,E09000009,Ealing,23.916,11416,4,0.19,7281,3,0.13,8441,3,10.964,20932,7,-0.238,19691,6,-0.063,17584,6,30.575,6550,2,22.953,13161,5
1377,E01001377,Ealing 034B,E09000009,Ealing,8.237,26779,9,0.042,28165,9,0.024,31828,10,0.765,32280,10,-1.425,31434,10,0.072,15546,5,24.633,11489,4,34.286,6557,2
1378,E01001379,Ealing 034C,E09000009,Ealing,6.511,28867,9,0.038,29004,9,0.026,31485,10,0.218,32750,10,-0.943,28346,9,-0.242,20225,7,20.958,15555,5,29.001,9384,3
1379,E01001380,Ealing 040C,E09000009,Ealing,12.501,21610,7,0.084,18864,6,0.045,26362,9,1.271,31710,10,-0.793,26940,9,-0.142,18771,6,31.622,5894,2,32.757,7320,3
1380,E01001381,Ealing 034D,E09000009,Ealing,18.031,16099,5,0.123,13279,5,0.078,16853,6,3.378,29282,9,-0.568,24297,8,-0.196,19561,6,29.008,7648,3,43.327,3337,2
1381,E01001382,Ealing 032B,E09000009,Ealing,8.388,26572,9,0.029,30908,10,0.023,31902,10,0.381,32624,10,-0.935,28270,9,0.202,13466,5,21.884,14458,5,37.871,5043,2
1382,E01001383,Ealing 028D,E09000009,Ealing,11.57,22673,7,0.071,21280,7,0.052,23911,8,2.013,30883,10,-0.289,20486,7,-0.223,19953,7,26.021,10159,4,29.019,9373,3
1383,E01001384,Ealing 032C,E09000009,Ealing,9.84,24713,8,0.071,21306,7,0.046,26012,8,2.199,30666,10,-0.785,26845,9,-0.146,18807,6,22.525,13718,5,29.039,9356,3
1384,E01001385,Ealing 032D,E09000009,Ealing,8.565,26344,9,0.063,23038,8,0.035,29403,9,0.349,32652,10,-1.216,30400,10,0.075,15505,5,22.607,13629,5,28.24,9815,3
1385,E01001386,Ealing 031F,E09000009,Ealing,9.924,24623,8,0.057,24438,8,0.048,25379,8,0.701,32343,10,-0.805,27052,9,-0.1,18134,6,25.225,10892,4,31.27,8121,3
1386,E01001387,Ealing 032E,E09000009,Ealing,16.451,17508,6,0.074,20783,7,0.066,19817,7,1.365,31622,10,-0.343,21337,7,0.06,15733,5,28.633,7946,3,49.621,1974,1
1387,E01001388,Ealing 028E,E09000009,Ealing,34.821,5956,2,0.205,6335,2,0.152,6425,2,9.286,22592,7,0.299,11645,4,1.075,2967,1,36.186,3543,2,43.491,3300,2
1388,E01001389,Ealing 028F,E09000009,Ealing,21.071,13509,5,0.13,12540,4,0.062,20874,7,4.39,28051,9,-0.357,21547,7,0.993,3583,2,27.13,9139,3,44.993,2897,1
1389,E01032572,Ealing 040D,E09000009,Ealing,16.309,17645,6,0.102,15987,5,0.055,23142,8,5.781,26407,9,-0.255,19955,7,0.803,5387,2,27.31,8981,3,25.925,11205,4
1390,E01032743,Ealing 010F,E09000009,Ealing,27.393,9353,3,0.189,7421,3,0.119,9824,3,12.956,19086,6,-0.184,18897,6,0.125,14736,5,47.327,655,1,18.744,16234,5
1391,E01032744,Ealing 010G,E09000009,Ealing,33.801,6338,2,0.202,6557,2,0.115,10391,4,18.899,14469,5,0.677,7090,3,1.055,3113,1,40.664,2005,1,27.336,10345,4
1392,E01001390,Enfield 036A,E09000010,Enfield,10.543,23838,8,0.077,20190,7,0.045,26347,9,3.039,29684,10,-1.346,31093,10,-0.038,17263,6,29.976,6988,3,22.824,13244,5
1393,E01001391,Enfield 036B,E09000010,Enfield,25.639,10400,4,0.135,11952,4,0.094,13568,5,13.572,18527,6,-0.243,19766,7,0.423,10118,4,47.457,632,1,31.357,8075,3
1394,E01001392,Enfield 032A,E09000010,Enfield,10.702,23651,8,0.066,22317,7,0.042,27275,9,3.618,28985,9,-1.404,31359,10,-0.371,22031,7,28.064,8374,3,35.964,5823,2
1395,E01001393,Enfield 036C,E09000010,Enfield,19.095,15156,5,0.113,14490,5,0.075,17419,6,8.21,23727,8,-0.294,20564,7,0.036,16129,5,35.572,3819,2,34.731,6357,2
1396,E01001394,Enfield 035A,E09000010,Enfield,26.964,9612,3,0.207,6254,2,0.081,15985,5,14.815,17494,6,-0.543,23974,8,0.486,9264,3,40.842,1960,1,37.749,5083,2
1397,E01001395,Enfield 035B,E09000010,Enfield,35.279,5795,2,0.233,4850,2,0.172,4870,2,21.526,12843,4,-0.301,20676,7,0.654,7027,3,46.688,778,1,20.781,14711,5
1398,E01001396,Enfield 036D,E09000010,Enfield,19.048,15197,5,0.145,10980,4,0.059,21677,7,12.238,19732,7,-0.823,27227,9,0.508,8975,3,33.461,4834,2,29.032,9364,3
1399,E01001397,Enfield 035C,E09000010,Enfield,24.623,10992,4,0.188,7422,3,0.1,12497,4,12.449,19539,6,-0.921,28156,9,0.283,12205,4,40.327,2104,1,29.06,9346,3
1400,E01001398,Enfield 021A,E09000010,Enfield,9.217,25510,8,0.067,22054,7,0.045,26258,8,4.952,27355,9,-0.813,27134,9,-0.319,21307,7,20.29,16311,5,28.266,9803,3
1401,E01001399,Enfield 021B,E09000010,Enfield,11.221,23079,8,0.075,20426,7,0.05,24630,8,10.023,21796,7,-1.024,29010,9,0.131,14647,5,24.223,11909,4,22.696,13340,5
1402,E01001400,Enfield 021C,E09000010,Enfield,10.379,24050,8,0.069,21749,7,0.059,21851,7,4.349,28101,9,-0.747,26424,9,-0.501,23810,8,27.721,8672,3,20.052,15248,5
1403,E01001401,Enfield 016A,E09000010,Enfield,12.406,21705,7,0.077,20166,7,0.055,23229,8,9.817,22025,7,-1.338,31054,10,0.29,12082,4,23.718,12418,4,29.21,9268,3
1404,E01001402,Enfield 021D,E09000010,Enfield,8.991,25812,8,0.07,21433,7,0.049,25144,8,4.963,27342,9,-1.25,30598,10,-0.308,21162,7,25.871,10297,4,17.202,17441,6
1405,E01001403,Enfield 021E,E09000010,Enfield,15.86,18070,6,0.096,16882,6,0.063,20573,7,12.51,19490,6,-0.761,26575,9,-0.032,17171,6,33.696,4725,2,28.11,9889,4
1406,E01001404,Enfield 026A,E09000010,Enfield,19.168,15105,5,0.12,13706,5,0.074,17708,6,15.207,17198,6,-0.677,25676,8,0.434,9981,4,37.303,3102,1,19.85,15406,5
1407,E01001405,Enfield 015A,E09000010,Enfield,12.081,22069,7,0.092,17645,6,0.051,24418,8,4.783,27570,9,-0.366,21676,7,-0.435,22899,7,31.639,5884,2,16.778,17772,6
1408,E01001406,Enfield 015B,E09000010,Enfield,24.464,11086,4,0.151,10417,4,0.114,10407,4,13.496,18591,6,-0.211,19299,6,0.369,10894,4,35.962,3661,2,29.764,8951,3
1409,E01001407,Enfield 005A,E09000010,Enfield,18.518,15675,5,0.108,15213,5,0.071,18465,6,15.78,16769,6,-0.88,27806,9,0.711,6379,2,32.572,5344,2,23.568,12732,4
1410,E01001408,Enfield 004A,E09000010,Enfield,16.678,17296,6,0.108,15251,5,0.071,18625,6,8.292,23651,8,-0.605,24774,8,-0.194,19537,6,24.5,11631,4,43.992,3149,1
1411,E01001409,Enfield 005B,E09000010,Enfield,34.902,5926,2,0.224,5268,2,0.146,6886,3,21.071,13088,4,-0.266,20124,7,0.433,9996,4,48.848,468,1,34.934,6274,2
1412,E01001410,Enfield 005C,E09000010,Enfield,45.507,2967,1,0.285,2702,1,0.187,3900,2,39.306,5555,2,0.482,9299,3,0.189,13685,5,61.546,10,1,27.969,9972,4
1413,E01001411,Enfield 004B,E09000010,Enfield,13.411,20608,7,0.103,15867,5,0.065,20091,7,8.091,23848,8,-0.959,28487,9,-0.194,19528,6,25.942,10216,4,26.137,11085,4
1414,E01001412,Enfield 004C,E09000010,Enfield,28.35,8853,3,0.145,10956,4,0.093,13733,5,20.863,13225,5,-0.754,26509,9,0.763,5796,2,49.872,337,1,34.05,6662,3
1415,E01001413,Enfield 004D,E09000010,Enfield,7.768,27340,9,0.05,26182,8,0.037,28716,9,4.895,27424,9,-0.848,27495,9,-0.23,20058,7,26.674,9584,3,16.085,18348,6
1416,E01001414,Enfield 004E,E09000010,Enfield,42.821,3518,2,0.277,2972,1,0.185,3976,2,37.323,6099,2,0.188,13228,5,-0.377,22130,7,50.694,245,1,35.879,5861,2
1417,E01001415,Enfield 011A,E09000010,Enfield,15.471,18476,6,0.129,12591,4,0.052,24119,8,6.617,25464,8,-0.837,27362,9,0.249,12737,4,35.52,3845,2,17.217,17426,6
1418,E01001416,Enfield 013A,E09000010,Enfield,7.674,27463,9,0.061,23558,8,0.033,29747,10,3.893,28653,9,-1.522,31765,10,-0.6,25079,8,25.336,10805,4,24.254,12255,4
1419,E01001417,Enfield 011B,E09000010,Enfield,8.251,26756,9,0.033,30206,10,0.024,31701,10,3.792,28772,9,-1.727,32262,10,-0.668,25848,8,41.249,1854,1,13.103,20950,7
1420,E01001418,Enfield 011C,E09000010,Enfield,21.09,13494,5,0.151,10450,4,0.11,11063,4,7.53,24452,8,-0.338,21247,7,0.127,14705,5,35.969,3657,2,17.927,16872,6
1421,E01001419,Enfield 020A,E09000010,Enfield,15.206,18716,6,0.099,16418,5,0.073,18125,6,3.74,28828,9,-0.988,28725,9,0.23,13033,4,35.351,3914,2,19.586,15610,5
1422,E01001420,Enfield 020B,E09000010,Enfield,26.371,9953,4,0.157,9869,4,0.103,11999,4,20.372,13554,5,-0.061,16959,6,-0.051,17433,6,46.158,867,1,25.744,11321,4
1423,E01001421,Enfield 020C,E09000010,Enfield,26.74,9728,3,0.19,7283,3,0.102,12256,4,14.862,17450,6,-0.257,19981,7,-0.172,19229,6,47.009,710,1,27.17,10433,4
1424,E01001422,Enfield 011D,E09000010,Enfield,7.863,27233,9,0.024,31696,10,0.016,32513,10,1.967,30926,10,-2.112,32679,10,-0.829,27584,9,44.179,1210,1,9.627,24447,8
1425,E01001423,Enfield 027A,E09000010,Enfield,31.815,7161,3,0.208,6203,2,0.122,9488,3,28.503,9184,3,-0.456,22853,7,0.576,8041,3,43.783,1270,1,31.58,7943,3
1426,E01001424,Enfield 030A,E09000010,Enfield,45.659,2918,1,0.332,1393,1,0.195,3393,2,24.906,10880,4,0.36,10858,4,0.76,5842,2,46.489,802,1,24.583,12033,4
1427,E01001425,Enfield 027B,E09000010,Enfield,48.205,2455,1,0.298,2257,1,0.167,5206,2,38.933,5653,2,-0.03,16449,6,1.579,849,1,49.53,387,1,36.817,5453,2
1428,E01001426,Enfield 030B,E09000010,Enfield,41.035,3965,2,0.246,4224,2,0.142,7285,3,36.839,6238,2,0.224,12726,4,1.178,2362,1,49.288,417,1,26.077,11122,4
1429,E01001427,Enfield 030C,E09000010,Enfield,42.558,3582,2,0.286,2681,1,0.162,5546,2,40.591,5226,2,-0.193,19030,6,0.56,8263,3,53.705,88,1,27.759,10102,4
1430,E01001428,Enfield 027C,E09000010,Enfield,38.085,4845,2,0.242,4378,2,0.168,5129,2,38.102,5875,2,-0.189,18972,6,0.422,10141,4,44.934,1071,1,31.141,8185,3
1431,E01001429,Enfield 030D,E09000010,Enfield,46.391,2781,1,0.312,1895,1,0.186,3963,2,37.857,5947,2,0.353,10930,4,1.063,3051,1,37.697,2940,1,38.425,4831,2
1432,E01001430,Enfield 030E,E09000010,Enfield,42.061,3702,2,0.297,2292,1,0.16,5739,2,39.87,5393,2,-0.239,19698,6,0.533,8631,3,47.43,637,1,33.805,6792,3
1433,E01001431,Enfield 033A,E09000010,Enfield,43.347,3388,2,0.283,2789,1,0.163,5519,2,33.838,7156,3,-0.126,17990,6,0.648,7101,3,53.976,83,1,37.52,5157,2
1434,E01001432,Enfield 033B,E09000010,Enfield,39.635,4375,2,0.239,4564,2,0.134,8068,3,28.963,8985,3,-0.051,16803,6,0.901,4385,2,47.014,709,1,48.375,2189,1
1435,E01001433,Enfield 007A,E09000010,Enfield,36.086,5499,2,0.23,5005,2,0.139,7568,3,47.992,3585,2,-0.099,17548,6,0.047,15931,5,45.886,908,1,27.74,10113,4
1436,E01001434,Enfield 007B,E09000010,Enfield,28.191,8928,3,0.172,8659,3,0.095,13419,5,34.912,6790,3,-0.361,21607,7,0.441,9899,4,42.287,1589,1,27.392,10316,4
1437,E01001435,Enfield 007C,E09000010,Enfield,26.237,10023,4,0.165,9198,3,0.088,14682,5,32.131,7765,3,-0.55,24050,8,0.841,4995,2,32.105,5577,2,31.11,8193,3
1438,E01001436,Enfield 007D,E09000010,Enfield,28.56,8730,3,0.222,5403,2,0.121,9506,3,25.309,10668,4,-0.427,22474,7,0.325,11571,4,34.326,4415,2,27.423,10297,4
1439,E01001437,Enfield 014A,E09000010,Enfield,38.766,4642,2,0.269,3246,1,0.15,6537,2,29.556,8760,3,0.119,14217,5,-0.339,21581,7,50.492,266,1,35.929,5837,2
1440,E01001438,Enfield 007E,E09000010,Enfield,34.949,5904,2,0.246,4234,2,0.14,7526,3,29.997,8559,3,-0.242,19757,7,0.771,5728,2,40.608,2023,1,28.685,9567,3
1441,E01001439,Enfield 006A,E09000010,Enfield,35.255,5806,2,0.251,3989,2,0.15,6609,3,32.421,7648,3,-0.443,22676,7,0.586,7908,3,41.445,1793,1,27.992,9956,4
1442,E01001440,Enfield 012A,E09000010,Enfield,30.551,7766,3,0.206,6299,2,0.119,9831,3,28.439,9213,3,-0.525,23741,8,0.866,4739,2,37.588,2979,1,28.031,9933,4
1443,E01001441,Enfield 006B,E09000010,Enfield,37.103,5182,2,0.239,4551,2,0.143,7172,3,30.436,8388,3,-0.173,18721,6,0.989,3615,2,46.431,816,1,26.03,11141,4
1444,E01001442,Enfield 002A,E09000010,Enfield,44.482,3165,1,0.314,1826,1,0.176,4593,2,38.838,5678,2,0.466,9503,3,0.256,12622,4,42.508,1536,1,36.758,5477,2
1445,E01001444,Enfield 001A,E09000010,Enfield,22.75,12215,4,0.137,11829,4,0.076,17226,6,22.704,12097,4,-0.474,23057,8,0.323,11599,4,39.948,2202,1,28.799,9514,3
1446,E01001445,Enfield 003B,E09000010,Enfield,29.846,8094,3,0.208,6199,2,0.1,12614,4,23.367,11695,4,-0.704,25961,8,0.181,13834,5,44.829,1095,1,41.336,3846,2
1447,E01001446,Enfield 001B,E09000010,Enfield,27.924,9085,3,0.188,7435,3,0.114,10541,4,28.867,9031,3,-0.514,23612,8,0.147,14362,5,36.082,3591,2,35.771,5905,2
1448,E01001447,Enfield 003C,E09000010,Enfield,42.79,3524,2,0.302,2142,1,0.187,3875,2,32.613,7581,3,0.106,14413,5,0.214,13265,5,51.707,167,1,19.229,15864,5
1449,E01001448,Enfield 003D,E09000010,Enfield,30.162,7950,3,0.224,5293,2,0.13,8549,3,26.153,10236,4,-0.352,21487,7,0.156,14222,5,40.597,2027,1,24.739,11953,4
1450,E01001449,Enfield 003E,E09000010,Enfield,29.422,8289,3,0.217,5720,2,0.105,11734,4,31.872,7864,3,-0.484,23189,8,0.164,14097,5,45.914,903,1,18.385,16526,6
1451,E01001450,Enfield 015C,E09000010,Enfield,21.426,13223,5,0.134,12059,4,0.068,19354,6,14.14,18034,6,-0.531,23812,8,0.399,10459,4,42.315,1582,1,27.758,10104,4
1452,E01001451,Enfield 017A,E09000010,Enfield,16.806,17172,6,0.068,22021,7,0.055,23042,8,4.533,27865,9,-1.371,31220,10,1.078,2942,1,39.438,2364,1,24.66,11989,4
1453,E01001452,Enfield 017B,E09000010,Enfield,11.358,22909,7,0.061,23369,8,0.046,25898,8,5.062,27218,9,-1.284,30777,10,-0.166,19135,6,35.196,3990,2,25.328,11562,4
1454,E01001453,Enfield 017C,E09000010,Enfield,6.185,29230,9,0.032,30342,10,0.033,29928,10,2.798,29983,10,-1.749,32297,10,-0.771,27017,9,30.564,6558,2,16.093,18339,6
1455,E01001454,Enfield 017D,E09000010,Enfield,9.141,25609,8,0.063,23124,8,0.042,27439,9,1.892,31010,10,-1.282,30772,10,-0.602,25108,8,30.986,6283,2,24.309,12219,4
1456,E01001455,Enfield 021F,E09000010,Enfield,11.174,23129,8,0.068,22035,7,0.046,26073,8,10.888,20999,7,-0.868,27686,9,-0.711,26339,9,35.268,3956,2,16.589,17910,6
1457,E01001456,Enfield 022A,E09000010,Enfield,5.686,29825,10,0.052,25598,8,0.029,30811,10,1.274,31707,10,-1.567,31907,10,-0.587,24939,8,20.458,16125,5,22.078,13795,5
1458,E01001457,Enfield 010A,E09000010,Enfield,13.891,20056,7,0.091,17805,6,0.068,19171,6,7.307,24702,8,-0.634,25147,8,-1.011,29179,9,37.43,3051,1,16.569,17924,6
1459,E01001458,Enfield 037A,E09000010,Enfield,40.254,4196,2,0.268,3278,1,0.17,4994,2,44.761,4221,2,0.021,15692,5,0.283,12201,4,45.141,1035,1,27.197,10419,4
1460,E01001459,Enfield 024A,E09000010,Enfield,23.802,11498,4,0.174,8499,3,0.101,12415,4,24.406,11133,4,-0.908,28049,9,0.413,10255,4,33.855,4646,2,22.394,13577,5
1461,E01001460,Enfield 024B,E09000010,Enfield,38.272,4797,2,0.236,4707,2,0.145,7062,3,38.786,5690,2,-0.148,18362,6,0.592,7844,3,45.458,976,1,39.45,4443,2
1462,E01001461,Enfield 027D,E09000010,Enfield,40.049,4246,2,0.289,2551,1,0.175,4650,2,37.059,6180,2,-0.2,19133,6,0.345,11228,4,45.055,1050,1,26.113,11105,4
1463,E01001462,Enfield 024C,E09000010,Enfield,35.063,5863,2,0.254,3836,2,0.137,7802,3,26.352,10130,4,-0.663,25506,8,0.577,8024,3,46.611,789,1,30.919,8304,3
1464,E01001463,Enfield 031A,E09000010,Enfield,22.651,12284,4,0.176,8354,3,0.083,15709,5,21.372,12930,4,-0.57,24331,8,0.163,14109,5,36.859,3252,1,21.714,14031,5
1465,E01001464,Enfield 027E,E09000010,Enfield,38.337,4782,2,0.276,2993,1,0.166,5285,2,40.486,5248,2,0.017,15737,5,0.167,14058,5,40.471,2057,1,27.14,10453,4
1466,E01001465,Enfield 031B,E09000010,Enfield,24.442,11104,4,0.151,10403,4,0.091,14081,5,25.934,10353,4,-0.835,27345,9,0.193,13633,5,42.021,1658,1,28.202,9838,3
1467,E01001466,Enfield 031C,E09000010,Enfield,28.341,8860,3,0.203,6494,2,0.085,15267,5,33.188,7378,3,-0.569,24309,8,0.249,12739,4,40.363,2090,1,34.764,6347,2
1468,E01001467,Enfield 031D,E09000010,Enfield,26.454,9903,4,0.185,7659,3,0.096,13174,5,22.694,12103,4,-0.792,26931,9,0.106,15047,5,40.915,1955,1,36.061,5781,2
1469,E01001468,Enfield 010B,E09000010,Enfield,29.819,8107,3,0.136,11878,4,0.177,4492,2,10.349,21501,7,0.432,9916,4,0.067,15636,5,48.421,522,1,10.465,23576,8
1470,E01001469,Enfield 008A,E09000010,Enfield,23.277,11863,4,0.139,11514,4,0.108,11262,4,16.734,16015,5,-0.703,25957,8,-0.538,24299,8,50.034,313,1,12.434,21579,7
1471,E01001470,Enfield 013B,E09000010,Enfield,10.556,23825,8,0.078,19961,7,0.065,20187,7,5.343,26912,9,-1.304,30877,10,-0.704,26254,8,31.32,6076,2,11.32,22656,7
1472,E01001471,Enfield 010C,E09000010,Enfield,17.36,16683,6,0.11,14878,5,0.073,17961,6,7.131,24902,8,-0.866,27655,9,-0.608,25166,8,45.295,1009,1,20.138,15179,5
1473,E01001472,Enfield 010D,E09000010,Enfield,13.774,20183,7,0.1,16347,5,0.056,22875,7,8.182,23752,8,-1.211,30362,10,-0.654,25693,8,39.598,2321,1,16.931,17647,6
1474,E01001473,Enfield 013C,E09000010,Enfield,15.973,17974,6,0.122,13450,5,0.082,15807,5,14.337,17871,6,-0.668,25558,8,-0.374,22071,7,30.586,6540,2,12.927,21111,7
1475,E01001474,Enfield 010E,E09000010,Enfield,13.064,20983,7,0.077,20155,7,0.065,20226,7,2.142,30734,10,-1.217,30403,10,-0.234,20116,7,41.494,1779,1,11.914,22066,7
1476,E01001475,Enfield 013D,E09000010,Enfield,7.273,27973,9,0.055,25049,8,0.038,28416,9,5.802,26389,9,-1.293,30820,10,-0.886,28116,9,25.74,10416,4,19.599,15602,5
1477,E01001476,Enfield 018A,E09000010,Enfield,28.029,9017,3,0.205,6368,2,0.112,10727,4,30.763,8280,3,-0.476,23084,8,0.324,11588,4,36.734,3306,2,24.22,12279,4
1478,E01001477,Enfield 018B,E09000010,Enfield,34.984,5893,2,0.221,5447,2,0.161,5679,2,33.849,7151,3,-0.117,17850,6,0.385,10669,4,42.789,1469,1,26.512,10859,4
1479,E01001478,Enfield 016B,E09000010,Enfield,25.908,10250,4,0.145,10916,4,0.106,11562,4,23.771,11451,4,0.002,15977,5,0.342,11292,4,38.735,2577,1,26.327,10975,4
1480,E01001479,Enfield 023A,E09000010,Enfield,33.274,6554,2,0.219,5598,2,0.114,10492,4,28.961,8987,3,-0.231,19605,6,0.516,8839,3,42.046,1652,1,42.194,3612,2
1481,E01001480,Enfield 024D,E09000010,Enfield,30.603,7739,3,0.193,7133,3,0.111,10874,4,19.928,13809,5,0.028,15576,5,0.314,11738,4,48.687,486,1,28.915,9427,3
1482,E01001481,Enfield 018C,E09000010,Enfield,26.529,9869,4,0.185,7680,3,0.104,11932,4,22.741,12071,4,-0.324,21027,7,0.221,13166,5,37.466,3034,1,31.52,7978,3
1483,E01001482,Enfield 023B,E09000010,Enfield,38.527,4720,2,0.243,4329,2,0.151,6430,2,32.869,7481,3,-0.253,19917,7,0.693,6588,3,47.88,581,1,35.409,6055,2
1484,E01001483,Enfield 025A,E09000010,Enfield,53.716,1643,1,0.345,1115,1,0.209,2749,1,37.806,5962,2,0.412,10163,4,0.688,6633,3,57.466,28,1,42.224,3606,2
1485,E01001484,Enfield 016C,E09000010,Enfield,24.503,11064,4,0.149,10596,4,0.09,14198,5,23.493,11615,4,-0.617,24935,8,0.579,8012,3,36.336,3489,2,32.107,7657,3
1486,E01001485,Enfield 025B,E09000010,Enfield,37.13,5172,2,0.231,4930,2,0.123,9260,3,33.198,7374,3,-0.254,19941,7,0.893,4459,2,46.804,749,1,38.902,4647,2
1487,E01001486,Enfield 025C,E09000010,Enfield,41.507,3856,2,0.294,2397,1,0.166,5289,2,39.469,5504,2,-0.213,19332,6,0.315,11715,4,51.379,186,1,23.449,12817,4
1488,E01001487,Enfield 023C,E09000010,Enfield,35.047,5869,2,0.226,5216,2,0.149,6656,3,32.506,7615,3,-0.23,19574,6,0.411,10287,4,44.707,1108,1,30.991,8256,3
1489,E01001488,Enfield 024E,E09000010,Enfield,30.484,7798,3,0.21,6094,2,0.11,11081,4,29.292,8862,3,-0.569,24308,8,0.57,8132,3,41.769,1716,1,31.298,8111,3
1490,E01001489,Enfield 023D,E09000010,Enfield,30.915,7594,3,0.188,7482,3,0.119,9787,3,35.108,6724,3,-0.37,21734,7,0.541,8518,3,41.297,1836,1,30.269,8648,3
1491,E01001491,Enfield 023E,E09000010,Enfield,32.824,6746,3,0.215,5809,2,0.127,8819,3,25.397,10616,4,-0.264,20101,7,0.473,9429,3,44.663,1116,1,35.051,6221,2
1492,E01001492,Enfield 025E,E09000010,Enfield,32.044,7065,3,0.212,5968,2,0.12,9747,3,27.635,9552,3,-0.445,22708,7,0.761,5822,2,42.595,1520,1,30.958,8278,3
1493,E01001493,Enfield 026B,E09000010,Enfield,29.242,8384,3,0.178,8163,3,0.138,7627,3,22.335,12328,4,-0.097,17529,6,-0.38,22177,7,47.992,568,1,20.675,14781,5
1494,E01001494,Enfield 026C,E09000010,Enfield,15.474,18473,6,0.116,14220,5,0.059,21766,7,13.77,18354,6,-0.724,26165,8,-0.377,22139,7,33.713,4720,2,22.306,13649,5
1495,E01001495,Enfield 029A,E09000010,Enfield,12.544,21557,7,0.079,19692,6,0.049,25040,8,5.408,26833,9,-1.004,28850,9,0.095,15196,5,29.244,7478,3,30.85,8344,3
1496,E01001496,Enfield 026D,E09000010,Enfield,14.271,19665,6,0.101,16129,5,0.062,21058,7,7.538,24439,8,-0.875,27759,9,-0.147,18846,6,32.033,5635,2,25.211,11645,4
1497,E01001497,Enfield 031E,E09000010,Enfield,23.466,11718,4,0.177,8255,3,0.085,15150,5,14.15,18028,6,-0.698,25913,8,0.43,10040,4,40.892,1957,1,23.021,13115,4
1498,E01001498,Enfield 029B,E09000010,Enfield,17.405,16629,6,0.12,13627,5,0.063,20671,7,7.079,24972,8,-0.743,26391,9,0.196,13585,5,31.783,5790,2,36.392,5628,2
1499,E01001499,Enfield 031F,E09000010,Enfield,24.023,11372,4,0.171,8739,3,0.088,14710,5,13.669,18449,6,-0.281,20361,7,0.23,13028,4,39.624,2312,1,30.283,8638,3
1500,E01001500,Enfield 035D,E09000010,Enfield,19.827,14503,5,0.12,13669,5,0.069,19137,6,9.3,22577,7,-0.688,25801,8,0.67,6857,3,35.249,3968,2,33.173,7117,3
1501,E01001501,Enfield 036E,E09000010,Enfield,26.291,9993,4,0.166,9108,3,0.091,14125,5,11.411,20506,7,-0.129,18037,6,0.579,8009,3,41.055,1911,1,36.526,5567,2
1502,E01001502,Enfield 018D,E09000010,Enfield,31.213,7448,3,0.202,6575,3,0.112,10771,4,31.282,8074,3,-0.489,23277,8,0.64,7199,3,41.376,1813,1,34.042,6666,3
1503,E01001503,Enfield 018E,E09000010,Enfield,28.155,8948,3,0.204,6422,2,0.095,13323,5,26.957,9843,3,-0.44,22638,7,0.466,9539,3,38.543,2643,1,31.527,7974,3
1504,E01001504,Enfield 012B,E09000010,Enfield,30.29,7894,3,0.185,7704,3,0.126,8951,3,27.413,9640,3,-0.296,20589,7,0.5,9081,3,39.512,2347,1,34.119,6626,3
1505,E01001505,Enfield 012C,E09000010,Enfield,33.573,6432,2,0.232,4897,2,0.142,7268,3,27.261,9712,3,-0.138,18196,6,0.435,9969,4,41.388,1809,1,30.167,8712,3
1506,E01001506,Enfield 014B,E09000010,Enfield,38.67,4674,2,0.265,3380,2,0.147,6817,3,32.894,7471,3,0.002,15969,5,0.739,6069,2,45.043,1053,1,30.102,8742,3
1507,E01001507,Enfield 012D,E09000010,Enfield,40.471,4121,2,0.257,3699,2,0.171,4915,2,31.003,8180,3,-0.279,20334,7,0.914,4266,2,47.302,660,1,32.24,7591,3
1508,E01001508,Enfield 012E,E09000010,Enfield,31.854,7139,3,0.224,5316,2,0.116,10246,4,22.934,11951,4,-0.29,20499,7,0.541,8521,3,45.176,1032,1,31.038,8236,3
1509,E01001509,Enfield 014C,E09000010,Enfield,34.342,6129,2,0.217,5680,2,0.135,7990,3,28.429,9219,3,-0.766,26642,9,0.336,11391,4,47.773,600,1,40.923,3974,2
1510,E01001510,Enfield 014D,E09000010,Enfield,47.177,2622,1,0.307,2023,1,0.204,2949,1,40.407,5268,2,0.505,9036,3,0.515,8871,3,38.299,2739,1,43.653,3258,1
1511,E01001511,Enfield 016D,E09000010,Enfield,21.859,12867,4,0.13,12569,4,0.085,15307,5,12.917,19110,6,-0.484,23201,8,0.857,4834,2,30.219,6814,3,33.354,7029,3
1512,E01001512,Enfield 015D,E09000010,Enfield,18.403,15781,5,0.121,13578,5,0.067,19486,6,12.161,19797,7,-0.845,27460,9,-0.109,18261,6,36.776,3285,2,33.714,6845,3
1513,E01001513,Enfield 012F,E09000010,Enfield,33.421,6497,2,0.231,4937,2,0.138,7654,3,26.043,10301,4,-0.086,17345,6,0.689,6625,3,41.124,1893,1,25.324,11563,4
1514,E01001514,Enfield 016E,E09000010,Enfield,21.731,12968,4,0.15,10471,4,0.093,13722,5,19.2,14258,5,-0.67,25596,8,-0.13,18587,6,32.639,5306,2,33.825,6778,3
1515,E01001515,Enfield 015E,E09000010,Enfield,37.118,5175,2,0.25,4004,2,0.142,7256,3,28.083,9365,3,0.177,13368,5,-0.032,17168,6,48.059,558,1,36.691,5508,2
1516,E01001516,Enfield 005D,E09000010,Enfield,28.911,8539,3,0.187,7553,3,0.128,8769,3,26.884,9879,4,-0.273,20251,7,0.046,15950,5,41.924,1677,1,26.708,10741,4
1517,E01001517,Enfield 006C,E09000010,Enfield,48.739,2365,1,0.334,1328,1,0.209,2730,1,57.186,2078,1,0.293,11725,4,0.468,9495,3,43.854,1261,1,16.037,18395,6
1518,E01001518,Enfield 016F,E09000010,Enfield,22.402,12462,4,0.148,10701,4,0.08,16298,5,6.995,25044,8,-0.418,22362,7,0.838,5027,2,31.185,6169,2,37.731,5090,2
1519,E01001519,Enfield 020D,E09000010,Enfield,13.242,20796,7,0.122,13460,5,0.05,24712,8,3.331,29348,9,-1.205,30314,10,-0.578,24823,8,35.798,3725,2,20.327,15034,5
1520,E01001520,Enfield 019A,E09000010,Enfield,17.439,16603,6,0.118,14009,5,0.089,14519,5,6.751,25302,8,-0.781,26796,9,-0.251,20357,7,39.61,2319,1,16.007,18422,6
1521,E01001521,Enfield 028A,E09000010,Enfield,8.942,25863,8,0.061,23510,8,0.039,28123,9,1.604,31324,10,-1.309,30897,10,-0.322,21345,7,32.171,5545,2,19.279,15817,5
1522,E01001522,Enfield 019B,E09000010,Enfield,14.078,19881,7,0.12,13674,5,0.064,20331,7,12.498,19499,6,-0.922,28172,9,-0.466,23310,8,32.259,5494,2,10.67,23348,8
1523,E01001523,Enfield 019C,E09000010,Enfield,8.803,26051,8,0.065,22621,7,0.037,28655,9,4.41,28025,9,-1.129,29795,10,-0.08,17844,6,29.016,7636,3,14.814,19380,6
1524,E01001524,Enfield 019D,E09000010,Enfield,21.144,13445,5,0.151,10376,4,0.098,12812,4,12.275,19693,6,-0.56,24185,8,-0.6,25072,8,41.006,1927,1,22.152,13747,5
1525,E01001525,Enfield 020E,E09000010,Enfield,16.784,17196,6,0.107,15368,5,0.067,19559,6,5.236,27045,9,-0.535,23866,8,0.052,15865,5,35.44,3877,2,30.573,8474,3
1526,E01001526,Enfield 019E,E09000010,Enfield,10.158,24301,8,0.056,24595,8,0.036,29029,9,4.319,28138,9,-1.439,31493,10,-1.061,29555,9,43.839,1262,1,12.115,21876,7
1527,E01001527,Enfield 036F,E09000010,Enfield,15.807,18129,6,0.096,16884,6,0.058,22205,7,4.408,28026,9,-0.74,26362,9,0.324,11584,4,35.166,4010,2,30.322,8617,3
1528,E01001528,Enfield 032B,E09000010,Enfield,34.923,5918,2,0.229,5015,2,0.143,7161,3,30.325,8423,3,-0.209,19265,6,0.34,11311,4,46.269,845,1,31.658,7907,3
1529,E01001529,Enfield 032C,E09000010,Enfield,32.233,6993,3,0.223,5331,2,0.132,8316,3,19.312,14185,5,0.309,11505,4,0.692,6594,3,37.736,2920,1,26.108,11111,4
1530,E01001530,Enfield 032D,E09000010,Enfield,20.501,13931,5,0.128,12747,4,0.083,15668,5,6.261,25886,8,-0.834,27327,9,0.451,9759,3,38.093,2806,1,32.933,7234,3
1531,E01001531,Enfield 028B,E09000010,Enfield,8.429,26522,9,0.047,26881,9,0.037,28832,9,1.026,31991,10,-1.452,31552,10,-0.401,22445,7,31.108,6213,2,26.324,10977,4
1532,E01001532,Enfield 028C,E09000010,Enfield,8.506,26409,9,0.056,24743,8,0.044,26789,9,1.031,31988,10,-1.688,32191,10,-0.37,22030,7,27.207,9072,3,26.9,10619,4
1533,E01001533,Enfield 028D,E09000010,Enfield,7.078,28218,9,0.054,25217,8,0.039,28064,9,1.99,30901,10,-0.96,28500,9,-0.528,24160,8,22.903,13320,5,21.602,14122,5
1534,E01001534,Enfield 032E,E09000010,Enfield,11.197,23107,8,0.061,23449,8,0.04,27827,9,3.39,29271,9,-1.378,31253,10,0.469,9482,3,32.148,5556,2,22.529,13461,5
1535,E01001535,Enfield 028E,E09000010,Enfield,14.357,19585,6,0.083,19074,6,0.051,24453,8,3.289,29391,9,-1.091,29531,9,0.746,5986,2,30.925,6332,2,28.014,9944,4
1536,E01001536,Enfield 008B,E09000010,Enfield,18.752,15451,5,0.116,14137,5,0.083,15577,5,8.327,23606,8,-0.585,24526,8,0.545,8468,3,28.112,8333,3,32.721,7341,3
1537,E01001537,Enfield 005E,E09000010,Enfield,11.559,22687,7,0.095,17171,6,0.046,25838,8,7.82,24121,8,-0.892,27914,9,-0.552,24486,8,31.419,6015,2,18.635,16324,5
1538,E01001538,Enfield 009A,E09000010,Enfield,11.124,23188,8,0.063,23092,8,0.059,21850,7,10.366,21487,7,-1.086,29483,9,-0.223,19960,7,29.331,7414,3,18.826,16172,5
1539,E01001539,Enfield 009B,E09000010,Enfield,15.185,18732,6,0.102,16080,5,0.074,17776,6,8.01,23927,8,-0.657,25439,8,0.211,13320,5,26.142,10051,4,26.626,10789,4
1540,E01001540,Enfield 008C,E09000010,Enfield,14.261,19677,6,0.107,15320,5,0.07,18849,6,6.234,25911,8,-0.599,24694,8,-0.39,22322,7,27.01,9268,3,28.22,9827,3
1541,E01001541,Enfield 008D,E09000010,Enfield,9.711,24871,8,0.063,23026,8,0.055,23018,8,6.736,25323,8,-0.944,28355,9,-0.429,22826,7,22.398,13853,5,26.13,11093,4
1542,E01001542,Enfield 008E,E09000010,Enfield,18.608,15570,5,0.139,11537,4,0.082,15815,5,15.05,17321,6,-0.743,26393,9,-0.54,24332,8,36.019,3631,2,22.402,13564,5
1543,E01001543,Enfield 009C,E09000010,Enfield,9.625,24981,8,0.067,22073,7,0.043,26987,9,9.873,21966,7,-1.005,28866,9,-0.75,26792,9,29.816,7092,3,17.56,17162,6
1544,E01001544,Enfield 009D,E09000010,Enfield,9.567,25045,8,0.068,21947,7,0.06,21464,7,5.185,27105,9,-0.875,27755,9,-0.669,25863,8,25.41,10735,4,17.979,16826,6
1545,E01001545,Enfield 002B,E09000010,Enfield,45.483,2973,1,0.31,1944,1,0.192,3554,2,38.716,5710,2,0.29,11758,4,0.812,5287,2,47.293,662,1,17.856,16940,6
1546,E01001546,Enfield 001C,E09000010,Enfield,27.925,9083,3,0.189,7364,3,0.117,10023,4,33.148,7388,3,-0.005,16089,5,-0.199,19607,6,36.364,3478,2,24.43,12136,4
1547,E01001547,Enfield 002C,E09000010,Enfield,29.152,8436,3,0.194,7034,3,0.115,10355,4,29.038,8951,3,-0.517,23654,8,0.672,6820,3,37.192,3134,1,29.004,9381,3
1548,E01001548,Enfield 002D,E09000010,Enfield,32.093,7056,3,0.227,5125,2,0.113,10606,4,32.331,7693,3,-0.639,25191,8,0.553,8360,3,46.226,859,1,24.814,11895,4
1549,E01001549,Enfield 006D,E09000010,Enfield,42.876,3503,2,0.3,2194,1,0.173,4760,2,39.291,5562,2,-0.292,20523,7,0.597,7794,3,48.599,502,1,29.819,8921,3
1550,E01001550,Enfield 006E,E09000010,Enfield,36.024,5526,2,0.248,4141,2,0.137,7803,3,30.595,8335,3,0.166,13534,5,0.286,12160,4,47.382,646,1,26.09,11119,4
1551,E01001551,Enfield 002E,E09000010,Enfield,42.143,3680,2,0.233,4844,2,0.162,5609,2,35.935,6456,2,0.051,15219,5,1.015,3406,2,52.633,122,1,33.024,7193,3
1552,E01001552,Enfield 001D,E09000010,Enfield,26.37,9954,4,0.144,11047,4,0.088,14691,5,26.602,10024,4,-0.729,26237,8,0.461,9614,3,44.684,1113,1,34.496,6471,2
1553,E01001553,Enfield 037B,E09000010,Enfield,38.285,4794,2,0.231,4936,2,0.156,6030,2,39.133,5599,2,-0.107,17690,6,0.441,9907,4,51.497,176,1,24.54,12063,4
1554,E01001554,Enfield 037C,E09000010,Enfield,42.024,3713,2,0.287,2616,1,0.162,5585,2,45.91,3973,2,-0.089,17386,6,1.077,2943,1,39.914,2212,1,26.062,11129,4
1555,E01001555,Enfield 033C,E09000010,Enfield,34.676,6000,2,0.205,6364,2,0.128,8735,3,28.448,9209,3,-0.509,23541,8,1.195,2263,1,44.012,1237,1,32.87,7264,3
1556,E01001556,Enfield 035E,E09000010,Enfield,19.27,15029,5,0.129,12637,4,0.075,17543,6,16.777,15982,5,-0.783,26825,9,-0.277,20720,7,34.911,4127,2,33.417,6996,3
1557,E01001557,Enfield 033D,E09000010,Enfield,30.164,7947,3,0.204,6419,2,0.113,10598,4,29.58,8750,3,-0.354,21511,7,0.445,9837,3,42.698,1493,1,26.92,10599,4
1558,E01001558,Enfield 033E,E09000010,Enfield,39.726,4348,2,0.232,4908,2,0.124,9139,3,34.107,7064,3,-0.177,18792,6,1.219,2131,1,44.352,1175,1,48.817,2112,1
1559,E01001559,Enfield 033F,E09000010,Enfield,41.09,3951,2,0.236,4693,2,0.132,8278,3,29.094,8935,3,0.051,15205,5,1.012,3425,2,53.207,100,1,43.71,3234,1
1560,E01001560,Enfield 035F,E09000010,Enfield,34.488,6067,2,0.2,6686,3,0.109,11188,4,29.21,8893,3,-0.351,21470,7,1.023,3351,2,50.102,305,1,31.934,7753,3
1561,E01001562,Enfield 037D,E09000010,Enfield,46.641,2725,1,0.294,2392,1,0.17,4963,2,40.126,5334,2,0.743,6439,2,-0.073,17735,6,62.14,9,1,35.829,5883,2
1562,E01001563,Enfield 029C,E09000010,Enfield,16.576,17402,6,0.118,13907,5,0.065,20021,7,4.299,28167,9,-0.726,26199,8,-0.056,17505,6,29.754,7138,3,39.106,4585,2
1563,E01001564,Enfield 022B,E09000010,Enfield,10.265,24184,8,0.071,21384,7,0.051,24468,8,1.389,31592,10,-0.642,25238,8,-0.123,18490,6,27.541,8800,3,20.985,14577,5
1564,E01001565,Enfield 029D,E09000010,Enfield,16.271,17684,6,0.119,13846,5,0.068,19258,6,4.062,28464,9,-0.962,28519,9,-0.053,17472,6,38.057,2814,1,23.691,12640,4
1565,E01001566,Enfield 029E,E09000010,Enfield,13.927,20017,7,0.088,18145,6,0.078,16817,6,2.928,29819,10,-0.431,22526,7,-0.234,20129,7,27.394,8917,3,26.532,10847,4
1566,E01001567,Enfield 022C,E09000010,Enfield,6.287,29111,9,0.035,29755,10,0.023,31899,10,1.665,31258,10,-1.28,30760,10,-0.824,27539,9,31.33,6066,2,18.096,16746,6
1567,E01001568,Enfield 022D,E09000010,Enfield,9.832,24723,8,0.046,27101,9,0.046,25855,8,4.823,27518,9,-1.441,31504,10,0.202,13455,5,31.247,6122,2,20.104,15201,5
1568,E01001569,Enfield 022E,E09000010,Enfield,10.386,24037,8,0.074,20604,7,0.056,22827,7,7.841,24099,8,-1.434,31477,10,-0.414,22620,7,27.45,8874,3,19.675,15538,5
1569,E01001570,Enfield 026E,E09000010,Enfield,17.923,16189,5,0.124,13247,5,0.076,17229,6,10.855,21033,7,-0.576,24389,8,0.211,13315,5,33.615,4762,2,22.863,13222,5
1570,E01032574,Enfield 037E,E09000010,Enfield,31.481,7300,3,0.179,8102,3,0.102,12173,4,27.832,9467,3,-0.038,16573,6,0.706,6448,2,48.043,561,1,29.495,9103,3
1571,E01033146,Enfield 025F,E09000010,Enfield,37.571,5022,2,0.256,3766,2,0.142,7339,3,33.401,7316,3,-0.062,16972,6,0.111,14977,5,58.736,20,1,23.112,13050,4
1572,E01033148,Enfield 003F,E09000010,Enfield,35.962,5551,2,0.27,3228,1,0.149,6685,3,27.631,9554,3,-0.643,25255,8,0.113,14937,5,60.417,13,1,14.88,19314,6
1573,E01033150,Enfield 003G,E09000010,Enfield,26.753,9725,3,0.213,5939,2,0.097,13129,4,18.953,14433,5,-0.6,24719,8,-0.169,19195,6,46.694,775,1,23.27,12939,4
1574,E01033151,Enfield 025G,E09000010,Enfield,39.664,4365,2,0.282,2803,1,0.185,3974,2,30.651,8303,3,-0.149,18376,6,0.224,13132,4,47.578,618,1,22.706,13332,5
1575,E01001571,Greenwich 008A,E09000011,Greenwich,17.934,16175,5,0.104,15758,5,0.07,18825,6,13.399,18684,6,-0.022,16336,5,0.581,7971,3,22.31,13953,5,30.322,8616,3
1576,E01001572,Greenwich 008B,E09000011,Greenwich,15.488,18456,6,0.103,15869,5,0.066,19929,7,11.117,20790,7,-0.594,24644,8,0.2,13503,5,23.423,12740,4,32.863,7266,3
1577,E01001573,Greenwich 008C,E09000011,Greenwich,15.713,18225,6,0.096,17006,6,0.055,23249,8,14.641,17643,6,-0.437,22595,7,0.483,9298,3,22.917,13302,5,32.255,7582,3
1578,E01001574,Greenwich 008D,E09000011,Greenwich,39.32,4479,2,0.244,4322,2,0.185,4019,2,30.837,8244,3,0.717,6709,3,0.678,6756,3,38.98,2487,1,17.89,16912,6
1579,E01001575,Greenwich 003A,E09000011,Greenwich,47.53,2565,1,0.328,1485,1,0.215,2469,1,22.888,11976,4,1.202,2850,1,0.847,4907,2,35.542,3832,2,19.516,15663,5
1580,E01001576,Greenwich 003B,E09000011,Greenwich,39.498,4419,2,0.281,2836,1,0.173,4790,2,28.006,9394,3,0.656,7329,3,0.795,5475,2,36.402,3458,2,16.859,17704,6
1581,E01001577,Greenwich 003C,E09000011,Greenwich,33.562,6440,2,0.204,6410,2,0.147,6844,3,19.563,14043,5,0.423,10025,4,1.047,3163,1,35.238,3973,2,25.849,11259,4
1582,E01001578,Greenwich 003D,E09000011,Greenwich,26.804,9697,3,0.19,7328,3,0.115,10349,4,20.289,13609,5,-0.157,18493,6,0.737,6101,2,31.231,6134,2,24.105,12344,4
1583,E01001579,Greenwich 003E,E09000011,Greenwich,37.671,4983,2,0.258,3663,2,0.161,5625,2,25.599,10519,4,0.604,7885,3,0.728,6199,2,38.595,2624,1,20.833,14673,5
1584,E01001580,Greenwich 021A,E09000011,Greenwich,10.762,23584,8,0.054,25064,8,0.036,28926,9,2.041,30842,10,-1.118,29729,10,0.779,5648,2,24.046,12093,4,28.154,9864,4
1585,E01001581,Greenwich 016A,E09000011,Greenwich,20.417,13999,5,0.146,10856,4,0.096,13300,5,4.038,28486,9,0.012,15823,5,0.526,8723,3,26.215,9971,4,26.678,10762,4
1586,E01001582,Greenwich 021B,E09000011,Greenwich,23.276,11864,4,0.151,10379,4,0.102,12263,4,9.009,22845,7,-0.238,19681,6,1.036,3255,1,28.153,8297,3,25.74,11324,4
1587,E01001583,Greenwich 021C,E09000011,Greenwich,13.467,20534,7,0.061,23611,8,0.045,26190,8,2.714,30075,10,-0.783,26821,9,0.417,10209,4,33.761,4700,2,34.021,6679,3
1588,E01001584,Greenwich 021D,E09000011,Greenwich,8.831,26016,8,0.055,25015,8,0.04,27869,9,3.606,29000,9,-0.949,28401,9,-0.259,20468,7,30.241,6802,3,19.146,15937,5
1589,E01001585,Greenwich 016B,E09000011,Greenwich,12.942,21113,7,0.075,20523,7,0.066,19724,7,2.778,30002,10,-0.131,18080,6,0.177,13888,5,23.332,12851,4,24.468,12114,4
1590,E01001586,Greenwich 016C,E09000011,Greenwich,24.143,11294,4,0.148,10695,4,0.111,10918,4,7.978,23971,8,-0.105,17657,6,0.842,4991,2,32.763,5227,2,27.05,10516,4
1591,E01001587,Greenwich 016D,E09000011,Greenwich,12.083,22066,7,0.069,21764,7,0.056,22568,7,0.842,32196,10,-0.693,25851,8,-0.048,17396,6,33.365,4899,2,23.943,12458,4
1592,E01001588,Greenwich 012A,E09000011,Greenwich,36.01,5533,2,0.196,6917,3,0.144,7095,3,13.711,18404,6,0.338,11115,4,1.673,621,1,39.467,2358,1,30.056,8770,3
1593,E01001589,Greenwich 012B,E09000011,Greenwich,27.748,9174,3,0.177,8235,3,0.135,7981,3,16.692,16052,5,-0.139,18209,6,0.58,7989,3,34.075,4536,2,29.524,9087,3
1594,E01001590,Greenwich 014A,E09000011,Greenwich,18.27,15901,5,0.132,12308,4,0.081,16102,5,6.918,25125,8,-0.373,21770,7,0.504,9029,3,25.021,11090,4,29.279,9232,3
1595,E01001591,Greenwich 012C,E09000011,Greenwich,31.725,7189,3,0.222,5429,2,0.146,6914,3,20.188,13667,5,0.606,7860,3,0.401,10427,4,34.524,4311,2,17.644,17101,6
1596,E01001592,Greenwich 014B,E09000011,Greenwich,14.689,19244,6,0.082,19189,6,0.064,20411,7,4.558,27840,9,-0.385,21922,7,0.296,11994,4,20.796,15719,5,39.632,4379,2
1597,E01001593,Greenwich 014C,E09000011,Greenwich,11.428,22827,7,0.06,23732,8,0.059,21744,7,1.473,31485,10,-0.431,22516,7,0.053,15848,5,18.905,17977,6,36.077,5776,2
1598,E01001594,Greenwich 014D,E09000011,Greenwich,36.347,5415,2,0.287,2644,1,0.19,3666,2,19.927,13811,5,0.476,9391,3,0.159,14183,5,31.45,5992,2,18.701,16267,5
1599,E01001595,Greenwich 012D,E09000011,Greenwich,23.247,11892,4,0.158,9799,3,0.094,13651,5,19.998,13762,5,-0.332,21153,7,0.565,8194,3,34.476,4333,2,20.468,14921,5
1600,E01001596,Greenwich 032A,E09000011,Greenwich,9.357,25312,8,0.056,24812,8,0.055,23260,8,12.532,19475,6,-0.589,24571,8,-0.226,20000,7,21.29,15159,5,13.888,20222,7
1601,E01001597,Greenwich 031A,E09000011,Greenwich,15.157,18757,6,0.089,18107,6,0.077,16984,6,8.267,23673,8,-0.465,22958,7,0.496,9128,3,24.358,11767,4,22.509,13469,5
1602,E01001598,Greenwich 031B,E09000011,Greenwich,14.161,19780,7,0.092,17664,6,0.06,21612,7,12.223,19746,7,-0.528,23783,8,0.511,8923,3,25.195,10917,4,17.078,17518,6
1603,E01001599,Greenwich 032B,E09000011,Greenwich,17.402,16636,6,0.094,17332,6,0.086,15089,5,22.059,12505,4,-0.416,22335,7,0.619,7466,3,20.584,15957,5,18.965,16064,5
1604,E01001600,Greenwich 032C,E09000011,Greenwich,13.508,20482,7,0.09,17943,6,0.071,18557,6,11.004,20887,7,-0.484,23194,8,0.144,14415,5,24.478,11648,4,15.736,18641,6
1605,E01001601,Greenwich 032D,E09000011,Greenwich,10.965,23383,8,0.076,20207,7,0.051,24246,8,9.006,22847,7,-0.374,21784,7,-0.368,21997,7,26.077,10110,4,16.642,17874,6
1606,E01001602,Greenwich 031C,E09000011,Greenwich,32.404,6918,3,0.209,6128,2,0.17,5008,2,28.76,9077,3,0.456,9635,3,0.71,6396,2,23.343,12831,4,20.569,14850,5
1607,E01001603,Greenwich 031D,E09000011,Greenwich,36.698,5305,2,0.228,5107,2,0.197,3317,2,33.606,7239,3,0.686,7006,3,0.536,8586,3,28.106,8341,3,16.443,18037,6
1608,E01001604,Greenwich 027A,E09000011,Greenwich,13.453,20549,7,0.077,20111,7,0.066,19724,7,4.295,28172,9,-0.254,19932,7,0.374,10816,4,18.145,18944,6,31.123,8189,3
1609,E01001605,Greenwich 023A,E09000011,Greenwich,7.194,28074,9,0.035,29732,10,0.045,26465,9,9.129,22727,7,-0.989,28735,9,-0.318,21287,7,22.12,14193,5,17.707,17044,6
1610,E01001606,Greenwich 023B,E09000011,Greenwich,6.397,28995,9,0.042,28135,9,0.039,28162,9,7.544,24431,8,-1.078,29427,9,-0.597,25048,8,15.509,22347,7,25.502,11476,4
1611,E01001607,Greenwich 027B,E09000011,Greenwich,17.855,16263,5,0.12,13677,5,0.084,15493,5,10.649,21220,7,-0.408,22220,7,0.282,12208,4,19.099,17740,6,36.813,5454,2
1612,E01001608,Greenwich 027C,E09000011,Greenwich,14.25,19688,6,0.057,24514,8,0.054,23376,8,2.945,29792,10,-0.657,25429,8,0.107,15028,5,45.313,999,1,19.671,15544,5
1613,E01001609,Greenwich 027D,E09000011,Greenwich,21.984,12789,4,0.127,12890,4,0.121,9524,3,5.636,26573,9,0.023,15646,5,0.735,6110,2,26.123,10064,4,25.002,11780,4
1614,E01001610,Greenwich 023C,E09000011,Greenwich,12.889,21169,7,0.087,18364,6,0.061,21281,7,10.415,21442,7,-0.31,20800,7,-0.375,22088,7,23.165,13022,4,25.954,11184,4
1615,E01001611,Greenwich 023D,E09000011,Greenwich,18.934,15294,5,0.12,13730,5,0.088,14589,5,18.058,15097,5,-0.042,16655,6,-0.327,21421,7,25.007,11106,4,30.393,8584,3
1616,E01001613,Greenwich 028A,E09000011,Greenwich,20.04,14317,5,0.147,10723,4,0.104,11921,4,9.444,22431,7,-0.399,22105,7,0.555,8323,3,26.025,10157,4,19.68,15529,5
1617,E01001614,Greenwich 028B,E09000011,Greenwich,8.565,26343,9,0.038,29013,9,0.038,28532,9,9.01,22842,7,-1.045,29169,9,0.514,8885,3,18.175,18901,6,22.421,13550,5
1618,E01001615,Greenwich 028C,E09000011,Greenwich,20.234,14143,5,0.117,14111,5,0.077,16928,6,9.009,22844,7,-0.176,18774,6,1.01,3452,2,28.503,8033,3,25.883,11240,4
1619,E01001617,Greenwich 028D,E09000011,Greenwich,8.775,26084,8,0.054,25281,8,0.039,28239,9,9.547,22323,7,-0.759,26557,9,0.125,14737,5,22.162,14142,5,17.872,16927,6
1620,E01001618,Greenwich 030C,E09000011,Greenwich,23.606,11623,4,0.152,10312,4,0.104,11878,4,25.268,10689,4,0.127,14076,5,0.502,9054,3,26.115,10072,4,18.699,16270,5
1621,E01001619,Greenwich 030D,E09000011,Greenwich,14.743,19186,6,0.113,14514,5,0.064,20493,7,13.651,18460,6,-0.162,18566,6,-0.061,17566,6,20.139,16480,6,23.158,13015,4
1622,E01001620,Greenwich 025A,E09000011,Greenwich,31.693,7205,3,0.192,7176,3,0.138,7635,3,33.67,7214,3,0.462,9565,3,0.596,7805,3,31.623,5893,2,22.619,13389,5
1623,E01001621,Greenwich 025B,E09000011,Greenwich,31.869,7132,3,0.188,7460,3,0.14,7515,3,22.31,12342,4,0.137,13925,5,0.995,3561,2,28.934,7716,3,37.964,4999,2
1624,E01001623,Greenwich 025C,E09000011,Greenwich,24.743,10924,4,0.123,13300,5,0.094,13665,5,22.671,12122,4,-0.08,17282,6,0.723,6246,2,39.067,2464,1,24.339,12204,4
1625,E01001624,Greenwich 025D,E09000011,Greenwich,25.331,10556,4,0.153,10197,4,0.129,8659,3,23.138,11819,4,0.003,15951,5,0.625,7397,3,24.275,11850,4,25.275,11601,4
1626,E01001625,Greenwich 025E,E09000011,Greenwich,40.633,4073,2,0.248,4144,2,0.165,5307,2,39.367,5533,2,0.424,10018,4,0.86,4798,2,41.193,1877,1,29.395,9155,3
1627,E01001629,Greenwich 009A,E09000011,Greenwich,30.377,7852,3,0.205,6348,2,0.125,9077,3,22.161,12431,4,-0.075,17176,6,0.393,10556,4,46.506,799,1,16.914,17663,6
1628,E01001631,Greenwich 007B,E09000011,Greenwich,34.131,6211,2,0.264,3423,2,0.165,5302,2,19.163,14280,5,0.285,11834,4,0.207,13376,5,36.28,3505,2,21.785,13988,5
1629,E01001632,Greenwich 007C,E09000011,Greenwich,18.55,15631,5,0.134,12099,4,0.071,18612,6,15.451,17018,6,-0.295,20581,7,-0.111,18296,6,33.862,4641,2,22.994,13129,4
1630,E01001633,Greenwich 009B,E09000011,Greenwich,34.156,6202,2,0.245,4274,2,0.159,5769,2,21.632,12785,4,0.545,8576,3,0.5,9073,3,35.144,4028,2,18.223,16633,6
1631,E01001634,Greenwich 009C,E09000011,Greenwich,41.733,3802,2,0.274,3058,1,0.204,2930,1,35.123,6717,3,0.694,6947,3,0.54,8539,3,36.727,3311,2,16.448,18031,6
1632,E01001635,Greenwich 007D,E09000011,Greenwich,23.232,11906,4,0.141,11364,4,0.083,15548,5,12.701,19317,6,0.078,14836,5,1.014,3408,2,28.279,8203,3,28.259,9807,3
1633,E01001636,Greenwich 007E,E09000011,Greenwich,25.682,10378,4,0.169,8832,3,0.121,9584,3,15.066,17309,6,0.213,12882,4,-0.213,19809,7,34.783,4180,2,30.131,8728,3
1634,E01001637,Greenwich 009D,E09000011,Greenwich,27.056,9554,3,0.187,7513,3,0.111,10955,4,18.73,14609,5,0.021,15687,5,0.438,9938,4,32.057,5620,2,33.586,6905,3
1635,E01001638,Greenwich 038A,E09000011,Greenwich,28.086,8986,3,0.203,6484,2,0.11,11091,4,12.399,19575,6,0.633,7568,3,0.022,16354,5,38.939,2503,1,21.893,13917,5
1636,E01001640,Greenwich 035A,E09000011,Greenwich,30.555,7763,3,0.236,4737,2,0.117,10077,4,13.562,18537,6,0.444,9786,3,0.952,3904,2,30.843,6394,2,21.783,13990,5
1637,E01001641,Greenwich 038B,E09000011,Greenwich,16.332,17618,6,0.096,16943,6,0.064,20523,7,3.022,29708,10,-0.716,26079,8,0.759,5849,2,25.977,10196,4,35.805,5890,2
1638,E01001642,Greenwich 038C,E09000011,Greenwich,11.497,22742,7,0.048,26579,9,0.032,30198,10,1.047,31971,10,-1.165,30065,10,1.036,3250,1,19.907,16765,6,35.508,6012,2
1639,E01001644,Greenwich 038D,E09000011,Greenwich,17.25,16768,6,0.103,15922,5,0.064,20464,7,8.06,23873,8,-0.327,21064,7,0.448,9801,3,25.256,10868,4,38.75,4701,2
1640,E01001645,Greenwich 022A,E09000011,Greenwich,27.85,9118,3,0.197,6829,3,0.138,7701,3,18.767,14580,5,0.244,12432,4,0.459,9645,3,30.236,6805,3,18.293,16583,6
1641,E01001646,Greenwich 019A,E09000011,Greenwich,25.032,10745,4,0.188,7423,3,0.101,12372,4,14.452,17789,6,0.037,15440,5,-0.202,19658,6,42.743,1480,1,16.37,18081,6
1642,E01001647,Greenwich 022B,E09000011,Greenwich,21.637,13052,4,0.1,16375,5,0.083,15679,5,11.06,20841,7,-0.272,20227,7,1.296,1772,1,31.148,6195,2,25.658,11375,4
1643,E01001648,Greenwich 022C,E09000011,Greenwich,19.236,15054,5,0.101,16147,5,0.074,17691,6,10.981,20914,7,-0.327,21062,7,0.803,5383,2,36.718,3321,2,17.39,17295,6
1644,E01001649,Greenwich 022D,E09000011,Greenwich,35.196,5827,2,0.218,5663,2,0.151,6492,2,26.785,9926,4,-0.007,16114,5,0.893,4461,2,41.164,1883,1,29.587,9055,3
1645,E01001650,Greenwich 019B,E09000011,Greenwich,31.966,7097,3,0.199,6707,3,0.156,5995,2,22.16,12432,4,0.336,11132,4,0.693,6582,3,31.719,5831,2,26.83,10665,4
1646,E01001651,Greenwich 019C,E09000011,Greenwich,43.603,3333,2,0.24,4507,2,0.187,3860,2,30.166,8486,3,0.567,8323,3,1.577,853,1,43.261,1370,1,20.789,14703,5
1647,E01001652,Greenwich 019D,E09000011,Greenwich,17.489,16562,6,0.105,15686,5,0.066,19758,7,6.374,25753,8,-0.139,18223,6,0.825,5160,2,22.584,13658,5,31.617,7930,3
1648,E01001653,Greenwich 029A,E09000011,Greenwich,40.929,3995,2,0.282,2801,1,0.17,4973,2,37.645,6012,2,0.33,11213,4,0.433,9995,4,45.776,924,1,21.524,14176,5
1649,E01001654,Greenwich 029B,E09000011,Greenwich,39.916,4285,2,0.247,4209,2,0.178,4399,2,33.54,7257,3,0.352,10945,4,0.481,9333,3,45.893,906,1,26.801,10682,4
1650,E01001655,Greenwich 029C,E09000011,Greenwich,42.546,3586,2,0.265,3386,2,0.21,2716,1,38.038,5893,2,0.644,7457,3,0.659,6984,3,37.666,2951,1,17.952,16849,6
1651,E01001656,Greenwich 034A,E09000011,Greenwich,18.273,15898,5,0.138,11632,4,0.099,12685,4,7.462,24523,8,-0.105,17651,6,-0.205,19688,6,28.64,7939,3,17.807,16974,6
1652,E01001657,Greenwich 034B,E09000011,Greenwich,11.265,23034,8,0.072,21183,7,0.067,19476,6,2.054,30830,10,-0.839,27394,9,0.158,14190,5,21.557,14834,5,25.487,11485,4
1653,E01001658,Greenwich 034C,E09000011,Greenwich,18.198,15955,5,0.128,12696,4,0.071,18519,6,9.598,22262,7,-0.495,23354,8,0.134,14592,5,37.345,3079,1,21.187,14418,5
1654,E01001659,Greenwich 034D,E09000011,Greenwich,20.724,13757,5,0.093,17387,6,0.082,15896,5,8.921,22951,7,0.055,15164,5,0.546,8451,3,38.12,2797,1,28.412,9717,3
1655,E01001660,Greenwich 029D,E09000011,Greenwich,33.571,6434,2,0.19,7306,3,0.13,8465,3,25.724,10451,4,0.085,14734,5,0.813,5285,2,49.765,355,1,18.932,16092,5
1656,E01001661,Greenwich 029E,E09000011,Greenwich,35.08,5857,2,0.187,7532,3,0.133,8150,3,29.65,8718,3,0.399,10337,4,1.171,2407,1,40.096,2160,1,27.442,10291,4
1657,E01001662,Greenwich 037A,E09000011,Greenwich,22.073,12724,4,0.144,11075,4,0.074,17781,6,5.271,26998,9,-0.248,19835,7,1.065,3030,1,21.431,14977,5,44.378,3052,1
1658,E01001664,Greenwich 037B,E09000011,Greenwich,21.316,13303,5,0.111,14870,5,0.083,15700,5,3.229,29472,9,0.095,14589,5,0.334,11435,4,24.868,11263,4,53.895,1318,1
1659,E01001665,Greenwich 037C,E09000011,Greenwich,17.153,16860,6,0.091,17793,6,0.056,22721,7,5.35,26901,9,-0.091,17437,6,0.714,6343,2,27.603,8760,3,35.14,6171,2
1660,E01001666,Greenwich 036A,E09000011,Greenwich,25.344,10546,4,0.14,11475,4,0.084,15438,5,11.525,20395,7,0.316,11410,4,0.945,3988,2,28.276,8204,3,40.896,3979,2
1661,E01001667,Greenwich 036B,E09000011,Greenwich,42.578,3574,2,0.25,4020,2,0.171,4926,2,21.591,12804,4,0.752,6356,2,1.834,372,1,32.095,5587,2,33.904,6738,3
1662,E01001668,Greenwich 036C,E09000011,Greenwich,26.89,9655,3,0.183,7846,3,0.114,10450,4,11.795,20153,7,0.022,15661,5,0.763,5790,2,26.78,9478,3,38.605,4754,2
1663,E01001669,Greenwich 033A,E09000011,Greenwich,27.835,9131,3,0.193,7087,3,0.151,6513,2,17.842,15248,5,-0.38,21859,7,0.662,6954,3,30.132,6869,3,23.529,12760,4
1664,E01001671,Greenwich 033B,E09000011,Greenwich,22.947,12091,4,0.173,8565,3,0.115,10328,4,18.023,15119,5,-0.147,18346,6,0.332,11463,4,25.182,10932,4,20.882,14637,5
1665,E01001672,Greenwich 006A,E09000011,Greenwich,27.142,9511,3,0.188,7464,3,0.093,13681,5,18.728,14610,5,-0.455,22827,7,0.814,5273,2,37.596,2975,1,32.136,7642,3
1666,E01001673,Greenwich 006B,E09000011,Greenwich,35.883,5579,2,0.25,4023,2,0.127,8882,3,18.128,15049,5,0.614,7768,3,1.187,2313,1,38.094,2804,1,22.228,13701,5
1667,E01001674,Greenwich 006C,E09000011,Greenwich,22.128,12679,4,0.152,10344,4,0.089,14479,5,17.514,15448,5,-0.755,26526,9,0.486,9250,3,31.154,6192,2,32.6,7413,3
1668,E01001675,Greenwich 006D,E09000011,Greenwich,28.69,8659,3,0.196,6892,3,0.1,12493,4,19.697,13943,5,0.17,13470,5,0.729,6192,2,35.171,4008,2,31.051,8226,3
1669,E01001676,Greenwich 033C,E09000011,Greenwich,28.338,8863,3,0.185,7657,3,0.126,8921,3,19.466,14109,5,0.388,10504,4,0.265,12474,4,36.08,3592,2,22.585,13419,5
1670,E01001677,Greenwich 006E,E09000011,Greenwich,19.733,14595,5,0.139,11528,4,0.081,16041,5,18.257,14953,5,-0.401,22132,7,0.073,15537,5,27.625,8736,3,30.952,8281,3
1671,E01001678,Greenwich 017A,E09000011,Greenwich,14.09,19867,7,0.091,17807,6,0.063,20797,7,12.461,19530,6,-0.324,21032,7,-0.288,20862,7,21.672,14691,5,32.384,7526,3
1672,E01001679,Greenwich 020A,E09000011,Greenwich,13.493,20502,7,0.086,18528,6,0.054,23514,8,12.843,19172,6,-0.46,22887,7,0.151,14281,5,24.759,11363,4,25.196,11656,4
1673,E01001680,Greenwich 020B,E09000011,Greenwich,8.857,25987,8,0.051,26037,8,0.04,27949,9,4.036,28489,9,-0.837,27361,9,0.31,11791,4,25.214,10899,4,18.005,16807,6
1674,E01001681,Greenwich 020C,E09000011,Greenwich,18.3,15871,5,0.113,14617,5,0.098,12837,4,6.838,25212,8,-0.14,18238,6,0.596,7796,3,21.395,15021,5,25.52,11467,4
1675,E01001682,Greenwich 020D,E09000011,Greenwich,18.224,15940,5,0.104,15786,5,0.089,14481,5,5.771,26420,9,0.046,15296,5,0.517,8826,3,26.999,9280,3,23.576,12727,4
1676,E01001683,Greenwich 017B,E09000011,Greenwich,22.811,12171,4,0.157,9838,3,0.117,10064,4,15.621,16885,6,0.168,13486,5,0.037,16105,5,24.998,11116,4,26.022,11146,4
1677,E01001684,Greenwich 017C,E09000011,Greenwich,24.72,10933,4,0.168,8924,3,0.123,9283,3,20.278,13617,5,-0.194,19047,6,0.667,6892,3,28.332,8164,3,16.933,17645,6
1678,E01001685,Greenwich 017D,E09000011,Greenwich,17.339,16704,6,0.125,13071,4,0.073,18029,6,11.334,20581,7,-0.338,21251,7,0.274,12328,4,23.74,12397,4,30.244,8666,3
1679,E01001686,Greenwich 020E,E09000011,Greenwich,20.534,13909,5,0.169,8891,3,0.096,13179,5,8.882,22990,7,-0.132,18093,6,0.035,16147,5,28.273,8205,3,24.006,12416,4
1680,E01001687,Greenwich 002A,E09000011,Greenwich,35.651,5655,2,0.203,6477,2,0.134,8044,3,15.744,16792,6,0.224,12721,4,1.589,814,1,45.221,1024,1,21.698,14044,5
1681,E01001688,Greenwich 002B,E09000011,Greenwich,26.616,9824,3,0.177,8225,3,0.108,11302,4,9.851,21994,7,0.831,5622,2,0.087,15322,5,36.581,3379,2,18.928,16095,5
1682,E01001690,Greenwich 001A,E09000011,Greenwich,29.707,8164,3,0.195,6997,3,0.148,6756,3,22.329,12331,4,-0.014,16224,5,-0.009,16831,6,44.842,1091,1,12.432,21581,7
1683,E01001692,Greenwich 001B,E09000011,Greenwich,30.003,8020,3,0.222,5388,2,0.142,7257,3,26.381,10112,4,0.038,15424,5,-0.117,18387,6,39.409,2373,1,13.802,20306,7
1684,E01001693,Greenwich 001C,E09000011,Greenwich,33.676,6383,2,0.258,3671,2,0.142,7261,3,24.65,11016,4,0.037,15428,5,0.511,8936,3,42.016,1661,1,13.83,20276,7
1685,E01001694,Greenwich 001D,E09000011,Greenwich,23.21,11923,4,0.17,8755,3,0.094,13605,5,14.647,17638,6,0.025,15631,5,0.49,9196,3,34.486,4326,2,14.81,19386,6
1686,E01001695,Greenwich 011A,E09000011,Greenwich,36.783,5276,2,0.239,4556,2,0.143,7241,3,22.928,11957,4,0.667,7211,3,0.821,5206,2,44.909,1078,1,16.992,17593,6
1687,E01001696,Greenwich 011B,E09000011,Greenwich,36.797,5270,2,0.259,3647,2,0.126,9000,3,29.957,8588,3,0.592,8031,3,1.149,2528,1,31.956,5688,2,26.411,10922,4
1688,E01001697,Greenwich 011C,E09000011,Greenwich,33.943,6293,2,0.224,5278,2,0.136,7864,3,21.848,12643,4,0.362,10831,4,0.652,7049,3,41.262,1845,1,27.524,10245,4
1689,E01001698,Greenwich 015A,E09000011,Greenwich,29.548,8235,3,0.236,4731,2,0.145,6998,3,18.3,14920,5,-0.067,17031,6,0.486,9266,3,32.616,5316,2,17.352,17330,6
1690,E01001699,Greenwich 015B,E09000011,Greenwich,24.705,10944,4,0.132,12302,4,0.083,15728,5,31.511,7992,3,0.434,9899,4,0.105,15056,5,38.561,2640,1,17.544,17173,6
1691,E01001700,Greenwich 011D,E09000011,Greenwich,31.145,7478,3,0.203,6462,2,0.116,10226,4,22.57,12202,4,0.331,11202,4,0.544,8491,3,41.348,1824,1,26.016,11149,4
1692,E01001701,Greenwich 015C,E09000011,Greenwich,29.43,8286,3,0.167,9064,3,0.116,10231,4,14.381,17844,6,0.716,6719,3,0.534,8623,3,41.282,1839,1,22.667,13363,5
1693,E01001702,Greenwich 015D,E09000011,Greenwich,37.853,4923,2,0.29,2528,1,0.156,6004,2,26.67,9991,4,0.328,11233,4,0.272,12352,4,44.775,1103,1,17.227,17420,6
1694,E01001703,Greenwich 011E,E09000011,Greenwich,31.821,7158,3,0.243,4364,2,0.15,6599,3,16.033,16551,6,0.457,9625,3,0.27,12399,4,36.802,3269,1,15.889,18514,6
1695,E01001704,Greenwich 011F,E09000011,Greenwich,23.517,11676,4,0.139,11560,4,0.112,10725,4,13.851,18290,6,0.049,15250,5,0.49,9207,3,30.548,6574,3,27.845,10047,4
1696,E01001705,Greenwich 005A,E09000011,Greenwich,32.594,6839,3,0.206,6282,2,0.144,7081,3,23.406,11667,4,0.404,10278,4,0.456,9678,3,41.397,1805,1,20.121,15193,5
1697,E01001706,Greenwich 005B,E09000011,Greenwich,39.488,4427,2,0.269,3255,1,0.179,4337,2,29.047,8950,3,0.58,8172,3,0.715,6332,2,39.809,2254,1,14.891,19306,6
1698,E01001708,Greenwich 005C,E09000011,Greenwich,20.619,13833,5,0.127,12878,4,0.106,11608,4,9.936,21890,7,-0.009,16145,5,-0.073,17734,6,33.309,4936,2,23.807,12556,4
1699,E01001709,Greenwich 004B,E09000011,Greenwich,37.34,5099,2,0.268,3276,1,0.136,7822,3,25.003,10825,4,0.664,7246,3,0.576,8045,3,42.444,1553,1,22.689,13348,5
1700,E01001710,Greenwich 005D,E09000011,Greenwich,33.511,6464,2,0.259,3640,2,0.172,4850,2,26.943,9849,3,0.391,10463,4,0.003,16633,6,31.249,6119,2,14.595,19566,6
1701,E01001711,Greenwich 004C,E09000011,Greenwich,27.849,9120,3,0.18,8009,3,0.078,16743,6,7.715,24226,8,0.295,11695,4,0.433,9983,4,40.163,2142,1,47.416,2365,1
1702,E01001712,Greenwich 004D,E09000011,Greenwich,31.332,7387,3,0.206,6329,2,0.136,7848,3,17.705,15334,5,0.701,6864,3,0.555,8326,3,32.822,5184,2,25.383,11531,4
1703,E01001713,Greenwich 005E,E09000011,Greenwich,37.076,5191,2,0.278,2932,1,0.167,5229,2,19.526,14070,5,0.264,12122,4,0.663,6942,3,34.394,4371,2,32.465,7482,3
1704,E01032567,Greenwich 033D,E09000011,Greenwich,18.752,15449,5,0.107,15306,5,0.084,15531,5,12.417,19560,6,-0.11,17737,6,0.328,11510,4,28.283,8199,3,28.363,9747,3
1705,E01033726,Greenwich 034E,E09000011,Greenwich,33.551,6446,2,0.218,5665,2,0.136,7897,3,24.699,10988,4,0.092,14641,5,0.965,3815,2,31.943,5695,2,37.393,5222,2
1706,E01033727,Greenwich 035B,E09000011,Greenwich,19.531,14786,5,0.153,10181,4,0.073,18080,6,11.745,20199,7,-0.227,19536,6,0.247,12763,4,30.503,6607,3,25.584,11421,4
1707,E01033728,Greenwich 035C,E09000011,Greenwich,9.263,25444,8,0.057,24552,8,0.029,30817,10,5.482,26736,9,-0.655,25408,8,-0.063,17586,6,28.571,7988,3,21.762,14003,5
1708,E01033729,Greenwich 030E,E09000011,Greenwich,25.081,10717,4,0.154,10177,4,0.1,12627,4,37.007,6193,2,0.427,9977,4,-0.302,21069,7,31.604,5906,2,16.041,18390,6
1709,E01033730,Greenwich 035D,E09000011,Greenwich,17.399,16644,6,0.11,14918,5,0.053,23738,8,8.456,23453,8,-0.358,21561,7,0.344,11248,4,37.002,3195,1,27.595,10198,4
1710,E01033731,Greenwich 004E,E09000011,Greenwich,11.694,22527,7,0.036,29658,10,0.02,32219,10,3.893,28654,9,-1.29,30811,10,0.75,5940,2,36.338,3488,2,26.822,10670,4
1711,E01033732,Greenwich 036D,E09000011,Greenwich,25.75,10335,4,0.15,10470,4,0.073,18093,6,3.022,29707,10,0.302,11604,4,1.114,2703,1,43.028,1425,1,25.923,11209,4
1712,E01033733,Greenwich 036E,E09000011,Greenwich,14.648,19291,6,0.083,19078,6,0.05,24820,8,8.005,23934,8,-0.512,23592,8,0.544,8477,3,28.544,8002,3,29.866,8896,3
1713,E01033734,Greenwich 004F,E09000011,Greenwich,15.647,18297,6,0.089,18100,6,0.056,22716,7,16.355,16297,5,-0.21,19282,6,-0.769,26991,9,37.623,2964,1,20.727,14740,5
1714,E01033735,Greenwich 004G,E09000011,Greenwich,27.791,9152,3,0.144,11023,4,0.071,18556,6,11.106,20804,7,0.39,10493,4,1.174,2385,1,37.281,3108,1,41.662,3753,2
1715,E01033736,Greenwich 004H,E09000011,Greenwich,10.5,23883,8,0.016,32496,10,0.01,32745,10,7.429,24563,8,-0.319,20960,7,0.62,7444,3,32.455,5401,2,17.532,17182,6
1716,E01033737,Greenwich 004I,E09000011,Greenwich,33.761,6353,2,0.231,4932,2,0.154,6196,2,16.96,15844,5,0.601,7912,3,0.885,4532,2,33.03,5059,2,19.154,15922,5
1717,E01033738,Greenwich 037D,E09000011,Greenwich,22.299,12531,4,0.113,14612,5,0.067,19575,6,13.311,18768,6,-0.39,21989,7,0.977,3706,2,25.97,10200,4,50.302,1863,1
1718,E01033739,Greenwich 002E,E09000011,Greenwich,19.084,15162,5,0.138,11720,4,0.061,21087,7,6.588,25501,8,-0.227,19522,6,-0.15,18894,6,47.597,615,1,10.334,23719,8
1719,E01033740,Greenwich 002F,E09000011,Greenwich,20.316,14071,5,0.153,10245,4,0.084,15436,5,5.789,26399,9,-0.294,20561,7,0.615,7524,3,35.94,3668,2,13.261,20820,7
1720,E01033741,Greenwich 002G,E09000011,Greenwich,19.599,14715,5,0.124,13178,5,0.061,21375,7,16.238,16374,5,0.392,10453,4,0.101,15126,5,37.26,3111,1,11.235,22742,7
1721,E01033742,Greenwich 007F,E09000011,Greenwich,13.105,20945,7,0.078,19844,7,0.04,27920,9,7.808,24139,8,-0.394,22041,7,-0.19,19491,6,40.546,2042,1,12.514,21492,7
1722,E01033743,Greenwich 002H,E09000011,Greenwich,20.968,13578,5,0.133,12244,4,0.061,21210,7,9.232,22640,7,-0.196,19077,6,0.214,13267,5,50.293,286,1,11.922,22054,7
1723,E01033744,Greenwich 007G,E09000011,Greenwich,29.363,8319,3,0.184,7767,3,0.119,9762,3,17.868,15227,5,0.879,5225,2,0.365,10943,4,37.315,3095,1,14.174,19969,7
1724,E01033745,Greenwich 002I,E09000011,Greenwich,22.101,12697,4,0.154,10101,4,0.095,13403,5,9.758,22088,7,-0.201,19154,6,-0.276,20703,7,45.06,1047,1,14.836,19362,6
1725,E01033746,Greenwich 038E,E09000011,Greenwich,21.824,12902,4,0.145,10921,4,0.085,15173,5,6.379,25745,8,-0.406,22199,7,0.679,6747,3,23.996,12146,4,45.728,2734,1
1726,E01001714,Hackney 002A,E09000012,Hackney,44.248,3216,1,0.3,2195,1,0.194,3451,2,19.006,14400,5,0.356,10902,4,0.816,5249,2,45.509,968,1,35.903,5852,2
1727,E01001715,Hackney 007A,E09000012,Hackney,28.349,8857,3,0.148,10703,4,0.08,16226,5,8.216,23721,8,0.139,13895,5,0.869,4704,2,46.81,746,1,41.005,3945,2
1728,E01001716,Hackney 007B,E09000012,Hackney,37.112,5179,2,0.216,5735,2,0.13,8511,3,6.987,25056,8,0.874,5262,2,0.678,6760,3,47.815,590,1,42.422,3551,2
1729,E01001717,Hackney 007C,E09000012,Hackney,27.475,9310,3,0.162,9469,3,0.112,10816,4,11.028,20862,7,0.284,11846,4,0.188,13694,5,47.27,666,1,23.44,12822,4
1730,E01001718,Hackney 007D,E09000012,Hackney,20.149,14212,5,0.072,21074,7,0.038,28432,9,4.731,27637,9,-0.293,20545,7,1.098,2824,1,39.694,2290,1,44.58,2999,1
1731,E01001719,Hackney 007E,E09000012,Hackney,35.72,5629,2,0.233,4845,2,0.141,7420,3,12.882,19135,6,1.073,3712,2,0.199,13517,5,44.804,1098,1,24.999,11782,4
1732,E01001720,Hackney 007F,E09000012,Hackney,19.773,14558,5,0.094,17294,6,0.056,22915,7,5.017,27279,9,0.162,13580,5,0.545,8460,3,37.306,3100,1,37.448,5195,2
1733,E01001722,Hackney 029A,E09000012,Hackney,31.702,7202,3,0.213,5946,2,0.135,7959,3,20.248,13633,5,0.137,13921,5,0.514,8892,3,41.56,1761,1,25.442,11503,4
1734,E01001723,Hackney 006A,E09000012,Hackney,22.842,12151,4,0.15,10464,4,0.066,19715,7,9.718,22136,7,0.206,12983,4,-0.124,18504,6,41.378,1811,1,35.149,6165,2
1735,E01001724,Hackney 006B,E09000012,Hackney,25.324,10562,4,0.144,11065,4,0.075,17440,6,4.867,27465,9,0.238,12541,4,0.136,14542,5,43.666,1292,1,46.11,2652,1
1736,E01001725,Hackney 004A,E09000012,Hackney,26.575,9853,3,0.172,8639,3,0.092,13870,5,26.679,9986,4,-0.174,18742,6,-0.108,18253,6,41.711,1724,1,32.431,7500,3
1737,E01001726,Hackney 004B,E09000012,Hackney,32.84,6738,3,0.252,3929,2,0.105,11711,4,29.972,8574,3,0.444,9789,3,-0.226,19993,7,42.823,1462,1,25.527,11462,4
1738,E01001727,Hackney 006C,E09000012,Hackney,22.608,12316,4,0.124,13170,5,0.086,14968,5,17.092,15747,5,0.163,13569,5,-0.267,20573,7,41.303,1834,1,26.662,10774,4
1739,E01001728,Hackney 029B,E09000012,Hackney,30.577,7754,3,0.215,5778,2,0.098,12891,4,41.385,5018,2,-0.055,16864,6,-0.135,18670,6,41.293,1837,1,28.623,9601,3
1740,E01001729,Hackney 019A,E09000012,Hackney,42.01,3718,2,0.292,2454,1,0.178,4427,2,20.089,13715,5,1.05,3869,2,0.011,16503,6,44.918,1077,1,26.563,10832,4
1741,E01001730,Hackney 019B,E09000012,Hackney,45.752,2897,1,0.307,2016,1,0.194,3479,2,26.796,9917,4,0.408,10224,4,0.858,4820,2,43.33,1359,1,37.397,5221,2
1742,E01001731,Hackney 017A,E09000012,Hackney,31.157,7474,3,0.16,9657,3,0.101,12450,4,12.161,19798,7,0.102,14479,5,1.149,2530,1,47.453,633,1,35.312,6090,2
1743,E01001732,Hackney 019C,E09000012,Hackney,39.137,4530,2,0.288,2593,1,0.153,6251,2,22.036,12516,4,0.417,10096,4,0.605,7687,3,43.32,1360,1,29.233,9258,3
1744,E01001733,Hackney 015A,E09000012,Hackney,32.404,6917,3,0.147,10813,4,0.098,12839,4,5.975,26192,8,0.488,9234,3,1.413,1311,1,42.204,1616,1,46.913,2468,1
1745,E01001734,Hackney 017B,E09000012,Hackney,36.255,5446,2,0.197,6848,3,0.116,10188,4,6.841,25210,8,0.483,9291,3,1.569,877,1,46.963,721,1,36.98,5401,2
1746,E01001735,Hackney 019D,E09000012,Hackney,35.185,5831,2,0.21,6061,2,0.12,9651,3,9.728,22122,7,0.572,8271,3,1.427,1260,1,41.542,1764,1,31.804,7825,3
1747,E01001736,Hackney 012A,E09000012,Hackney,21.541,13149,5,0.134,12068,4,0.084,15431,5,2.055,30828,10,0.143,13842,5,0.397,10491,4,39.111,2449,1,25.494,11480,4
1748,E01001737,Hackney 012B,E09000012,Hackney,24.573,11026,4,0.15,10509,4,0.086,15066,5,1.364,31623,10,0.336,11139,4,0.253,12690,4,36.226,3523,2,44.939,2912,1
1749,E01001738,Hackney 012C,E09000012,Hackney,22.939,12095,4,0.137,11819,4,0.085,15238,5,4.929,27383,9,0.32,11358,4,0.329,11500,4,39.229,2420,1,29.231,9259,3
1750,E01001739,Hackney 012D,E09000012,Hackney,25.798,10312,4,0.141,11366,4,0.106,11617,4,2.962,29780,10,0.482,9296,3,0.763,5794,2,36.755,3297,2,30.318,8621,3
1751,E01001740,Hackney 014A,E09000012,Hackney,43.901,3274,1,0.31,1951,1,0.162,5538,2,26.451,10086,4,0.83,5634,2,0.874,4644,2,42.59,1521,1,27.268,10381,4
1752,E01001741,Hackney 009A,E09000012,Hackney,17.772,16337,5,0.1,16338,5,0.065,19991,7,0.961,32063,10,-0.296,20588,7,0.601,7744,3,33.8,4677,2,33.265,7074,3
1753,E01001742,Hackney 008A,E09000012,Hackney,28.995,8495,3,0.187,7564,3,0.103,12001,4,8.476,23427,8,0.745,6415,2,0.494,9155,3,40.573,2037,1,26.811,10675,4
1754,E01001744,Hackney 021B,E09000012,Hackney,32.017,7078,3,0.2,6670,3,0.118,9957,4,9.827,22018,7,0.467,9497,3,0.925,4173,2,40.315,2111,1,33.92,6732,3
1755,E01001745,Hackney 016A,E09000012,Hackney,36.826,5257,2,0.27,3226,1,0.148,6789,3,14.61,17671,6,0.603,7895,3,0.346,11224,4,45.281,1014,1,26.743,10717,4
1756,E01001746,Hackney 016B,E09000012,Hackney,35.266,5801,2,0.27,3218,1,0.151,6444,2,21.03,13122,4,0.489,9222,3,-0.782,27126,9,44.691,1110,1,24.175,12307,4
1757,E01001747,Hackney 014B,E09000012,Hackney,31.063,7514,3,0.16,9610,3,0.08,16214,5,8.647,23257,8,1.035,3967,2,1.209,2186,1,41.563,1760,1,29.505,9095,3
1758,E01001748,Hackney 020A,E09000012,Hackney,32.844,6737,3,0.177,8279,3,0.115,10359,4,7.353,24647,8,0.256,12238,4,1.341,1579,1,45.002,1057,1,35.766,5909,2
1759,E01001749,Hackney 020B,E09000012,Hackney,31.098,7497,3,0.155,10080,4,0.105,11706,4,3.557,29061,9,0.651,7383,3,0.808,5321,2,40.48,2053,1,50.4,1851,1
1760,E01001750,Hackney 021C,E09000012,Hackney,36.039,5518,2,0.228,5061,2,0.113,10636,4,9.323,22552,7,0.362,10823,4,1.31,1706,1,42.675,1499,1,42.372,3562,2
1761,E01001751,Hackney 021D,E09000012,Hackney,18.737,15464,5,0.059,23955,8,0.04,27992,9,2.1,30785,10,-0.302,20682,7,0.926,4166,2,30.133,6867,3,59.744,708,1
1762,E01001752,Hackney 025A,E09000012,Hackney,26.838,9681,3,0.121,13536,5,0.062,20943,7,6.227,25925,8,0.21,12920,4,0.097,15174,5,43.211,1383,1,67.78,154,1
1763,E01001753,Hackney 025B,E09000012,Hackney,35.92,5565,2,0.239,4550,2,0.146,6973,3,23.488,11620,4,0.218,12817,4,0.615,7506,3,42.08,1641,1,33.959,6710,3
1764,E01001754,Hackney 025C,E09000012,Hackney,31.459,7318,3,0.177,8247,3,0.075,17382,6,13.25,18827,6,-0.291,20509,7,0.649,7088,3,43.95,1248,1,67.028,179,1
1765,E01001755,Hackney 025D,E09000012,Hackney,40.073,4241,2,0.247,4183,2,0.17,4966,2,17.111,15733,5,1.05,3868,2,0.612,7563,3,42.39,1567,1,30.19,8699,3
1766,E01001756,Hackney 021E,E09000012,Hackney,23.435,11738,4,0.078,19875,7,0.064,20479,7,8.216,23720,8,-0.164,18601,6,1.108,2749,1,40.545,2044,1,46.51,2551,1
1767,E01001757,Hackney 016C,E09000012,Hackney,31.873,7129,3,0.249,4070,2,0.128,8770,3,17.846,15241,5,0.225,12702,4,0.034,16156,5,42.967,1434,1,23.585,12721,4
1768,E01001758,Hackney 016D,E09000012,Hackney,38.882,4616,2,0.281,2847,1,0.144,7101,3,12.105,19849,7,0.513,8950,3,0.869,4696,2,46.478,805,1,29.545,9077,3
1769,E01001759,Hackney 016E,E09000012,Hackney,28.934,8528,3,0.173,8558,3,0.112,10795,4,6.391,25732,8,0.41,10197,4,0.602,7735,3,43.11,1412,1,32.31,7567,3
1770,E01001760,Hackney 017C,E09000012,Hackney,39.233,4504,2,0.224,5279,2,0.125,9054,3,9.707,22146,7,0.706,6817,3,1.722,528,1,44.578,1130,1,35.737,5928,2
1771,E01001761,Hackney 016F,E09000012,Hackney,47.161,2627,1,0.321,1628,1,0.195,3429,2,10.233,21605,7,1.147,3182,1,0.834,5070,2,43.134,1407,1,34.646,6405,2
1772,E01001762,Hackney 017D,E09000012,Hackney,27.09,9543,3,0.138,11630,4,0.099,12792,4,4.389,28052,9,0.391,10464,4,0.34,11315,4,45.533,963,1,39.349,4477,2
1773,E01001763,Hackney 020C,E09000012,Hackney,22.12,12683,4,0.13,12525,4,0.062,20885,7,9.771,22081,7,-0.273,20253,7,0.316,11700,4,43.732,1277,1,37.008,5387,2
1774,E01001764,Hackney 010A,E09000012,Hackney,28.73,8634,3,0.192,7148,3,0.114,10540,4,11.619,20307,7,0.104,14441,5,0.466,9538,3,41.68,1734,1,31.482,8003,3
1775,E01001765,Hackney 010B,E09000012,Hackney,43.409,3374,2,0.289,2575,1,0.188,3818,2,25.162,10749,4,0.932,4773,2,0.393,10554,4,44.366,1172,1,26.457,10907,4
1776,E01001767,Hackney 010D,E09000012,Hackney,33.95,6287,2,0.205,6352,2,0.114,10429,4,9.587,22275,7,0.395,10393,4,1.131,2615,1,44.867,1088,1,35.623,5962,2
1777,E01001768,Hackney 006D,E09000012,Hackney,24.277,11196,4,0.142,11248,4,0.088,14701,5,8.592,23316,8,-0.032,16489,6,0.398,10477,4,39.592,2322,1,38.236,4908,2
1778,E01001769,Hackney 006E,E09000012,Hackney,26.759,9723,3,0.163,9343,3,0.087,14840,5,5.791,26397,9,0.19,13194,5,0.973,3731,2,40.329,2103,1,31.856,7798,3
1779,E01001770,Hackney 010E,E09000012,Hackney,34.261,6158,2,0.222,5430,2,0.124,9153,3,20.487,13477,5,0.582,8154,3,0.733,6146,2,42.602,1519,1,27.033,10521,4
1780,E01001772,Hackney 024A,E09000012,Hackney,41.78,3791,2,0.28,2876,1,0.154,6233,2,21.079,13083,4,0.592,8024,3,1.0,3520,2,44.43,1155,1,34.632,6413,2
1781,E01001773,Hackney 025E,E09000012,Hackney,38.205,4810,2,0.233,4823,2,0.129,8591,3,12.58,19421,6,0.516,8915,3,1.191,2287,1,46.069,880,1,39.226,4533,2
1782,E01001774,Hackney 024B,E09000012,Hackney,28.204,8923,3,0.182,7908,3,0.083,15759,5,7.945,24014,8,0.107,14398,5,0.74,6054,2,45.576,959,1,35.8,5893,2
1783,E01001775,Hackney 024C,E09000012,Hackney,39.266,4495,2,0.252,3928,2,0.146,6933,3,14.664,17615,6,0.788,6011,2,0.921,4218,2,44.94,1068,1,32.628,7394,3
1784,E01001776,Hackney 025F,E09000012,Hackney,45.938,2862,1,0.295,2370,1,0.192,3549,2,20.777,13286,5,0.65,7386,3,0.981,3672,2,42.992,1431,1,40.342,4154,2
1785,E01001777,Hackney 027B,E09000012,Hackney,34.27,6154,2,0.176,8346,3,0.106,11584,4,8.969,22889,7,0.698,6901,3,1.064,3033,1,47.176,680,1,39.956,4274,2
1786,E01001779,Hackney 026A,E09000012,Hackney,30.639,7718,3,0.188,7487,3,0.108,11274,4,11.131,20775,7,0.178,13355,5,0.298,11958,4,48.051,559,1,38.969,4627,2
1787,E01001780,Hackney 027D,E09000012,Hackney,37.728,4965,2,0.225,5220,2,0.147,6828,3,13.408,18677,6,0.286,11810,4,1.386,1405,1,42.229,1606,1,36.541,5561,2
1788,E01001781,Hackney 026B,E09000012,Hackney,44.66,3123,1,0.274,3085,1,0.174,4724,2,28.136,9343,3,0.951,4611,2,0.987,3628,2,42.467,1550,1,33.173,7118,3
1789,E01001782,Hackney 026C,E09000012,Hackney,21.076,13505,5,0.128,12770,4,0.069,19088,6,7.338,24668,8,-0.497,23394,8,-0.032,17170,6,42.874,1456,1,39.478,4431,2
1790,E01001783,Hackney 026D,E09000012,Hackney,38.594,4695,2,0.256,3744,2,0.152,6366,2,19.604,14014,5,0.638,7521,3,0.636,7245,3,42.565,1525,1,34.676,6385,2
1791,E01001784,Hackney 027E,E09000012,Hackney,26.639,9803,3,0.182,7922,3,0.079,16497,6,14.098,18078,6,0.139,13904,5,0.079,15431,5,42.258,1598,1,38.62,4744,2
1792,E01001785,Hackney 015B,E09000012,Hackney,30.74,7676,3,0.178,8191,3,0.102,12194,4,6.157,26007,8,0.309,11498,4,1.068,3009,1,39.164,2432,1,43.769,3213,1
1793,E01001786,Hackney 013A,E09000012,Hackney,37.939,4889,2,0.291,2488,1,0.16,5698,2,22.175,12424,4,0.194,13143,5,0.479,9363,3,41.903,1686,1,26.727,10725,4
1794,E01001787,Hackney 013B,E09000012,Hackney,43.42,3371,2,0.31,1955,1,0.175,4627,2,31.625,7943,3,0.874,5266,2,0.448,9797,3,41.403,1802,1,23.359,12877,4
1795,E01001788,Hackney 013C,E09000012,Hackney,42.475,3601,2,0.297,2307,1,0.198,3216,1,21.862,12630,4,0.927,4808,2,0.23,13031,4,40.77,1974,1,22.819,13247,5
1796,E01001789,Hackney 015C,E09000012,Hackney,27.673,9211,3,0.172,8628,3,0.113,10642,4,7.04,25010,8,0.416,10107,4,0.466,9540,3,39.335,2391,1,31.819,7818,3
1797,E01001790,Hackney 013D,E09000012,Hackney,51.961,1876,1,0.38,591,1,0.232,1836,1,18.834,14525,5,0.99,4303,2,0.013,16465,6,50.002,322,1,23.041,13096,4
1798,E01001791,Hackney 015D,E09000012,Hackney,32.227,6994,3,0.204,6411,2,0.123,9310,3,14.386,17841,6,0.669,7191,3,0.505,9014,3,40.246,2129,1,32.399,7518,3
1799,E01001792,Hackney 011A,E09000012,Hackney,32.729,6784,3,0.189,7382,3,0.107,11517,4,10.867,21014,7,0.434,9890,4,1.236,2053,1,40.675,2001,1,37.316,5256,2
1800,E01001793,Hackney 011B,E09000012,Hackney,24.873,10841,4,0.151,10435,4,0.094,13664,5,4.75,27604,9,-0.161,18547,6,0.435,9973,4,41.492,1780,1,39.232,4532,2
1801,E01001794,Hackney 011C,E09000012,Hackney,26.492,9886,4,0.135,12036,4,0.07,18710,6,7.301,24713,8,-0.001,16042,5,0.767,5767,2,40.806,1967,1,53.677,1343,1
1802,E01001795,Hackney 011D,E09000012,Hackney,31.452,7320,3,0.15,10510,4,0.119,9767,3,5.592,26605,9,0.363,10807,4,1.296,1771,1,41.747,1718,1,38.026,4976,2
1803,E01001796,Hackney 011E,E09000012,Hackney,28.427,8807,3,0.134,12141,4,0.093,13710,5,7.655,24302,8,0.187,13233,5,0.372,10840,4,46.809,747,1,50.857,1771,1
1804,E01001798,Hackney 028A,E09000012,Hackney,46.437,2769,1,0.312,1897,1,0.183,4116,2,19.849,13857,5,0.773,6149,2,1.203,2219,1,42.679,1498,1,33.384,7015,3
1805,E01001799,Hackney 003A,E09000012,Hackney,26.539,9863,4,0.137,11743,4,0.08,16406,5,34.631,6890,3,-0.141,18252,6,-0.144,18791,6,39.39,2377,1,44.532,3014,1
1806,E01001800,Hackney 004C,E09000012,Hackney,39.15,4523,2,0.252,3939,2,0.172,4828,2,39.75,5421,2,0.609,7825,3,0.034,16157,5,39.494,2352,1,28.668,9578,3
1807,E01001801,Hackney 008B,E09000012,Hackney,31.423,7336,3,0.204,6414,2,0.102,12151,4,14.541,17731,6,0.468,9473,3,-0.163,19083,6,45.796,917,1,42.561,3518,2
1808,E01001802,Hackney 003B,E09000012,Hackney,33.522,6460,2,0.233,4837,2,0.125,9085,3,26.398,10100,4,0.276,11961,4,0.116,14881,5,44.371,1169,1,29.767,8949,3
1809,E01001803,Hackney 008C,E09000012,Hackney,15.695,18241,6,0.075,20551,7,0.065,20101,7,1.69,31223,10,-0.026,16408,5,-0.353,21782,7,36.658,3343,2,32.03,7687,3
1810,E01001804,Hackney 003C,E09000012,Hackney,26.466,9895,4,0.146,10889,4,0.105,11738,4,29.723,8686,3,0.032,15511,5,-0.901,28247,9,40.742,1985,1,35.055,6219,2
1811,E01001805,Hackney 009B,E09000012,Hackney,27.222,9451,3,0.137,11775,4,0.08,16273,5,1.441,31526,10,0.016,15750,5,1.151,2519,1,40.483,2052,1,47.853,2281,1
1812,E01001806,Hackney 008D,E09000012,Hackney,29.992,8025,3,0.187,7522,3,0.116,10148,4,6.538,25555,8,0.477,9376,3,0.913,4273,2,39.879,2225,1,28.043,9924,4
1813,E01001807,Hackney 003D,E09000012,Hackney,29.104,8454,3,0.187,7503,3,0.11,11046,4,14.54,17732,6,-0.075,17169,6,0.172,13951,5,44.494,1149,1,38.774,4694,2
1814,E01001808,Hackney 001A,E09000012,Hackney,30.857,7625,3,0.133,12215,4,0.066,19835,7,44.178,4361,2,-0.107,17685,6,0.217,13233,5,41.375,1816,1,62.351,477,1
1815,E01001809,Hackney 001B,E09000012,Hackney,26.652,9795,3,0.137,11781,4,0.078,16837,6,42.422,4776,2,-0.275,20273,7,0.039,16069,5,41.783,1713,1,35.191,6146,2
1816,E01001811,Hackney 002D,E09000012,Hackney,48.58,2394,1,0.34,1214,1,0.188,3791,2,42.696,4702,2,0.606,7863,3,0.715,6338,2,44.35,1176,1,26.572,10828,4
1817,E01001812,Hackney 003E,E09000012,Hackney,29.842,8096,3,0.179,8090,3,0.133,8210,3,21.556,12830,4,-0.025,16376,5,0.605,7676,3,40.577,2033,1,25.907,11217,4
1818,E01001813,Hackney 002E,E09000012,Hackney,48.476,2413,1,0.3,2196,1,0.192,3539,2,22.586,12189,4,0.361,10837,4,1.229,2094,1,44.582,1129,1,51.33,1688,1
1819,E01001814,Hackney 001C,E09000012,Hackney,32.729,6783,3,0.177,8234,3,0.108,11342,4,18.497,14777,5,0.566,8330,3,0.505,9019,3,43.939,1249,1,43.765,3215,1
1820,E01001815,Hackney 024D,E09000012,Hackney,36.758,5285,2,0.26,3602,2,0.168,5116,2,14.576,17696,6,0.522,8845,3,0.427,10063,4,42.64,1504,1,25.092,11726,4
1821,E01001816,Hackney 020D,E09000012,Hackney,25.206,10641,4,0.167,9071,3,0.085,15312,5,6.622,25458,8,0.236,12574,4,0.709,6412,2,37.942,2849,1,30.492,8522,3
1822,E01001819,Hackney 020E,E09000012,Hackney,27.879,9108,3,0.2,6644,3,0.113,10570,4,4.066,28459,9,0.391,10471,4,0.507,8983,3,36.689,3333,2,30.972,8268,3
1823,E01001820,Hackney 024E,E09000012,Hackney,41.027,3969,2,0.269,3253,1,0.195,3411,2,18.92,14456,5,0.449,9734,3,0.597,7783,3,43.259,1371,1,32.311,7566,3
1824,E01001821,Hackney 024F,E09000012,Hackney,43.173,3434,2,0.259,3638,2,0.174,4672,2,19.519,14075,5,0.965,4500,2,1.125,2643,1,43.13,1410,1,30.408,8576,3
1825,E01001822,Hackney 029C,E09000012,Hackney,45.667,2917,1,0.296,2349,1,0.202,3047,1,34.13,7057,3,0.72,6673,3,0.799,5435,2,41.514,1773,1,25.305,11574,4
1826,E01001823,Hackney 001D,E09000012,Hackney,28.315,8874,3,0.168,8915,3,0.114,10424,4,35.304,6675,3,0.152,13700,5,-0.571,24735,8,42.951,1440,1,21.263,14356,5
1827,E01001824,Hackney 004D,E09000012,Hackney,33.87,6317,2,0.195,7004,3,0.129,8617,3,39.347,5543,2,0.039,15411,5,0.439,9924,4,44.778,1100,1,29.313,9208,3
1828,E01001825,Hackney 001E,E09000012,Hackney,26.92,9633,3,0.123,13292,5,0.082,15918,5,58.976,1848,1,-0.465,22954,7,-0.46,23228,8,40.106,2156,1,32.224,7600,3
1829,E01001826,Hackney 004E,E09000012,Hackney,34.25,6162,2,0.213,5955,2,0.145,6989,3,38.957,5646,2,0.449,9726,3,-0.413,22602,7,41.28,1842,1,27.626,10175,4
1830,E01001827,Hackney 029D,E09000012,Hackney,36.874,5244,2,0.243,4335,2,0.158,5873,2,39.652,5451,2,0.372,10690,4,0.17,13988,5,41.312,1833,1,22.635,13383,5
1831,E01001828,Hackney 028B,E09000012,Hackney,34.2,6187,2,0.248,4114,2,0.151,6471,2,20.692,13338,5,0.333,11168,4,0.25,12729,4,42.215,1611,1,21.761,14004,5
1832,E01001829,Hackney 009C,E09000012,Hackney,16.477,17491,6,0.078,19888,7,0.05,24844,8,0.492,32526,10,-0.251,19890,7,0.756,5877,2,31.402,6029,2,37.958,5006,2
1833,E01001830,Hackney 014C,E09000012,Hackney,32.425,6903,3,0.2,6648,3,0.13,8520,3,9.306,22565,7,0.528,8767,3,0.644,7160,3,45.017,1055,1,29.416,9140,3
1834,E01001831,Hackney 009D,E09000012,Hackney,29.178,8414,3,0.161,9536,3,0.092,13896,5,1.95,30947,10,0.414,10140,4,1.017,3391,2,42.627,1514,1,39.587,4399,2
1835,E01001832,Hackney 009E,E09000012,Hackney,28.103,8976,3,0.141,11324,4,0.09,14364,5,7.253,24751,8,0.282,11874,4,1.02,3367,2,40.206,2136,1,41.718,3738,2
1836,E01001833,Hackney 014D,E09000012,Hackney,31.832,7150,3,0.203,6507,2,0.116,10217,4,13.316,18758,6,0.479,9337,3,0.259,12579,4,45.412,982,1,35.707,5940,2
1837,E01001834,Hackney 014E,E09000012,Hackney,30.766,7666,3,0.195,7006,3,0.112,10824,4,6.263,25882,8,0.483,9282,3,0.584,7932,3,42.481,1547,1,37.825,5061,2
1838,E01001835,Hackney 014F,E09000012,Hackney,21.313,13308,5,0.1,16289,5,0.067,19662,6,1.621,31303,10,0.254,12281,4,1.1,2800,1,33.02,5065,2,33.092,7155,3
1839,E01001836,Hackney 022A,E09000012,Hackney,26.182,10064,4,0.16,9643,3,0.103,12098,4,9.978,21844,7,0.19,13195,5,0.453,9722,3,40.656,2007,1,30.383,8589,3
1840,E01001837,Hackney 023B,E09000012,Hackney,17.083,16914,6,0.086,18611,6,0.043,27038,9,2.089,30798,10,0.026,15612,5,0.654,7028,3,36.163,3556,2,31.935,7752,3
1841,E01001838,Hackney 019E,E09000012,Hackney,46.392,2780,1,0.341,1196,1,0.197,3321,2,27.113,9770,3,0.595,7987,3,0.616,7501,3,42.222,1607,1,27.977,9965,4
1842,E01001839,Hackney 023C,E09000012,Hackney,38.772,4640,2,0.195,6985,3,0.155,6145,2,5.272,26996,9,1.216,2786,1,0.905,4334,2,48.198,548,1,32.322,7562,3
1843,E01001840,Hackney 022B,E09000012,Hackney,40.008,4256,2,0.262,3511,2,0.156,6005,2,17.855,15238,5,0.964,4505,2,0.91,4297,2,42.183,1622,1,24.268,12243,4
1844,E01001841,Hackney 022C,E09000012,Hackney,31.696,7204,3,0.197,6822,3,0.143,7165,3,15.056,17313,6,0.469,9464,3,0.53,8669,3,40.216,2133,1,25.393,11527,4
1845,E01001842,Hackney 023D,E09000012,Hackney,39.524,4411,2,0.284,2750,1,0.153,6291,2,12.299,19666,6,0.533,8712,3,0.952,3911,2,43.445,1339,1,31.073,8216,3
1846,E01001843,Hackney 023E,E09000012,Hackney,32.022,7074,3,0.182,7912,3,0.14,7445,3,6.428,25681,8,0.675,7123,3,0.738,6082,2,41.746,1719,1,29.684,9001,3
1847,E01001844,Hackney 022D,E09000012,Hackney,26.949,9624,3,0.14,11512,4,0.083,15649,5,6.698,25372,8,0.096,14570,5,1.029,3304,2,40.976,1937,1,40.636,4059,2
1848,E01001845,Hackney 022E,E09000012,Hackney,50.985,2027,1,0.33,1433,1,0.245,1452,1,24.75,10969,4,1.017,4115,2,0.579,8008,3,42.589,1522,1,29.622,9034,3
1849,E01001846,Hackney 018A,E09000012,Hackney,46.735,2705,1,0.267,3314,2,0.181,4243,2,19.728,13923,5,1.126,3344,2,1.661,653,1,42.633,1509,1,27.992,9955,4
1850,E01001847,Hackney 018B,E09000012,Hackney,56.261,1315,1,0.317,1731,1,0.246,1393,1,22.637,12150,4,1.57,1230,1,1.297,1766,1,41.429,1796,1,32.984,7209,3
1851,E01001848,Hackney 018C,E09000012,Hackney,39.884,4298,2,0.24,4489,2,0.138,7624,3,16.394,16275,5,0.932,4780,2,1.21,2180,1,41.48,1785,1,35.491,6021,2
1852,E01001849,Hackney 018D,E09000012,Hackney,34.104,6227,2,0.208,6193,2,0.119,9807,3,14.231,17963,6,0.547,8547,3,0.777,5668,2,45.608,953,1,34.051,6661,3
1853,E01001850,Hackney 019F,E09000012,Hackney,42.961,3486,2,0.299,2224,1,0.182,4178,2,25.877,10380,4,0.68,7069,3,0.661,6969,3,40.623,2016,1,29.887,8883,3
1854,E01033698,Hackney 021F,E09000012,Hackney,34.433,6091,2,0.231,4963,2,0.149,6624,3,14.69,17593,6,0.791,5987,2,0.162,14133,5,42.075,1644,1,26.13,11092,4
1855,E01033699,Hackney 021G,E09000012,Hackney,33.618,6411,2,0.144,11031,4,0.09,14212,5,11.399,20523,7,0.557,8427,3,1.944,257,1,45.243,1020,1,34.033,6673,3
1856,E01033700,Hackney 021H,E09000012,Hackney,30.151,7953,3,0.138,11673,4,0.071,18620,6,9.579,22286,7,0.477,9365,3,1.359,1509,1,45.512,967,1,39.943,4275,2
1857,E01033701,Hackney 002F,E09000012,Hackney,47.473,2578,1,0.317,1749,1,0.165,5333,2,31.137,8128,3,0.321,11339,4,0.852,4868,2,41.899,1687,1,58.437,818,1
1858,E01033702,Hackney 028C,E09000012,Hackney,35.791,5611,2,0.268,3287,2,0.127,8845,3,14.539,17733,6,0.676,7117,3,0.093,15227,5,46.743,764,1,29.045,9355,3
1859,E01033703,Hackney 010F,E09000012,Hackney,34.171,6196,2,0.224,5284,2,0.119,9770,3,10.958,20940,7,0.482,9306,3,0.938,4048,2,44.436,1154,1,31.492,7996,3
1860,E01033704,Hackney 023F,E09000012,Hackney,26.61,9828,3,0.096,16862,6,0.057,22355,7,4.282,28190,9,0.136,13942,5,1.251,1971,1,44.936,1070,1,51.588,1647,1
1861,E01033705,Hackney 028D,E09000012,Hackney,31.723,7191,3,0.199,6738,3,0.123,9292,3,21.417,12908,4,0.43,9944,4,0.258,12595,4,46.256,847,1,23.466,12806,4
1862,E01033706,Hackney 027F,E09000012,Hackney,32.488,6887,3,0.071,21365,7,0.034,29606,10,9.317,22554,7,0.799,5912,2,1.818,391,1,47.395,644,1,65.133,288,1
1863,E01033707,Hackney 021I,E09000012,Hackney,32.543,6864,3,0.166,9090,3,0.094,13548,5,5.053,27228,9,0.516,8918,3,1.346,1552,1,48.655,489,1,34.366,6523,2
1864,E01033708,Hackney 027G,E09000012,Hackney,20.118,14243,5,0.037,29378,9,0.028,31074,10,5.531,26686,9,0.136,13948,5,0.421,10149,4,49.219,426,1,50.457,1841,1
1865,E01033709,Hackney 027H,E09000012,Hackney,33.721,6366,2,0.156,9931,4,0.09,14281,5,9.587,22274,7,0.318,11386,4,1.063,3047,1,49.221,425,1,54.483,1247,1
1866,E01033710,Hackney 028E,E09000012,Hackney,24.65,10980,4,0.151,10382,4,0.064,20360,7,16.28,16347,5,-0.148,18354,6,-0.293,20932,7,51.042,211,1,32.637,7387,3
1867,E01033711,Hackney 027I,E09000012,Hackney,22.212,12611,4,0.049,26435,9,0.013,32681,10,14.356,17862,6,-0.173,18710,6,0.055,15808,5,46.517,798,1,70.822,87,1
1868,E01033712,Hackney 023G,E09000012,Hackney,33.44,6490,2,0.173,8600,3,0.082,15887,5,9.945,21880,7,0.455,9649,3,1.199,2238,1,47.215,674,1,47.87,2276,1
1869,E01033713,Hackney 010G,E09000012,Hackney,34.988,5892,2,0.167,9052,3,0.118,9980,4,10.278,21573,7,0.628,7631,3,1.334,1611,1,46.155,868,1,37.975,4997,2
1870,E01001851,Hammersmith and Fulham 010A,E09000013,Hammersmith and Fulham,13.267,20771,7,0.071,21211,7,0.065,20120,7,2.243,30604,10,-0.584,24504,8,0.473,9435,3,21.196,15274,5,33.543,6932,3
1871,E01001852,Hammersmith and Fulham 007A,E09000013,Hammersmith and Fulham,16.762,17221,6,0.101,16164,5,0.065,20124,7,5.168,27115,9,-0.337,21241,7,0.331,11479,4,27.21,9067,3,37.917,5020,2
1872,E01001853,Hammersmith and Fulham 007B,E09000013,Hammersmith and Fulham,20.791,13706,5,0.1,16259,5,0.086,15113,5,6.105,26062,8,-0.079,17260,6,0.884,4544,2,23.518,12646,4,42.447,3541,2
1873,E01001854,Hammersmith and Fulham 007C,E09000013,Hammersmith and Fulham,19.308,15003,5,0.129,12659,4,0.083,15635,5,2.698,30099,10,-0.235,19647,6,0.24,12863,4,29.138,7546,3,37.836,5054,2
1874,E01001855,Hammersmith and Fulham 010B,E09000013,Hammersmith and Fulham,18.446,15740,5,0.105,15658,5,0.076,17151,6,8.431,23485,8,-0.182,18864,6,0.271,12373,4,26.999,9279,3,38.683,4728,2
1875,E01001856,Hammersmith and Fulham 010C,E09000013,Hammersmith and Fulham,31.549,7267,3,0.204,6434,2,0.145,7059,3,7.658,24298,8,0.464,9546,3,0.606,7671,3,32.465,5393,2,40.397,4135,2
1876,E01001857,Hammersmith and Fulham 007D,E09000013,Hammersmith and Fulham,39.967,4267,2,0.268,3284,1,0.178,4383,2,14.182,18004,6,0.326,11258,4,1.365,1483,1,33.788,4685,2,34.845,6312,2
1877,E01001858,Hammersmith and Fulham 006A,E09000013,Hammersmith and Fulham,30.675,7701,3,0.189,7415,3,0.126,8992,3,6.505,25595,8,0.582,8150,3,0.764,5786,2,27.617,8744,3,47.737,2297,1
1878,E01001859,Hammersmith and Fulham 008A,E09000013,Hammersmith and Fulham,20.236,14141,5,0.186,7595,3,0.096,13235,5,3.738,28830,9,-0.22,19442,6,-0.738,26672,9,32.072,5608,2,25.296,11580,4
1879,E01001860,Hammersmith and Fulham 006B,E09000013,Hammersmith and Fulham,31.87,7131,3,0.209,6125,2,0.144,7153,3,14.732,17562,6,0.153,13697,5,0.709,6409,2,36.686,3335,2,33.315,7046,3
1880,E01001861,Hammersmith and Fulham 006C,E09000013,Hammersmith and Fulham,30.192,7937,3,0.222,5381,2,0.15,6598,3,4.99,27308,9,0.294,11709,4,0.769,5747,2,31.231,6135,2,26.784,10695,4
1881,E01001862,Hammersmith and Fulham 005A,E09000013,Hammersmith and Fulham,32.679,6802,3,0.224,5282,2,0.161,5622,2,14.837,17476,6,0.537,8664,3,0.493,9159,3,29.455,7333,3,32.002,7710,3
1882,E01001863,Hammersmith and Fulham 006D,E09000013,Hammersmith and Fulham,18.964,15265,5,0.115,14255,5,0.093,13734,5,2.409,30408,10,-0.203,19174,6,0.676,6773,3,23.944,12201,4,32.56,7433,3
1883,E01001864,Hammersmith and Fulham 006E,E09000013,Hammersmith and Fulham,28.795,8604,3,0.169,8860,3,0.131,8342,3,4.574,27820,9,0.768,6199,2,0.518,8809,3,26.936,9328,3,41.466,3805,2
1884,E01001865,Hammersmith and Fulham 008B,E09000013,Hammersmith and Fulham,13.639,20324,7,0.094,17276,6,0.069,19124,6,2.189,30682,10,-0.456,22855,7,0.07,15590,5,23.873,12275,4,29.56,9067,3
1885,E01001866,Hammersmith and Fulham 012A,E09000013,Hammersmith and Fulham,14.104,19847,7,0.078,19852,7,0.046,26171,8,0.783,32257,10,-1.076,29409,9,0.707,6430,2,24.891,11239,4,41.193,3883,2
1886,E01001867,Hammersmith and Fulham 012B,E09000013,Hammersmith and Fulham,13.678,20289,7,0.12,13642,5,0.045,26204,8,2.096,30791,10,-0.216,19390,6,-0.74,26682,9,31.659,5865,2,26.11,11109,4
1887,E01001868,Hammersmith and Fulham 012C,E09000013,Hammersmith and Fulham,35.865,5585,2,0.221,5483,2,0.156,6011,2,22.764,12056,4,0.159,13632,5,0.84,5017,2,37.054,3181,1,39.32,4497,2
1888,E01001869,Hammersmith and Fulham 010D,E09000013,Hammersmith and Fulham,14.292,19649,6,0.072,21171,7,0.05,24758,8,1.822,31077,10,-0.2,19135,6,0.326,11543,4,22.559,13687,5,44.066,3138,1
1889,E01001870,Hammersmith and Fulham 012D,E09000013,Hammersmith and Fulham,16.892,17083,6,0.096,17026,6,0.068,19316,6,4.263,28213,9,-0.003,16057,5,-0.45,23105,8,33.997,4574,2,34.831,6318,2
1890,E01001871,Hammersmith and Fulham 012E,E09000013,Hammersmith and Fulham,12.278,21856,7,0.091,17732,6,0.062,21042,7,3.299,29379,9,-0.874,27744,9,-0.548,24434,8,25.752,10405,4,31.908,7769,3
1891,E01001872,Hammersmith and Fulham 012F,E09000013,Hammersmith and Fulham,15.605,18352,6,0.083,19013,6,0.059,21889,7,1.966,30928,10,-0.328,21081,7,0.205,13405,5,31.039,6250,2,38.18,4928,2
1892,E01001873,Hammersmith and Fulham 010E,E09000013,Hammersmith and Fulham,22.705,12256,4,0.165,9196,3,0.107,11447,4,5.632,26579,9,0.018,15735,5,0.13,14659,5,28.394,8115,3,35.176,6154,2
1893,E01001874,Hammersmith and Fulham 001A,E09000013,Hammersmith and Fulham,23.89,11438,4,0.132,12300,4,0.094,13551,5,11.872,20063,7,0.572,8274,3,-0.345,21671,7,39.716,2284,1,28.286,9793,3
1894,E01001875,Hammersmith and Fulham 001B,E09000013,Hammersmith and Fulham,33.544,6449,2,0.215,5782,2,0.136,7829,3,27.001,9820,3,0.24,12501,4,0.804,5373,2,34.073,4537,2,33.709,6848,3
1895,E01001876,Hammersmith and Fulham 001C,E09000013,Hammersmith and Fulham,37.345,5098,2,0.208,6198,2,0.146,6880,3,14.496,17763,6,0.905,5013,2,0.28,12242,4,50.776,235,1,33.483,6960,3
1896,E01001877,Hammersmith and Fulham 001D,E09000013,Hammersmith and Fulham,33.33,6532,2,0.202,6516,2,0.149,6699,3,9.305,22569,7,0.456,9633,3,0.743,6019,2,34.284,4438,2,43.979,3153,1
1897,E01001878,Hammersmith and Fulham 001E,E09000013,Hammersmith and Fulham,34.751,5979,2,0.241,4473,2,0.155,6153,2,27.456,9620,3,0.57,8287,3,0.085,15356,5,33.809,4670,2,31.73,7866,3
1898,E01001879,Hammersmith and Fulham 019A,E09000013,Hammersmith and Fulham,22.554,12354,4,0.159,9687,3,0.126,8938,3,9.135,22725,7,0.039,15409,5,0.19,13666,5,25.891,10273,4,24.952,11814,4
1899,E01001880,Hammersmith and Fulham 017A,E09000013,Hammersmith and Fulham,21.14,13446,5,0.159,9721,3,0.079,16595,6,7.697,24252,8,0.07,14945,5,0.559,8275,3,28.459,8062,3,27.352,10338,4
1900,E01001881,Hammersmith and Fulham 017B,E09000013,Hammersmith and Fulham,14.937,18973,6,0.06,23648,8,0.047,25587,8,3.514,29114,9,-0.158,18518,6,0.923,4199,2,22.581,13663,5,37.514,5163,2
1901,E01001882,Hammersmith and Fulham 017C,E09000013,Hammersmith and Fulham,13.532,20454,7,0.078,20007,7,0.057,22246,7,2.255,30588,10,-0.727,26207,8,0.35,11167,4,22.966,13247,5,38.509,4798,2
1902,E01001883,Hammersmith and Fulham 017D,E09000013,Hammersmith and Fulham,23.378,11772,4,0.17,8802,3,0.104,11851,4,8.733,23153,8,0.565,8349,3,-0.105,18214,6,26.945,9319,3,28.186,9849,3
1903,E01001884,Hammersmith and Fulham 017E,E09000013,Hammersmith and Fulham,25.958,10214,4,0.152,10333,4,0.093,13674,5,5.88,26291,9,0.462,9562,3,0.715,6339,2,29.594,7241,3,43.686,3246,1
1904,E01001885,Hammersmith and Fulham 015A,E09000013,Hammersmith and Fulham,50.627,2091,1,0.365,788,1,0.242,1560,1,19.547,14053,5,1.127,3335,2,0.644,7149,3,31.658,5866,2,30.869,8331,3
1905,E01001886,Hammersmith and Fulham 016A,E09000013,Hammersmith and Fulham,25.873,10269,4,0.172,8664,3,0.114,10508,4,8.55,23356,8,0.379,10603,4,0.645,7139,3,28.89,7742,3,30.14,8721,3
1906,E01001887,Hammersmith and Fulham 016B,E09000013,Hammersmith and Fulham,23.246,11893,4,0.173,8554,3,0.103,12091,4,10.744,21134,7,0.15,13730,5,0.258,12588,4,28.909,7731,3,27.199,10415,4
1907,E01001888,Hammersmith and Fulham 018A,E09000013,Hammersmith and Fulham,10.795,23550,8,0.064,22878,7,0.055,22998,8,3.014,29723,10,-0.518,23679,8,-0.004,16742,6,22.784,13428,5,28.424,9709,3
1908,E01001889,Hammersmith and Fulham 014A,E09000013,Hammersmith and Fulham,19.908,14425,5,0.075,20499,7,0.06,21644,7,2.317,30511,10,-0.333,21163,7,1.415,1302,1,27.354,8950,3,44.105,3124,1
1909,E01001890,Hammersmith and Fulham 016C,E09000013,Hammersmith and Fulham,13.675,20292,7,0.061,23448,8,0.041,27693,9,2.842,29931,10,-0.475,23068,8,-0.289,20880,7,38.411,2697,1,36.859,5443,2
1910,E01001891,Hammersmith and Fulham 018B,E09000013,Hammersmith and Fulham,11.44,22811,7,0.037,29294,9,0.026,31391,10,17.398,15532,5,-0.488,23251,8,-0.033,17189,6,26.223,9963,4,35.009,6237,2
1911,E01001892,Hammersmith and Fulham 016D,E09000013,Hammersmith and Fulham,28.411,8819,3,0.193,7134,3,0.147,6878,3,13.948,18206,6,0.425,10003,4,-0.109,18264,6,32.34,5454,2,28.561,9633,3
1912,E01001893,Hammersmith and Fulham 013A,E09000013,Hammersmith and Fulham,33.791,6342,2,0.255,3812,2,0.148,6785,3,14.395,17832,6,0.402,10307,4,0.514,8878,3,30.205,6825,3,37.872,5041,2
1913,E01001894,Hammersmith and Fulham 013B,E09000013,Hammersmith and Fulham,30.447,7814,3,0.204,6426,2,0.135,7928,3,15.829,16720,6,0.234,12606,4,0.422,10131,4,34.214,4472,2,36.153,5748,2
1914,E01001895,Hammersmith and Fulham 009A,E09000013,Hammersmith and Fulham,19.524,14790,5,0.119,13792,5,0.095,13442,5,10.558,21303,7,-0.181,18846,6,0.404,10382,4,24.941,11173,4,31.379,8063,3
1915,E01001896,Hammersmith and Fulham 009B,E09000013,Hammersmith and Fulham,22.043,12744,4,0.153,10266,4,0.091,14063,5,4.606,27782,9,-0.035,16539,6,0.51,8954,3,31.001,6272,2,32.832,7276,3
1916,E01001897,Hammersmith and Fulham 009C,E09000013,Hammersmith and Fulham,15.457,18490,6,0.086,18476,6,0.077,17021,6,0.893,32135,10,-0.168,18650,6,0.602,7728,3,22.44,13811,5,28.712,9553,3
1917,E01001898,Hammersmith and Fulham 013C,E09000013,Hammersmith and Fulham,22.222,12598,4,0.129,12653,4,0.092,13865,5,9.96,21867,7,0.345,11037,4,0.141,14466,5,30.412,6672,3,35.056,6218,2
1918,E01001899,Hammersmith and Fulham 013D,E09000013,Hammersmith and Fulham,43.244,3413,2,0.262,3505,2,0.196,3378,2,20.696,13332,5,1.125,3349,2,0.715,6329,2,35.204,3983,2,37.111,5337,2
1919,E01001900,Hammersmith and Fulham 013E,E09000013,Hammersmith and Fulham,36.348,5414,2,0.217,5697,2,0.163,5534,2,11.021,20867,7,1.194,2906,1,0.364,10962,4,29.01,7642,3,44.479,3027,1
1920,E01001901,Hammersmith and Fulham 019B,E09000013,Hammersmith and Fulham,10.834,23507,8,0.061,23487,8,0.051,24276,8,6.981,25061,8,-0.469,23003,8,-0.223,19964,7,21.415,14995,5,31.769,7848,3
1921,E01001902,Hammersmith and Fulham 019C,E09000013,Hammersmith and Fulham,15.69,18248,6,0.092,17520,6,0.066,19861,7,12.213,19754,7,0.194,13150,5,-0.267,20566,7,24.984,11126,4,26.859,10645,4
1922,E01001903,Hammersmith and Fulham 019D,E09000013,Hammersmith and Fulham,25.552,10447,4,0.181,7978,3,0.118,9893,4,7.243,24760,8,0.227,12676,4,0.195,13592,5,26.845,9424,3,39.844,4314,2
1923,E01001904,Hammersmith and Fulham 022A,E09000013,Hammersmith and Fulham,9.473,25162,8,0.048,26722,9,0.033,29856,10,4.306,28156,9,-0.81,27108,9,0.127,14699,5,19.628,17100,6,37.523,5155,2
1924,E01001905,Hammersmith and Fulham 022B,E09000013,Hammersmith and Fulham,7.147,28139,9,0.044,27723,9,0.028,31025,10,6.143,26020,8,-0.738,26340,9,-0.224,19972,7,19.618,17111,6,25.366,11544,4
1925,E01001906,Hammersmith and Fulham 022C,E09000013,Hammersmith and Fulham,9.619,24988,8,0.061,23422,8,0.04,27903,9,4.735,27632,9,-0.704,25965,8,0.159,14176,5,19.864,16813,6,29.294,9220,3
1926,E01001907,Hammersmith and Fulham 022D,E09000013,Hammersmith and Fulham,11.551,22696,7,0.058,24145,8,0.046,26048,8,1.001,32023,10,-0.26,20029,7,0.63,7332,3,19.792,16891,6,29.723,8978,3
1927,E01001908,Hammersmith and Fulham 015B,E09000013,Hammersmith and Fulham,17.008,16979,6,0.08,19446,6,0.054,23427,8,3.493,29140,9,0.088,14696,5,0.396,10507,4,31.953,5690,2,37.449,5194,2
1928,E01001909,Hammersmith and Fulham 015C,E09000013,Hammersmith and Fulham,22.51,12383,4,0.14,11468,4,0.084,15535,5,8.367,23562,8,0.355,10916,4,0.494,9150,3,27.781,8626,3,36.002,5802,2
1929,E01001910,Hammersmith and Fulham 014B,E09000013,Hammersmith and Fulham,18.415,15768,5,0.104,15762,5,0.078,16824,6,1.472,31486,10,-0.202,19168,6,-0.225,19984,7,32.712,5254,2,43.563,3284,1
1930,E01001911,Hammersmith and Fulham 015D,E09000013,Hammersmith and Fulham,34.648,6011,2,0.285,2708,1,0.166,5263,2,15.135,17265,6,0.585,8114,3,-0.31,21184,7,31.654,5870,2,29.097,9323,3
1931,E01001912,Hammersmith and Fulham 015E,E09000013,Hammersmith and Fulham,35.515,5706,2,0.263,3482,2,0.152,6342,2,20.999,13140,5,0.578,8194,3,0.452,9736,3,32.418,5416,2,31.673,7899,3
1932,E01001913,Hammersmith and Fulham 014C,E09000013,Hammersmith and Fulham,10.792,23554,8,0.037,29197,9,0.016,32521,10,6.961,25085,8,-0.102,17597,6,0.345,11245,4,25.008,11104,4,31.268,8123,3
1933,E01001914,Hammersmith and Fulham 014D,E09000013,Hammersmith and Fulham,19.977,14365,5,0.106,15429,5,0.083,15561,5,6.356,25769,8,0.039,15399,5,0.287,12146,4,33.335,4912,2,34.046,6664,3
1934,E01001915,Hammersmith and Fulham 024A,E09000013,Hammersmith and Fulham,12.938,21120,7,0.05,26123,8,0.023,31930,10,4.257,28224,9,-0.742,26386,9,0.697,6535,2,20.17,16446,6,50.126,1893,1
1935,E01001916,Hammersmith and Fulham 024B,E09000013,Hammersmith and Fulham,6.849,28505,9,0.024,31742,10,0.017,32451,10,1.431,31544,10,-1.634,32072,10,0.214,13263,5,22.225,14056,5,29.986,8822,3
1936,E01001917,Hammersmith and Fulham 018C,E09000013,Hammersmith and Fulham,15.582,18372,6,0.111,14854,5,0.061,21157,7,5.466,26758,9,-0.102,17603,6,0.214,13271,5,22.067,14243,5,32.922,7245,3
1937,E01001918,Hammersmith and Fulham 018D,E09000013,Hammersmith and Fulham,10.542,23841,8,0.075,20465,7,0.05,24827,8,1.799,31101,10,-0.347,21419,7,0.133,14597,5,19.532,17231,6,25.285,11590,4
1938,E01001919,Hammersmith and Fulham 018E,E09000013,Hammersmith and Fulham,8.626,26263,8,0.052,25563,8,0.043,27016,9,3.18,29532,9,-0.876,27768,9,0.429,10045,4,18.898,17989,6,21.643,14090,5
1939,E01001920,Hammersmith and Fulham 020A,E09000013,Hammersmith and Fulham,31.102,7494,3,0.196,6908,3,0.154,6218,2,6.428,25680,8,0.601,7919,3,0.626,7372,3,28.363,8141,3,38.059,4962,2
1940,E01001921,Hammersmith and Fulham 020B,E09000013,Hammersmith and Fulham,19.082,15164,5,0.092,17625,6,0.084,15538,5,2.808,29969,10,-0.681,25724,8,1.089,2871,1,24.225,11908,4,38.928,4638,2
1941,E01001922,Hammersmith and Fulham 020C,E09000013,Hammersmith and Fulham,12.078,22079,7,0.062,23260,8,0.045,26510,9,4.003,28541,9,-1.334,31031,10,0.855,4850,2,19.606,17129,6,34.118,6627,3
1942,E01001923,Hammersmith and Fulham 020D,E09000013,Hammersmith and Fulham,17.635,16437,6,0.099,16460,6,0.057,22249,7,2.206,30653,10,-0.796,26963,9,0.663,6936,3,26.46,9746,3,49.203,2036,1
1943,E01001924,Hammersmith and Fulham 020E,E09000013,Hammersmith and Fulham,9.181,25569,8,0.033,30285,10,0.016,32537,10,1.096,31911,10,-1.433,31473,10,0.504,9030,3,21.832,14523,5,39.383,4468,2
1944,E01001925,Hammersmith and Fulham 025A,E09000013,Hammersmith and Fulham,9.021,25768,8,0.047,26856,9,0.038,28351,9,1.38,31606,10,-1.156,29992,10,0.142,14454,5,20.084,16543,6,36.682,5510,2
1945,E01001926,Hammersmith and Fulham 024C,E09000013,Hammersmith and Fulham,6.578,28809,9,0.033,30145,10,0.027,31356,10,0.414,32594,10,-1.029,29056,9,0.035,16141,5,16.445,21116,7,32.544,7444,3
1946,E01001927,Hammersmith and Fulham 008C,E09000013,Hammersmith and Fulham,9.468,25171,8,0.043,27922,9,0.041,27500,9,0.222,32748,10,-0.868,27685,9,0.188,13697,5,22.447,13801,5,35.799,5894,2
1947,E01001928,Hammersmith and Fulham 011A,E09000013,Hammersmith and Fulham,20.584,13864,5,0.13,12469,4,0.089,14552,5,1.366,31619,10,-0.039,16599,6,0.706,6446,2,25.88,10288,4,35.836,5878,2
1948,E01001929,Hammersmith and Fulham 009D,E09000013,Hammersmith and Fulham,12.281,21853,7,0.07,21448,7,0.047,25529,8,5.445,26784,9,-0.489,23269,8,0.27,12385,4,19.25,17568,6,37.39,5223,2
1949,E01001930,Hammersmith and Fulham 008D,E09000013,Hammersmith and Fulham,31.034,7537,3,0.158,9763,3,0.141,7386,3,2.663,30148,10,0.736,6514,2,0.635,7257,3,27.741,8656,3,54.355,1260,1
1950,E01001931,Hammersmith and Fulham 011B,E09000013,Hammersmith and Fulham,18.489,15702,5,0.098,16599,6,0.058,22220,7,4.511,27894,9,0.166,13540,5,0.236,12932,4,30.1,6901,3,43.203,3357,2
1951,E01001932,Hammersmith and Fulham 011C,E09000013,Hammersmith and Fulham,25.92,10242,4,0.128,12787,4,0.09,14393,5,2.62,30210,10,0.014,15791,5,1.034,3276,1,38.531,2648,1,43.493,3298,2
1952,E01001933,Hammersmith and Fulham 011D,E09000013,Hammersmith and Fulham,20.872,13652,5,0.123,13348,5,0.097,13076,4,7.679,24279,8,-0.563,24219,8,0.685,6676,3,28.109,8339,3,36.333,5663,2
1953,E01001934,Hammersmith and Fulham 025B,E09000013,Hammersmith and Fulham,23.795,11507,4,0.225,5218,2,0.119,9819,3,12.125,19836,7,-0.279,20328,7,-0.66,25768,8,32.735,5243,2,16.057,18371,6
1954,E01001935,Hammersmith and Fulham 023A,E09000013,Hammersmith and Fulham,16.976,17011,6,0.112,14641,5,0.082,15853,5,4.689,27674,9,-0.217,19401,6,0.469,9487,3,23.783,12362,4,27.34,10341,4
1955,E01001937,Hammersmith and Fulham 025C,E09000013,Hammersmith and Fulham,13.307,20728,7,0.06,23690,8,0.05,24653,8,5.726,26469,9,-0.703,25952,8,0.647,7109,3,20.959,15553,5,39.142,4571,2
1956,E01001938,Hammersmith and Fulham 025D,E09000013,Hammersmith and Fulham,27.478,9309,3,0.222,5423,2,0.117,10105,4,12.144,19816,7,-0.174,18739,6,0.505,9013,3,26.537,9684,3,39.012,4614,2
1957,E01001939,Hammersmith and Fulham 023C,E09000013,Hammersmith and Fulham,21.07,13510,5,0.168,8930,3,0.094,13616,5,14.819,17490,6,-0.398,22088,7,0.017,16419,5,29.466,7325,3,26.726,10727,4
1958,E01001940,Hammersmith and Fulham 005B,E09000013,Hammersmith and Fulham,34.773,5966,2,0.225,5247,2,0.138,7710,3,13.225,18852,6,0.572,8269,3,1.049,3145,1,36.984,3204,1,31.692,7888,3
1959,E01001941,Hammersmith and Fulham 005C,E09000013,Hammersmith and Fulham,30.224,7925,3,0.155,10058,4,0.135,8011,3,5.672,26531,9,0.643,7460,3,0.856,4838,2,32.383,5437,2,41.205,3879,2
1960,E01001942,Hammersmith and Fulham 005D,E09000013,Hammersmith and Fulham,24.159,11283,4,0.142,11226,4,0.11,11017,4,5.903,26267,8,0.248,12375,4,0.706,6450,2,27.654,8717,3,34.925,6280,2
1961,E01001943,Hammersmith and Fulham 004A,E09000013,Hammersmith and Fulham,33.034,6650,3,0.162,9442,3,0.12,9741,3,5.702,26495,9,0.373,10684,4,1.387,1401,1,37.191,3135,1,49.212,2035,1
1962,E01001944,Hammersmith and Fulham 004B,E09000013,Hammersmith and Fulham,43.021,3478,2,0.304,2074,1,0.232,1823,1,14.852,17460,6,0.624,7667,3,-0.222,19930,7,42.535,1532,1,26.176,11055,4
1963,E01001945,Hammersmith and Fulham 004C,E09000013,Hammersmith and Fulham,25.101,10706,4,0.167,9040,3,0.115,10299,4,3.312,29364,9,0.113,14324,5,0.803,5382,2,25.909,10252,4,36.831,5448,2
1964,E01001946,Hammersmith and Fulham 004D,E09000013,Hammersmith and Fulham,21.955,12811,4,0.164,9263,3,0.118,9947,4,9.743,22106,7,0.337,11125,4,-1.041,29429,9,29.839,7074,3,20.234,15104,5
1965,E01001947,Hammersmith and Fulham 021A,E09000013,Hammersmith and Fulham,37.614,5002,2,0.281,2839,1,0.183,4119,2,18.834,14528,5,0.673,7150,3,0.362,10990,4,32.028,5638,2,26.449,10909,4
1966,E01001948,Hammersmith and Fulham 021B,E09000013,Hammersmith and Fulham,14.586,19353,6,0.084,18820,6,0.061,21288,7,3.353,29308,9,-0.665,25521,8,0.081,15397,5,24.071,12063,4,43.816,3200,1
1967,E01001949,Hammersmith and Fulham 021C,E09000013,Hammersmith and Fulham,8.026,27040,9,0.041,28472,9,0.025,31581,10,2.868,29897,10,-0.873,27741,9,0.058,15764,5,20.819,15695,5,33.366,7022,3
1968,E01001950,Hammersmith and Fulham 021D,E09000013,Hammersmith and Fulham,9.705,24876,8,0.035,29803,10,0.026,31428,10,2.846,29924,10,-0.698,25914,8,0.547,8444,3,19.442,17332,6,37.449,5193,2
1969,E01001951,Hammersmith and Fulham 021E,E09000013,Hammersmith and Fulham,17.389,16651,6,0.089,18061,6,0.06,21582,7,3.699,28877,9,-0.245,19796,7,0.625,7403,3,23.506,12662,4,46.62,2524,1
1970,E01001952,Hammersmith and Fulham 024D,E09000013,Hammersmith and Fulham,15.715,18223,6,0.087,18403,6,0.06,21533,7,9.195,22667,7,0.093,14625,5,-0.128,18562,6,23.848,12299,4,37.251,5287,2
1971,E01001953,Hammersmith and Fulham 021F,E09000013,Hammersmith and Fulham,22.092,12704,4,0.145,10970,4,0.077,17003,6,11.533,20388,7,0.329,11228,4,0.475,9411,3,27.052,9216,3,33.592,6903,3
1972,E01001954,Hammersmith and Fulham 003A,E09000013,Hammersmith and Fulham,27.358,9370,3,0.199,6716,3,0.117,10070,4,8.315,23621,8,0.402,10309,4,0.717,6315,2,26.449,9758,3,31.674,7898,3
1973,E01001955,Hammersmith and Fulham 002A,E09000013,Hammersmith and Fulham,37.986,4877,2,0.268,3289,2,0.168,5151,2,20.483,13481,5,0.327,11254,4,1.072,2978,1,31.97,5673,2,31.538,7970,3
1974,E01001956,Hammersmith and Fulham 003B,E09000013,Hammersmith and Fulham,27.284,9420,3,0.188,7491,3,0.144,7072,3,7.616,24355,8,-0.101,17581,6,0.67,6852,3,26.312,9884,4,35.923,5840,2
1975,E01001957,Hammersmith and Fulham 002B,E09000013,Hammersmith and Fulham,38.797,4637,2,0.299,2242,1,0.189,3750,2,27.183,9739,3,0.35,10982,4,0.071,15569,5,36.035,3619,2,23.103,13055,4
1976,E01001958,Hammersmith and Fulham 002C,E09000013,Hammersmith and Fulham,38.666,4675,2,0.314,1836,1,0.192,3547,2,23.028,11885,4,0.287,11799,4,-0.127,18536,6,35.502,3855,2,23.583,12723,4
1977,E01001959,Hammersmith and Fulham 003C,E09000013,Hammersmith and Fulham,40.084,4238,2,0.249,4074,2,0.172,4863,2,17.963,15158,5,0.657,7317,3,0.832,5089,2,33.334,4914,2,49.327,2016,1
1978,E01001960,Hammersmith and Fulham 003D,E09000013,Hammersmith and Fulham,18.411,15773,5,0.124,13206,5,0.076,17346,6,3.265,29428,9,-0.122,17928,6,0.291,12057,4,26.457,9747,3,37.041,5373,2
1979,E01001961,Hammersmith and Fulham 002D,E09000013,Hammersmith and Fulham,41.84,3771,2,0.331,1403,1,0.189,3764,2,28.479,9196,3,0.442,9801,3,0.564,8209,3,32.051,5623,2,24.365,12185,4
1980,E01032788,Hammersmith and Fulham 023D,E09000013,Hammersmith and Fulham,26.761,9722,3,0.193,7081,3,0.099,12691,4,10.815,21071,7,0.486,9257,3,0.787,5560,2,26.463,9739,3,30.831,8348,3
1981,E01032789,Hammersmith and Fulham 023E,E09000013,Hammersmith and Fulham,17.108,16892,6,0.087,18362,6,0.047,25508,8,4.772,27583,9,-0.516,23643,8,-0.576,24813,8,30.246,6800,3,61.169,585,1
1982,E01032790,Hammersmith and Fulham 023F,E09000013,Hammersmith and Fulham,17.986,16130,5,0.123,13323,5,0.052,23965,8,4.254,28228,9,-0.065,17000,6,-0.532,24211,8,31.595,5915,2,46.437,2569,1
1983,E01001962,Haringey 004A,E09000014,Haringey,15.503,18441,6,0.109,15087,5,0.063,20622,7,3.491,29142,9,-0.619,24951,8,0.224,13125,4,30.606,6526,2,29.775,8945,3
1984,E01001963,Haringey 009A,E09000014,Haringey,8.6,26300,9,0.055,24941,8,0.034,29531,9,0.406,32603,10,-0.909,28055,9,0.134,14583,5,21.509,14893,5,30.335,8611,3
1985,E01001964,Haringey 009B,E09000014,Haringey,14.801,19124,6,0.077,20184,7,0.056,22710,7,2.727,30057,10,-0.772,26711,9,0.423,10124,4,32.183,5539,2,34.784,6338,2
1986,E01001965,Haringey 009C,E09000014,Haringey,11.266,23030,8,0.083,18992,6,0.063,20696,7,0.518,32506,10,-0.701,25935,8,-0.497,23738,8,26.796,9461,3,24.539,12064,4
1987,E01001966,Haringey 009D,E09000014,Haringey,13.306,20730,7,0.047,26796,9,0.039,28249,9,0.322,32672,10,-1.206,30323,10,1.436,1236,1,22.051,14269,5,32.554,7438,3
1988,E01001967,Haringey 014A,E09000014,Haringey,8.872,25963,8,0.051,25901,8,0.043,27103,9,0.689,32351,10,-0.71,26017,8,-0.292,20916,7,23.61,12536,4,31.62,7928,3
1989,E01001968,Haringey 014B,E09000014,Haringey,11.166,23140,8,0.059,23963,8,0.044,26661,9,0.924,32107,10,-0.687,25785,8,0.191,13660,5,26.564,9657,3,33.961,6707,3
1990,E01001969,Haringey 001A,E09000014,Haringey,27.037,9566,3,0.169,8865,3,0.096,13236,5,20.441,13513,5,-0.107,17683,6,0.563,8225,3,36.004,3639,2,37.903,5028,2
1991,E01001970,Haringey 004B,E09000014,Haringey,26.984,9598,3,0.197,6862,3,0.101,12416,4,12.594,19405,6,0.029,15559,5,0.714,6351,2,36.084,3589,2,27.19,10426,4
1992,E01001971,Haringey 001B,E09000014,Haringey,37.858,4922,2,0.249,4062,2,0.176,4579,2,16.82,15951,5,0.606,7866,3,0.783,5612,2,38.351,2716,1,27.956,9980,4
1993,E01001972,Haringey 004C,E09000014,Haringey,26.384,9943,4,0.17,8753,3,0.12,9637,3,10.085,21744,7,0.043,15346,5,0.407,10335,4,36.008,3636,2,32.256,7581,3
1994,E01001973,Haringey 004D,E09000014,Haringey,18.289,15884,5,0.114,14479,5,0.072,18176,6,3.277,29410,9,-0.719,26116,8,0.259,12582,4,28.667,7917,3,46.256,2609,1
1995,E01001974,Haringey 001C,E09000014,Haringey,19.494,14821,5,0.093,17361,6,0.071,18629,6,8.368,23560,8,-0.694,25866,8,0.529,8688,3,33.031,5058,2,45.508,2785,1
1996,E01001975,Haringey 001D,E09000014,Haringey,21.262,13355,5,0.114,14472,5,0.09,14320,5,14.2,17985,6,-0.374,21781,7,0.196,13587,5,33.879,4629,2,38.3,4885,2
1997,E01001976,Haringey 011A,E09000014,Haringey,37.877,4917,2,0.209,6144,2,0.13,8501,3,34.876,6805,3,-0.082,17299,6,1.003,3503,2,46.487,803,1,41.177,3890,2
1998,E01001977,Haringey 011B,E09000014,Haringey,41.128,3940,2,0.256,3759,2,0.158,5852,2,27.638,9549,3,0.394,10422,4,0.866,4742,2,46.768,758,1,35.058,6217,2
1999,E01001978,Haringey 011C,E09000014,Haringey,40.391,4152,2,0.243,4369,2,0.178,4431,2,33.671,7213,3,0.011,15835,5,1.403,1344,1,34.928,4117,2,32.624,7399,3
2000,E01001979,Haringey 011D,E09000014,Haringey,41.479,3861,2,0.245,4268,2,0.158,5885,2,28.917,9010,3,0.01,15854,5,1.706,561,1,38.041,2822,1,39.542,4410,2
2001,E01001980,Haringey 018A,E09000014,Haringey,28.46,8788,3,0.187,7533,3,0.108,11374,4,20.184,13669,5,-0.09,17424,6,0.707,6439,2,35.058,4066,2,35.012,6235,2
2002,E01001981,Haringey 018B,E09000014,Haringey,29.7,8167,3,0.173,8608,3,0.094,13530,5,26.91,9866,4,-0.258,19990,7,0.848,4894,2,38.725,2580,1,40.346,4152,2
2003,E01001982,Haringey 018C,E09000014,Haringey,32.02,7077,3,0.184,7711,3,0.132,8315,3,18.199,14997,5,0.076,14853,5,0.744,6008,2,40.31,2113,1,38.762,4696,2
2004,E01001983,Haringey 018D,E09000014,Haringey,27.617,9236,3,0.17,8814,3,0.12,9656,3,16.129,16469,6,0.197,13108,4,0.751,5935,2,30.373,6700,3,32.53,7449,3
2005,E01001984,Haringey 033A,E09000014,Haringey,19.562,14754,5,0.123,13331,5,0.083,15633,5,1.595,31337,10,0.3,11631,4,0.15,14297,5,29.797,7109,3,31.985,7723,3
2006,E01001985,Haringey 033B,E09000014,Haringey,10.007,24521,8,0.05,26283,9,0.036,29122,9,0.395,32614,10,-0.993,28759,9,0.364,10960,4,25.937,10223,4,32.635,7388,3
2007,E01001986,Haringey 034A,E09000014,Haringey,12.447,21667,7,0.083,19110,6,0.061,21253,7,2.374,30450,10,-0.567,24280,8,-0.092,18014,6,26.9,9367,3,27.596,10197,4
2008,E01001987,Haringey 033C,E09000014,Haringey,9.497,25129,8,0.042,28046,9,0.022,32007,10,1.574,31365,10,-1.068,29357,9,0.247,12772,4,31.407,6023,2,28.824,9495,3
2009,E01001988,Haringey 034B,E09000014,Haringey,16.053,17894,6,0.078,19906,7,0.059,21702,7,1.86,31048,10,-0.436,22594,7,0.518,8817,3,28.067,8370,3,42.087,3640,2
2010,E01001989,Haringey 033D,E09000014,Haringey,14.789,19138,6,0.088,18189,6,0.051,24526,8,2.038,30851,10,-0.599,24695,8,0.706,6441,2,25.132,10974,4,35.902,5853,2
2011,E01001990,Haringey 034C,E09000014,Haringey,15.635,18313,6,0.066,22437,7,0.041,27667,9,1.31,31674,10,-0.409,22235,7,0.32,11644,4,28.454,8069,3,54.718,1220,1
2012,E01001991,Haringey 017A,E09000014,Haringey,14.98,18931,6,0.069,21721,7,0.043,26990,9,0.977,32043,10,-0.131,18076,6,0.336,11390,4,30.25,6794,3,42.085,3641,2
2013,E01001992,Haringey 017B,E09000014,Haringey,7.588,27577,9,0.038,29000,9,0.031,30448,10,0.296,32693,10,-1.047,29196,9,-0.088,17947,6,26.949,9315,3,26.348,10958,4
2014,E01001993,Haringey 017C,E09000014,Haringey,6.707,28651,9,0.029,30936,10,0.022,32028,10,0.105,32815,10,-0.808,27082,9,0.054,15837,5,21.585,14800,5,27.886,10022,4
2015,E01001994,Haringey 030A,E09000014,Haringey,10.117,24362,8,0.073,21001,7,0.046,25948,8,1.504,31451,10,-0.992,28757,9,-0.591,24990,8,30.606,6525,2,25.25,11617,4
2016,E01001995,Haringey 017D,E09000014,Haringey,26.161,10079,4,0.2,6695,3,0.131,8394,3,9.64,22229,7,-0.086,17348,6,-0.026,17082,6,36.691,3332,2,24.961,11807,4
2017,E01001996,Haringey 014C,E09000014,Haringey,9.706,24875,8,0.058,24108,8,0.037,28695,9,0.942,32089,10,-0.845,27458,9,-0.18,19346,6,23.406,12754,4,36.993,5395,2
2018,E01001997,Haringey 014D,E09000014,Haringey,14.708,19221,6,0.055,24960,8,0.037,28660,9,0.713,32331,10,-0.841,27413,9,0.868,4706,2,26.092,10092,4,49.094,2054,1
2019,E01001998,Haringey 023A,E09000014,Haringey,17.544,16516,6,0.102,16069,5,0.053,23741,8,5.95,26216,8,-0.437,22601,7,0.317,11677,4,37.653,2957,1,34.595,6434,2
2020,E01001999,Haringey 023B,E09000014,Haringey,26.638,9806,3,0.146,10880,4,0.087,14933,5,12.597,19404,6,-0.002,16049,5,1.142,2563,1,36.03,3626,2,36.216,5721,2
2021,E01002000,Haringey 031A,E09000014,Haringey,18.695,15505,5,0.127,12874,4,0.076,17263,6,5.709,26487,9,-0.137,18183,6,0.284,12187,4,32.092,5590,2,27.971,9970,4
2022,E01002001,Haringey 031B,E09000014,Haringey,20.744,13735,5,0.119,13793,5,0.072,18310,6,8.276,23667,8,-0.17,18670,6,0.305,11868,4,34.702,4218,2,40.82,4009,2
2023,E01002002,Haringey 031C,E09000014,Haringey,38.664,4676,2,0.183,7778,3,0.125,9071,3,12.97,19073,6,0.291,11750,4,2.377,44,1,44.794,1099,1,41.889,3691,2
2024,E01002003,Haringey 023C,E09000014,Haringey,36.814,5261,2,0.204,6416,2,0.121,9560,3,31.039,8164,3,0.262,12153,4,1.192,2282,1,41.843,1697,1,38.352,4858,2
2025,E01002004,Haringey 023D,E09000014,Haringey,18.37,15817,5,0.12,13661,5,0.067,19459,6,9.711,22143,7,-0.358,21557,7,0.193,13631,5,32.258,5495,2,33.585,6907,3
2026,E01002005,Haringey 035A,E09000014,Haringey,16.075,17870,6,0.062,23308,8,0.053,23666,8,8.346,23579,8,-0.105,17650,6,-0.07,17700,6,36.348,3482,2,37.921,5017,2
2027,E01002006,Haringey 035B,E09000014,Haringey,15.629,18324,6,0.083,19006,6,0.061,21368,7,1.711,31199,10,-0.501,23437,8,0.108,15019,5,30.931,6329,2,41.511,3789,2
2028,E01002007,Haringey 035C,E09000014,Haringey,11.806,22397,7,0.052,25754,8,0.048,25397,8,0.616,32427,10,-0.988,28721,9,0.222,13159,5,29.779,7122,3,36.913,5427,2
2029,E01002008,Haringey 030B,E09000014,Haringey,9.139,25611,8,0.049,26302,9,0.037,28687,9,3.402,29256,9,-1.114,29699,10,-0.082,17877,6,29.583,7247,3,25.845,11264,4
2030,E01002009,Haringey 035D,E09000014,Haringey,12.302,21826,7,0.038,29078,9,0.033,29982,10,2.364,30459,10,-1.316,30931,10,0.351,11148,4,29.623,7225,3,48.083,2238,1
2031,E01002010,Haringey 030C,E09000014,Haringey,20.128,14235,5,0.126,13028,4,0.111,10833,4,7.054,24999,8,-0.173,18719,6,0.542,8514,3,26.377,9832,3,23.354,12884,4
2032,E01002011,Haringey 030D,E09000014,Haringey,21.45,13214,5,0.118,13895,5,0.09,14301,5,7.769,24177,8,-0.495,23360,8,0.922,4212,2,28.07,8368,3,37.638,5115,2
2033,E01002013,Haringey 022A,E09000014,Haringey,12.132,22009,7,0.075,20525,7,0.048,25257,8,0.771,32272,10,-0.35,21452,7,0.101,15124,5,23.258,12920,4,35.163,6159,2
2034,E01002014,Haringey 020B,E09000014,Haringey,21.567,13122,4,0.157,9827,3,0.082,15909,5,5.357,26892,9,0.121,14168,5,0.407,10329,4,28.882,7748,3,33.419,6994,3
2035,E01002015,Haringey 020C,E09000014,Haringey,26.278,9999,4,0.196,6916,3,0.137,7764,3,6.673,25410,8,0.178,13358,5,0.311,11771,4,29.921,7024,3,26.748,10714,4
2036,E01002016,Haringey 028A,E09000014,Haringey,21.589,13101,4,0.163,9397,3,0.101,12399,4,4.303,28160,9,0.092,14642,5,0.217,13234,5,28.982,7673,3,27.976,9967,4
2037,E01002017,Haringey 028B,E09000014,Haringey,23.523,11671,4,0.134,12070,4,0.126,8989,3,6.526,25570,8,-0.447,22728,7,0.936,4067,2,28.46,8060,3,30.661,8434,3
2038,E01002018,Haringey 020D,E09000014,Haringey,26.666,9786,3,0.189,7387,3,0.132,8252,3,6.175,25988,8,0.314,11438,4,0.308,11818,4,27.059,9211,3,35.495,6017,2
2039,E01002019,Haringey 022B,E09000014,Haringey,7.683,27449,9,0.037,29290,9,0.025,31565,10,0.407,32602,10,-1.221,30428,10,0.416,10219,4,22.104,14204,5,27.618,10182,4
2040,E01002020,Haringey 021A,E09000014,Haringey,17.157,16855,6,0.097,16822,6,0.073,17993,6,6.193,25971,8,-0.305,20727,7,0.683,6690,3,25.883,10283,4,30.84,8347,3
2041,E01002021,Haringey 022C,E09000014,Haringey,10.351,24077,8,0.068,21958,7,0.037,28747,9,0.523,32501,10,-0.584,24502,8,-0.212,19799,7,26.462,9740,3,32.599,7414,3
2042,E01002022,Haringey 021B,E09000014,Haringey,14.395,19545,6,0.063,23003,8,0.042,27192,9,3.239,29460,9,-0.664,25511,8,0.828,5144,2,29.646,7214,3,35.744,5923,2
2043,E01002023,Haringey 021C,E09000014,Haringey,15.478,18466,6,0.067,22259,7,0.058,22024,7,1.057,31961,10,-0.255,19944,7,0.908,4317,2,24.388,11727,4,35.683,5946,2
2044,E01002024,Haringey 022D,E09000014,Haringey,17.848,16274,5,0.108,15153,5,0.08,16306,5,1.245,31735,10,-0.07,17098,6,0.683,6699,3,25.354,10788,4,29.299,9217,3
2045,E01002025,Haringey 021D,E09000014,Haringey,7.925,27147,9,0.026,31483,10,0.02,32207,10,0.487,32530,10,-1.317,30939,10,-0.269,20603,7,29.832,7080,3,33.565,6921,3
2046,E01002026,Haringey 016A,E09000014,Haringey,46.325,2796,1,0.293,2443,1,0.2,3148,1,30.662,8302,3,0.269,12073,4,1.663,648,1,35.802,3724,2,32.811,7289,3
2047,E01002027,Haringey 010A,E09000014,Haringey,29.949,8044,3,0.197,6864,3,0.129,8658,3,21.127,13056,4,0.171,13450,5,0.54,8530,3,32.873,5153,2,33.585,6908,3
2048,E01002028,Haringey 010B,E09000014,Haringey,27.129,9520,3,0.146,10888,4,0.094,13517,5,20.962,13163,5,-0.074,17163,6,0.928,4152,2,33.962,4586,2,38.757,4697,2
2049,E01002029,Haringey 016B,E09000014,Haringey,36.32,5426,2,0.205,6336,2,0.138,7667,3,14.531,17740,6,0.225,12704,4,1.688,594,1,40.612,2021,1,31.716,7872,3
2050,E01002030,Haringey 016C,E09000014,Haringey,21.726,12975,4,0.125,13120,4,0.077,17005,6,13.999,18166,6,-0.37,21718,7,0.729,6191,2,34.697,4223,2,31.927,7760,3
2051,E01002031,Haringey 016D,E09000014,Haringey,33.197,6590,3,0.185,7692,3,0.099,12704,4,19.122,14310,5,-0.139,18206,6,1.622,739,1,39.151,2436,1,41.053,3923,2
2052,E01002032,Haringey 010C,E09000014,Haringey,37.492,5050,2,0.213,5962,2,0.148,6779,3,31.206,8107,3,0.182,13302,5,0.849,4883,2,34.536,4305,2,51.773,1611,1
2053,E01002033,Haringey 010D,E09000014,Haringey,38.453,4748,2,0.221,5442,2,0.143,7244,3,26.116,10260,4,0.258,12208,4,1.312,1701,1,42.373,1570,1,35.137,6175,2
2054,E01002034,Haringey 037A,E09000014,Haringey,51.421,1966,1,0.296,2342,1,0.195,3408,2,41.633,4961,2,0.676,7112,3,1.799,413,1,36.626,3359,2,42.882,3429,2
2055,E01002036,Haringey 002A,E09000014,Haringey,55.03,1464,1,0.31,1945,1,0.26,1077,1,35.368,6651,3,0.843,5514,2,1.261,1923,1,41.95,1672,1,36.289,5689,2
2056,E01002037,Haringey 002B,E09000014,Haringey,44.897,3076,1,0.289,2574,1,0.184,4052,2,35.874,6481,2,0.009,15875,5,1.067,3014,1,47.279,664,1,30.593,8462,3
2057,E01002038,Haringey 037B,E09000014,Haringey,46.599,2736,1,0.267,3321,2,0.179,4351,2,49.07,3414,2,0.784,6056,2,1.133,2606,1,39.692,2292,1,31.968,7735,3
2058,E01002039,Haringey 002C,E09000014,Haringey,55.411,1411,1,0.37,711,1,0.251,1268,1,42.514,4752,2,0.608,7840,3,1.243,2010,1,38.443,2678,1,21.866,13937,5
2059,E01002040,Haringey 002D,E09000014,Haringey,46.352,2791,1,0.275,3034,1,0.2,3104,1,30.884,8222,3,0.538,8650,3,1.263,1913,1,42.425,1558,1,32.771,7312,3
2060,E01002041,Haringey 037C,E09000014,Haringey,37.972,4881,2,0.262,3513,2,0.159,5832,2,30.325,8424,3,0.134,13979,5,0.895,4445,2,34.345,4403,2,34.325,6540,2
2061,E01002042,Haringey 027A,E09000014,Haringey,18.696,15502,5,0.118,13987,5,0.064,20524,7,11.816,20125,7,-0.419,22369,7,0.673,6810,3,32.039,5630,2,27.22,10409,4
2062,E01002043,Haringey 026A,E09000014,Haringey,27.374,9360,3,0.154,10130,4,0.09,14225,5,20.289,13610,5,-0.229,19567,6,0.859,4813,2,37.395,3067,1,39.786,4334,2
2063,E01002044,Haringey 027B,E09000014,Haringey,23.921,11412,4,0.13,12476,4,0.071,18493,6,8.691,23202,8,0.017,15739,5,0.94,4025,2,35.806,3721,2,39.067,4600,2
2064,E01002045,Haringey 026B,E09000014,Haringey,28.261,8899,3,0.192,7150,3,0.118,9909,4,17.388,15541,5,-0.23,19575,6,0.516,8846,3,39.075,2460,1,29.979,8826,3
2065,E01002046,Haringey 026C,E09000014,Haringey,31.66,7221,3,0.203,6500,2,0.129,8622,3,19.599,14016,5,0.196,13117,4,0.897,4414,2,34.958,4099,2,32.164,7628,3
2066,E01002047,Haringey 027C,E09000014,Haringey,23.269,11874,4,0.109,15137,5,0.058,22039,7,16.283,16345,5,-0.245,19793,7,1.13,2622,1,34.262,4447,2,41.496,3795,2
2067,E01002048,Haringey 027D,E09000014,Haringey,25.213,10638,4,0.171,8731,3,0.087,14791,5,16.023,16559,6,-0.315,20896,7,0.786,5577,2,32.085,5596,2,36.806,5459,2
2068,E01002049,Haringey 026D,E09000014,Haringey,31.408,7343,3,0.218,5637,2,0.126,8942,3,21.923,12586,4,0.084,14749,5,0.904,4343,2,35.666,3782,2,24.749,11946,4
2069,E01002050,Haringey 029A,E09000014,Haringey,23.366,11791,4,0.104,15816,5,0.08,16426,6,39.579,5471,2,-0.296,20586,7,0.22,13181,5,35.597,3805,2,32.022,7694,3
2070,E01002051,Haringey 029B,E09000014,Haringey,36.525,5369,2,0.201,6610,3,0.142,7306,3,30.646,8307,3,0.195,13136,4,1.282,1827,1,36.824,3260,1,35.717,5935,2
2071,E01002052,Haringey 029C,E09000014,Haringey,28.141,8956,3,0.132,12298,4,0.123,9338,3,45.616,4036,2,-0.592,24608,8,0.379,10761,4,38.886,2522,1,25.428,11510,4
2072,E01002053,Haringey 032A,E09000014,Haringey,36.009,5534,2,0.246,4232,2,0.15,6544,2,27.856,9452,3,0.298,11650,4,0.74,6064,2,34.415,4356,2,33.287,7055,3
2073,E01002054,Haringey 032B,E09000014,Haringey,36.761,5281,2,0.266,3362,2,0.16,5728,2,30.791,8268,3,0.247,12377,4,0.568,8156,3,35.606,3802,2,26.831,10664,4
2074,E01002055,Haringey 029D,E09000014,Haringey,23.338,11825,4,0.098,16684,6,0.073,18046,6,32.243,7724,3,-0.397,22074,7,0.753,5908,2,36.179,3547,2,33.213,7096,3
2075,E01002056,Haringey 032C,E09000014,Haringey,29.031,8479,3,0.195,7003,3,0.108,11316,4,17.797,15274,5,0.02,15695,5,0.743,6024,2,37.63,2963,1,31.307,8101,3
2076,E01002057,Haringey 032D,E09000014,Haringey,22.792,12189,4,0.167,9006,3,0.083,15755,5,18.536,14746,5,-0.334,21193,7,0.346,11225,4,34.825,4159,2,26.247,11021,4
2077,E01002058,Haringey 031D,E09000014,Haringey,24.777,10897,4,0.151,10371,4,0.083,15549,5,11.849,20090,7,-0.152,18424,6,0.803,5378,2,37.223,3122,1,34.565,6444,2
2078,E01002059,Haringey 028C,E09000014,Haringey,21.23,13380,5,0.152,10304,4,0.105,11686,4,3.523,29101,9,-0.092,17450,6,0.219,13195,5,31.201,6158,2,27.859,10043,4
2079,E01002060,Haringey 028D,E09000014,Haringey,11.93,22247,7,0.083,18991,6,0.061,21091,7,3.817,28741,9,-0.767,26653,9,-0.202,19645,6,26.791,9466,3,25.188,11660,4
2080,E01002061,Haringey 036A,E09000014,Haringey,14.12,19827,7,0.08,19506,6,0.055,23264,8,1.395,31581,10,-0.58,24449,8,0.513,8899,3,27.71,8680,3,33.337,7036,3
2081,E01002062,Haringey 034D,E09000014,Haringey,15.762,18183,6,0.088,18149,6,0.063,20820,7,1.962,30932,10,-0.707,25988,8,0.457,9657,3,27.389,8923,3,40.456,4119,2
2082,E01002063,Haringey 036B,E09000014,Haringey,21.851,12876,4,0.124,13230,5,0.101,12404,4,6.232,25914,8,0.095,14596,5,0.61,7592,3,31.776,5797,2,28.001,9952,4
2083,E01002064,Haringey 036C,E09000014,Haringey,30.894,7606,3,0.214,5892,2,0.136,7923,3,10.962,20934,7,0.138,13915,5,1.124,2648,1,32.597,5329,2,26.522,10852,4
2084,E01002065,Haringey 036D,E09000014,Haringey,27.623,9234,3,0.14,11415,4,0.098,12848,4,8.814,23064,8,0.443,9799,3,1.044,3192,1,32.279,5480,2,40.992,3947,2
2085,E01002066,Haringey 025A,E09000014,Haringey,47.93,2497,1,0.331,1416,1,0.203,2979,1,24.745,10971,4,0.4,10320,4,1.412,1313,1,38.431,2685,1,31.663,7903,3
2086,E01002067,Haringey 024A,E09000014,Haringey,39.987,4260,2,0.284,2751,1,0.171,4952,2,28.772,9075,3,0.028,15586,5,1.023,3352,2,34.882,4134,2,34.335,6531,2
2087,E01002068,Haringey 025B,E09000014,Haringey,31.663,7220,3,0.185,7694,3,0.114,10434,4,22.25,12379,4,0.067,14994,5,1.252,1963,1,35.939,3670,2,32.725,7338,3
2088,E01002069,Haringey 024B,E09000014,Haringey,39.957,4272,2,0.222,5435,2,0.137,7744,3,36.567,6290,2,0.314,11434,4,1.495,1082,1,39.371,2382,1,36.372,5638,2
2089,E01002070,Haringey 024C,E09000014,Haringey,26.2,10051,4,0.143,11129,4,0.079,16561,6,18.723,14616,5,-0.467,22979,7,0.912,4276,2,36.791,3274,1,44.298,3077,1
2090,E01002071,Haringey 025C,E09000014,Haringey,53.253,1685,1,0.347,1075,1,0.182,4193,2,34.343,6996,3,1.218,2776,1,1.671,628,1,35.922,3674,2,33.601,6896,3
2091,E01002072,Haringey 025D,E09000014,Haringey,35.991,5544,2,0.21,6056,2,0.126,8929,3,18.019,15122,5,-0.28,20356,7,1.618,749,1,37.65,2958,1,46.206,2625,1
2092,E01002073,Haringey 024D,E09000014,Haringey,39.358,4466,2,0.244,4314,2,0.116,10256,4,32.283,7710,3,0.406,10239,4,1.593,803,1,37.896,2875,1,35.453,6035,2
2093,E01002074,Haringey 012A,E09000014,Haringey,40.305,4179,2,0.269,3256,1,0.168,5118,2,34.423,6971,3,0.215,12851,4,0.8,5418,2,38.66,2601,1,33.898,6741,3
2094,E01002075,Haringey 015A,E09000014,Haringey,33.971,6284,2,0.202,6517,2,0.137,7765,3,35.61,6579,3,0.183,13287,5,0.464,9573,3,42.042,1653,1,28.293,9788,3
2095,E01002076,Haringey 015B,E09000014,Haringey,33.273,6556,2,0.22,5559,2,0.132,8255,3,25.867,10385,4,-0.058,16918,6,0.746,5984,2,40.497,2050,1,30.895,8315,3
2096,E01002077,Haringey 012B,E09000014,Haringey,37.884,4915,2,0.242,4370,2,0.121,9511,3,34.596,6909,3,-0.032,16478,6,1.422,1277,1,34.078,4534,2,41.355,3840,2
2097,E01002078,Haringey 015C,E09000014,Haringey,34.316,6136,2,0.214,5840,2,0.124,9238,3,21.291,12976,4,-0.026,16393,5,0.525,8729,3,48.523,510,1,38.458,4817,2
2098,E01002079,Haringey 012C,E09000014,Haringey,26.303,9991,4,0.169,8908,3,0.095,13378,5,26.811,9910,4,-0.107,17684,6,0.549,8411,3,36.189,3541,2,26.174,11056,4
2099,E01002080,Haringey 015D,E09000014,Haringey,30.562,7760,3,0.206,6310,2,0.1,12568,4,14.981,17372,6,-0.176,18760,6,0.799,5428,2,42.498,1542,1,38.902,4646,2
2100,E01002081,Haringey 012D,E09000014,Haringey,45.491,2971,1,0.309,1958,1,0.16,5689,2,36.889,6221,2,0.047,15286,5,1.625,732,1,38.129,2792,1,36.103,5771,2
2101,E01002082,Haringey 013A,E09000014,Haringey,64.677,546,1,0.437,179,1,0.311,356,1,34.947,6781,3,0.771,6165,2,1.203,2223,1,47.191,677,1,24.751,11944,4
2102,E01002083,Haringey 019A,E09000014,Haringey,17.724,16376,5,0.113,14580,5,0.068,19306,6,8.985,22872,7,-0.197,19084,6,0.39,10613,4,28.756,7848,3,30.453,8548,3
2103,E01002084,Haringey 019B,E09000014,Haringey,27.171,9491,3,0.156,9933,4,0.097,13012,4,18.019,15123,5,-0.048,16753,6,1.2,2230,1,32.832,5175,2,30.529,8497,3
2104,E01002085,Haringey 019C,E09000014,Haringey,28.237,8908,3,0.191,7249,3,0.092,14008,5,15.005,17355,6,-0.27,20198,7,1.029,3302,2,37.45,3040,1,34.624,6417,2
2105,E01002086,Haringey 013B,E09000014,Haringey,33.019,6661,3,0.228,5098,2,0.139,7590,3,22.479,12251,4,-0.031,16475,6,0.807,5338,2,35.737,3755,2,32.552,7439,3
2106,E01002087,Haringey 019D,E09000014,Haringey,35.342,5776,2,0.233,4853,2,0.145,6980,3,13.222,18856,6,0.116,14281,5,1.132,2609,1,37.129,3161,1,38.354,4857,2
2107,E01002088,Haringey 013C,E09000014,Haringey,24.185,11266,4,0.115,14260,5,0.06,21387,7,28.963,8984,3,-0.387,21957,7,0.9,4388,2,33.299,4940,2,42.724,3476,2
2108,E01002089,Haringey 013D,E09000014,Haringey,46.961,2662,1,0.347,1073,1,0.226,2043,1,39.292,5560,2,0.325,11269,4,0.122,14776,5,38.947,2498,1,23.988,12432,4
2109,E01002090,Haringey 005A,E09000014,Haringey,39.501,4418,2,0.242,4413,2,0.153,6247,2,32.474,7629,3,0.188,13224,5,0.567,8173,3,49.099,438,1,34.399,6515,2
2110,E01002091,Haringey 006A,E09000014,Haringey,41.384,3886,2,0.274,3078,1,0.166,5256,2,37.155,6149,2,0.293,11729,4,0.844,4955,2,41.156,1886,1,30.748,8386,3
2111,E01002092,Haringey 006B,E09000014,Haringey,35.887,5577,2,0.26,3586,2,0.131,8409,3,25.864,10387,4,0.141,13876,5,0.853,4862,2,39.66,2303,1,29.667,9015,3
2112,E01002093,Haringey 005B,E09000014,Haringey,46.889,2674,1,0.284,2731,1,0.193,3508,2,35.688,6552,2,0.449,9735,3,1.103,2781,1,42.611,1518,1,39.16,4561,2
2113,E01002094,Haringey 006C,E09000014,Haringey,41.188,3922,2,0.263,3471,2,0.15,6583,3,33.513,7267,3,0.001,16008,5,1.355,1523,1,40.63,2013,1,36.42,5616,2
2114,E01002095,Haringey 006D,E09000014,Haringey,46.919,2671,1,0.302,2141,1,0.169,5063,2,35.944,6452,2,0.136,13933,5,1.653,669,1,40.295,2117,1,39.115,4581,2
2115,E01002096,Haringey 005C,E09000014,Haringey,43.303,3397,2,0.258,3658,2,0.159,5765,2,27.115,9767,3,0.429,9959,4,1.087,2886,1,46.603,790,1,41.818,3708,2
2116,E01002097,Haringey 005D,E09000014,Haringey,42.169,3670,2,0.277,2953,1,0.147,6840,3,28.321,9260,3,0.009,15870,5,1.028,3319,2,43.354,1358,1,48.773,2120,1
2117,E01002098,Haringey 007A,E09000014,Haringey,21.989,12784,4,0.146,10886,4,0.08,16411,5,7.977,23973,8,-0.063,16984,6,0.567,8170,3,30.05,6936,3,37.378,5228,2
2118,E01002099,Haringey 008A,E09000014,Haringey,40.472,4119,2,0.281,2843,1,0.157,5969,2,24.136,11276,4,0.851,5432,2,0.494,9147,3,45.747,933,1,21.931,13894,5
2119,E01002100,Haringey 008B,E09000014,Haringey,33.809,6336,2,0.19,7288,3,0.122,9437,3,29.174,8907,3,-0.022,16335,5,0.929,4141,2,41.682,1733,1,37.353,5235,2
2120,E01002101,Haringey 007B,E09000014,Haringey,21.555,13136,4,0.111,14810,5,0.07,18720,6,23.241,11767,4,-0.175,18746,6,0.307,11832,4,37.553,2996,1,30.655,8438,3
2121,E01002102,Haringey 007C,E09000014,Haringey,28.079,8989,3,0.166,9126,3,0.088,14588,5,16.23,16382,5,0.033,15496,5,1.043,3202,1,36.918,3230,1,36.359,5647,2
2122,E01002103,Haringey 008C,E09000014,Haringey,25.598,10425,4,0.131,12372,4,0.08,16415,5,19.109,14316,5,-0.016,16248,5,0.743,6025,2,41.593,1753,1,32.808,7291,3
2123,E01002104,Haringey 008D,E09000014,Haringey,25.485,10478,4,0.161,9575,3,0.1,12513,4,20.478,13485,5,-0.436,22579,7,0.592,7836,3,38.093,2805,1,28.585,9617,3
2124,E01002105,Haringey 007D,E09000014,Haringey,27.986,9038,3,0.144,11107,4,0.086,15035,5,17.191,15667,5,-0.114,17798,6,1.16,2461,1,41.905,1685,1,33.966,6706,3
2125,E01032575,Haringey 037D,E09000014,Haringey,37.628,4997,2,0.253,3898,2,0.156,6010,2,31.875,7862,3,0.098,14538,5,1.011,3433,2,36.963,3215,1,27.592,10201,4
2126,E01033085,Haringey 020E,E09000014,Haringey,28.414,8816,3,0.146,10885,4,0.075,17589,6,12.379,19589,6,0.129,14033,5,0.23,13025,4,52.819,112,1,43.872,3188,1
2127,E01033086,Haringey 020F,E09000014,Haringey,41.863,3764,2,0.291,2499,1,0.191,3644,2,34.493,6946,3,0.783,6067,2,0.532,8646,3,34.426,4351,2,21.286,14342,5
2128,E01002106,Harrow 008A,E09000015,Harrow,10.431,23970,8,0.067,22206,7,0.051,24387,8,6.833,25217,8,-1.407,31370,10,-0.007,16781,6,30.744,6443,2,15.675,18679,6
2129,E01002107,Harrow 012A,E09000015,Harrow,6.404,28989,9,0.051,25841,8,0.038,28393,9,3.803,28759,9,-1.655,32117,10,-0.391,22333,7,23.259,12919,4,15.782,18596,6
2130,E01002108,Harrow 008B,E09000015,Harrow,8.475,26452,9,0.075,20477,7,0.039,28296,9,4.734,27633,9,-1.289,30807,10,-0.711,26344,9,27.876,8542,3,17.029,17565,6
2131,E01002109,Harrow 008C,E09000015,Harrow,9.025,25766,8,0.066,22415,7,0.034,29568,10,1.599,31331,10,-1.457,31564,10,-0.31,21182,7,32.938,5119,2,19.167,15912,5
2132,E01002110,Harrow 008D,E09000015,Harrow,7.616,27531,9,0.07,21500,7,0.038,28405,9,3.28,29406,9,-1.562,31886,10,-0.722,26467,9,26.271,9915,4,17.231,17415,6
2133,E01002111,Harrow 008E,E09000015,Harrow,14.889,19020,6,0.104,15799,5,0.074,17777,6,7.74,24199,8,-1.498,31695,10,0.004,16604,6,33.033,5056,2,21.138,14452,5
2134,E01002112,Harrow 001A,E09000015,Harrow,6.325,29072,9,0.068,21940,7,0.033,29834,10,2.96,29782,10,-1.751,32305,10,-0.565,24645,8,22.041,14278,5,14.469,19686,6
2135,E01002113,Harrow 002A,E09000015,Harrow,15.928,18020,6,0.126,12974,4,0.098,12815,4,6.224,25929,8,-0.942,28337,9,-0.524,24107,8,32.133,5560,2,13.265,20816,7
2136,E01002114,Harrow 001B,E09000015,Harrow,21.757,12948,4,0.162,9499,3,0.071,18601,6,8.391,23538,8,-0.698,25915,8,-0.275,20680,7,54.392,75,1,12.918,21124,7
2137,E01002115,Harrow 002B,E09000015,Harrow,12.933,21124,7,0.086,18491,6,0.057,22438,7,5.041,27246,9,-1.333,31028,10,-0.093,18038,6,38.164,2781,1,14.349,19819,7
2138,E01002116,Harrow 002C,E09000015,Harrow,8.59,26311,9,0.053,25464,8,0.027,31326,10,1.948,30952,10,-1.749,32301,10,-0.359,21873,7,38.688,2587,1,11.793,22182,7
2139,E01002117,Harrow 002D,E09000015,Harrow,16.338,17612,6,0.12,13665,5,0.086,14981,5,4.381,28059,9,-1.117,29719,10,-0.267,20574,7,38.232,2756,1,14.895,19303,6
2140,E01002118,Harrow 002E,E09000015,Harrow,18.653,15531,5,0.109,15041,5,0.056,22699,7,10.702,21177,7,-0.417,22351,7,0.5,9077,3,42.143,1630,1,20.514,14892,5
2141,E01002119,Harrow 007A,E09000015,Harrow,19.348,14963,5,0.151,10387,4,0.073,18086,6,13.634,18480,6,-1.106,29639,10,0.343,11277,4,35.816,3717,2,21.322,14316,5
2142,E01002120,Harrow 007B,E09000015,Harrow,31.648,7228,3,0.216,5741,2,0.133,8145,3,18.661,14654,5,-0.038,16585,6,-0.11,18285,6,52.041,146,1,18.573,16372,5
2143,E01002121,Harrow 007C,E09000015,Harrow,11.816,22384,7,0.077,20128,7,0.046,25884,8,9.047,22807,7,-1.468,31596,10,0.045,15978,5,33.371,4894,2,18.395,16516,6
2144,E01002122,Harrow 007D,E09000015,Harrow,15.646,18298,6,0.082,19131,6,0.04,27975,9,12.071,19879,7,-1.088,29499,9,0.909,4306,2,33.195,4989,2,25.163,11676,4
2145,E01002123,Harrow 007E,E09000015,Harrow,17.052,16942,6,0.098,16550,6,0.049,24927,8,14.926,17406,6,-1.165,30071,10,0.523,8750,3,35.613,3800,2,30.357,8599,3
2146,E01002124,Harrow 010A,E09000015,Harrow,14.394,19547,6,0.08,19507,6,0.051,24429,8,19.604,14013,5,-0.938,28300,9,-0.023,17042,6,32.617,5315,2,24.14,12325,4
2147,E01002125,Harrow 010B,E09000015,Harrow,15.476,18470,6,0.087,18327,6,0.049,24939,8,17.948,15170,5,-1.441,31505,10,0.528,8701,3,34.125,4510,2,21.684,14055,5
2148,E01002126,Harrow 023A,E09000015,Harrow,14.665,19272,6,0.104,15746,5,0.049,24910,8,1.957,30939,10,-0.861,27595,9,0.248,12747,4,36.099,3583,2,26.397,10926,4
2149,E01002127,Harrow 023B,E09000015,Harrow,13.278,20756,7,0.08,19482,6,0.059,21855,7,2.644,30167,10,-0.877,27783,9,-0.121,18467,6,33.41,4871,2,29.179,9285,3
2150,E01002128,Harrow 020A,E09000015,Harrow,17.805,16310,5,0.11,14968,5,0.085,15186,5,4.454,27972,9,-0.31,20802,7,0.077,15465,5,31.847,5752,2,30.699,8413,3
2151,E01002129,Harrow 023C,E09000015,Harrow,17.895,16216,5,0.12,13682,5,0.081,16154,5,4.968,27338,9,-0.787,26866,9,0.436,9961,4,33.084,5029,2,26.58,10823,4
2152,E01002130,Harrow 020B,E09000015,Harrow,24.584,11018,4,0.196,6931,3,0.092,13880,5,3.782,28784,9,-0.116,17835,6,0.491,9191,3,35.062,4062,2,33.396,7006,3
2153,E01002131,Harrow 023D,E09000015,Harrow,28.704,8650,3,0.192,7188,3,0.126,8937,3,14.127,18050,6,0.302,11600,4,-0.487,23587,8,48.646,492,1,15.335,18925,6
2154,E01002132,Harrow 029A,E09000015,Harrow,9.26,25446,8,0.063,23114,8,0.039,28268,9,1.324,31654,10,-2.121,32683,10,0.121,14789,5,30.491,6616,3,19.785,15454,5
2155,E01002133,Harrow 027A,E09000015,Harrow,33.059,6641,3,0.234,4812,2,0.141,7370,3,21.093,13073,4,-0.212,19303,6,0.401,10435,4,48.872,465,1,18.292,16585,6
2156,E01002134,Harrow 029B,E09000015,Harrow,9.184,25562,8,0.066,22410,7,0.049,25183,8,1.771,31134,10,-1.191,30232,10,-0.109,18270,6,29.76,7130,3,14.341,19824,7
2157,E01002135,Harrow 029C,E09000015,Harrow,15.16,18752,6,0.109,15136,5,0.067,19493,6,11.038,20855,7,-0.897,27950,9,-0.18,19344,6,31.996,5657,2,23.216,12973,4
2158,E01002136,Harrow 027B,E09000015,Harrow,12.828,21233,7,0.095,17147,6,0.054,23416,8,3.09,29627,10,-1.594,31969,10,0.572,8101,3,27.339,8958,3,21.731,14020,5
2159,E01002137,Harrow 029D,E09000015,Harrow,4.693,30813,10,0.02,32214,10,0.014,32616,10,5.879,26292,9,-1.537,31808,10,-1.142,30115,10,22.542,13709,5,21.553,14151,5
2160,E01002138,Harrow 027C,E09000015,Harrow,17.468,16583,6,0.13,12556,4,0.071,18440,6,5.872,26302,9,-1.218,30406,10,0.678,6758,3,30.655,6496,2,24.703,11970,4
2161,E01002139,Harrow 006A,E09000015,Harrow,30.759,7669,3,0.225,5250,2,0.145,6987,3,25.908,10365,4,-0.209,19255,6,0.452,9735,3,38.172,2778,1,15.546,18775,6
2162,E01002140,Harrow 005A,E09000015,Harrow,18.298,15873,5,0.135,12014,4,0.081,16092,5,9.874,21965,7,-0.445,22701,7,0.538,8569,3,29.489,7313,3,16.977,17605,6
2163,E01002141,Harrow 005B,E09000015,Harrow,15.108,18818,6,0.115,14301,5,0.079,16602,6,5.736,26459,9,-1.313,30917,10,0.205,13410,5,31.509,5961,2,15.505,18803,6
2164,E01002142,Harrow 005C,E09000015,Harrow,14.391,19554,6,0.107,15407,5,0.061,21195,7,3.24,29458,9,-1.125,29772,10,0.204,13425,5,34.875,4137,2,19.596,15606,5
2165,E01002143,Harrow 005D,E09000015,Harrow,19.971,14373,5,0.139,11603,4,0.084,15390,5,14.457,17786,6,-0.42,22385,7,0.252,12706,4,30.301,6756,3,28.501,9670,3
2166,E01002144,Harrow 004A,E09000015,Harrow,13.848,20101,7,0.078,20003,7,0.05,24566,8,5.577,26628,9,-1.235,30516,10,0.048,15925,5,42.709,1490,1,17.471,17233,6
2167,E01002145,Harrow 005E,E09000015,Harrow,15.781,18154,6,0.11,14989,5,0.084,15460,5,5.359,26886,9,-0.33,21125,7,-0.535,24259,8,35.522,3843,2,13.519,20563,7
2168,E01002146,Harrow 004B,E09000015,Harrow,3.585,31847,10,0.038,28984,9,0.021,32171,10,1.644,31270,10,-1.726,32259,10,-0.501,23815,8,17.981,19163,6,11.785,22192,7
2169,E01002147,Harrow 004C,E09000015,Harrow,8.814,26037,8,0.051,25940,8,0.028,31124,10,0.97,32051,10,-1.316,30934,10,-0.707,26285,9,39.417,2369,1,16.992,17591,6
2170,E01002148,Harrow 006B,E09000015,Harrow,10.409,24001,8,0.099,16488,6,0.055,23094,8,4.529,27869,9,-1.088,29504,9,-0.253,20397,7,24.669,11464,4,14.492,19663,6
2171,E01002149,Harrow 004D,E09000015,Harrow,4.585,30915,10,0.033,30304,10,0.019,32347,10,0.505,32514,10,-1.927,32543,10,-0.481,23507,8,27.04,9232,3,10.345,23711,8
2172,E01002150,Harrow 006C,E09000015,Harrow,10.748,23608,8,0.081,19325,6,0.055,22931,7,3.611,28991,9,-0.661,25493,8,-0.82,27498,9,30.145,6859,3,18.341,16555,6
2173,E01002151,Harrow 006D,E09000015,Harrow,34.105,6225,2,0.239,4545,2,0.183,4111,2,27.834,9466,3,-0.004,16084,5,0.116,14883,5,35.614,3798,2,23.253,12954,4
2174,E01002152,Harrow 006E,E09000015,Harrow,6.412,28974,9,0.044,27662,9,0.034,29527,9,0.553,32475,10,-1.446,31523,10,-1.19,30409,10,32.827,5179,2,12.155,21830,7
2175,E01002153,Harrow 019A,E09000015,Harrow,5.724,29775,10,0.047,26910,9,0.046,25930,8,1.584,31351,10,-1.545,31831,10,-0.955,28742,9,21.223,15235,5,17.64,17104,6
2176,E01002154,Harrow 015A,E09000015,Harrow,12.679,21403,7,0.105,15570,5,0.056,22723,7,3.819,28739,9,-1.105,29628,10,0.389,10626,4,26.553,9666,3,17.73,17027,6
2177,E01002155,Harrow 019B,E09000015,Harrow,6.903,28451,9,0.039,28954,9,0.036,29055,9,1.17,31819,10,-1.322,30969,10,-0.574,24772,8,31.27,6107,2,16.662,17854,6
2178,E01002156,Harrow 015B,E09000015,Harrow,6.923,28427,9,0.056,24751,8,0.051,24498,8,2.038,30849,10,-1.251,30609,10,-0.344,21661,7,23.39,12770,4,10.724,23292,8
2179,E01002157,Harrow 019C,E09000015,Harrow,10.935,23409,8,0.098,16563,6,0.055,23107,8,3.506,29121,9,-1.27,30701,10,-0.119,18416,6,26.94,9321,3,16.312,18133,6
2180,E01002158,Harrow 019D,E09000015,Harrow,6.038,29427,9,0.038,29141,9,0.029,30850,10,1.153,31844,10,-1.149,29940,10,-0.604,25131,8,30.265,6782,3,12.531,21478,7
2181,E01002159,Harrow 021A,E09000015,Harrow,12.955,21098,7,0.11,14911,5,0.079,16574,6,2.332,30496,10,-1.063,29314,9,-0.518,24037,8,28.574,7982,3,16.859,17703,6
2182,E01002160,Harrow 021B,E09000015,Harrow,13.132,20906,7,0.117,14077,5,0.068,19220,6,2.659,30150,10,-1.614,32021,10,-0.271,20638,7,29.433,7356,3,20.786,14706,5
2183,E01002161,Harrow 021C,E09000015,Harrow,14.683,19247,6,0.14,11499,4,0.073,18084,6,3.208,29498,9,-0.828,27275,9,-0.354,21803,7,31.17,6178,2,14.939,19262,6
2184,E01002162,Harrow 015C,E09000015,Harrow,17.756,16353,5,0.14,11425,4,0.077,17120,6,4.618,27768,9,-0.704,25966,8,-0.535,24257,8,38.876,2528,1,24.186,12299,4
2185,E01002163,Harrow 015D,E09000015,Harrow,11.162,23147,8,0.079,19729,7,0.062,21019,7,2.975,29765,10,-1.077,29418,9,-0.096,18077,6,30.441,6647,3,14.615,19554,6
2186,E01002164,Harrow 021D,E09000015,Harrow,8.835,26005,8,0.066,22446,7,0.045,26266,8,2.059,30823,10,-1.419,31415,10,-0.17,19214,6,28.487,8046,3,17.658,17088,6
2187,E01002165,Harrow 017A,E09000015,Harrow,14.602,19339,6,0.077,20104,7,0.058,22186,7,12.81,19199,6,-1.279,30757,10,-0.163,19089,6,39.753,2273,1,21.449,14224,5
2188,E01002166,Harrow 017B,E09000015,Harrow,13.325,20715,7,0.121,13597,5,0.043,27032,9,12.965,19077,6,-1.009,28908,9,-0.493,23687,8,32.209,5520,2,18.375,16537,6
2189,E01002167,Harrow 017C,E09000015,Harrow,20.304,14079,5,0.136,11842,4,0.066,19899,7,21.787,12677,4,-0.744,26397,9,-0.094,18048,6,38.215,2766,1,30.132,8727,3
2190,E01002168,Harrow 017D,E09000015,Harrow,26.025,10183,4,0.193,7115,3,0.102,12125,4,20.12,13700,5,-0.256,19958,7,-0.063,17582,6,42.249,1600,1,22.148,13749,5
2191,E01002169,Harrow 017E,E09000015,Harrow,18.14,16024,5,0.123,13326,5,0.06,21385,7,14.488,17769,6,-1.196,30262,10,0.139,14498,5,41.13,1891,1,22.377,13596,5
2192,E01002170,Harrow 033A,E09000015,Harrow,16.493,17473,6,0.11,14956,5,0.069,19009,6,17.138,15708,5,-0.95,28406,9,-0.359,21885,7,35.876,3691,2,21.001,14565,5
2193,E01002171,Harrow 033B,E09000015,Harrow,11.431,22823,7,0.073,20962,7,0.045,26447,9,9.124,22734,7,-1.288,30800,10,-0.763,26929,9,36.681,3337,2,20.315,15037,5
2194,E01002172,Harrow 033C,E09000015,Harrow,12.818,21241,7,0.08,19593,6,0.053,23897,8,13.345,18724,6,-1.119,29734,10,-0.564,24633,8,34.681,4229,2,21.284,14343,5
2195,E01002173,Harrow 033D,E09000015,Harrow,13.645,20318,7,0.104,15823,5,0.06,21518,7,7.754,24189,8,-1.108,29661,10,-0.724,26500,9,37.58,2984,1,15.973,18450,6
2196,E01002174,Harrow 033E,E09000015,Harrow,10.279,24165,8,0.08,19645,6,0.046,26142,8,6.633,25446,8,-1.399,31337,10,-0.569,24704,8,30.213,6820,3,21.085,14495,5
2197,E01002175,Harrow 033F,E09000015,Harrow,11.584,22661,7,0.078,19882,7,0.042,27146,9,8.411,23512,8,-0.921,28154,9,-0.379,22162,7,35.014,4085,2,18.576,16368,5
2198,E01002176,Harrow 033G,E09000015,Harrow,12.914,21152,7,0.064,22776,7,0.054,23557,8,8.951,22917,7,-1.137,29857,10,0.148,14339,5,35.325,3926,2,22.588,13417,5
2199,E01002177,Harrow 033H,E09000015,Harrow,13.931,20015,7,0.117,14097,5,0.052,23988,8,7.255,24749,8,-1.115,29702,10,0.093,15230,5,31.283,6098,2,21.609,14114,5
2200,E01002178,Harrow 033I,E09000015,Harrow,10.016,24508,8,0.077,20074,7,0.05,24711,8,4.837,27505,9,-1.197,30265,10,-0.158,19010,6,25.803,10358,4,21.021,14549,5
2201,E01002179,Harrow 013A,E09000015,Harrow,21.12,13474,5,0.15,10526,4,0.09,14377,5,11.441,20473,7,-0.561,24196,8,0.092,15248,5,41.259,1846,1,18.498,16430,6
2202,E01002180,Harrow 013B,E09000015,Harrow,26.863,9672,3,0.189,7392,3,0.112,10796,4,16.471,16216,5,-0.571,24342,8,0.239,12887,4,46.85,737,1,19.51,15666,5
2203,E01002181,Harrow 020C,E09000015,Harrow,12.446,21668,7,0.103,15937,5,0.063,20728,7,5.733,26462,9,-1.275,30736,10,-0.212,19803,7,28.235,8238,3,20.185,15139,5
2204,E01002182,Harrow 020D,E09000015,Harrow,14.672,19260,6,0.106,15491,5,0.07,18868,6,4.286,28185,9,-0.892,27917,9,-0.06,17543,6,30.999,6273,2,26.64,10783,4
2205,E01002183,Harrow 013C,E09000015,Harrow,19.148,15115,5,0.138,11676,4,0.067,19475,6,12.96,19082,6,-0.587,24545,8,0.168,14034,5,36.945,3223,1,25.515,11470,4
2206,E01002184,Harrow 013D,E09000015,Harrow,18.565,15620,5,0.146,10887,4,0.069,18931,6,10.656,21214,7,-1.056,29265,9,-0.043,17339,6,40.565,2038,1,19.825,15431,5
2207,E01002185,Harrow 009A,E09000015,Harrow,30.631,7721,3,0.239,4555,2,0.136,7860,3,19.487,14092,5,-0.595,24649,8,0.206,13400,5,46.476,807,1,16.245,18203,6
2208,E01002186,Harrow 009B,E09000015,Harrow,18.625,15554,5,0.123,13313,5,0.111,10877,4,6.551,25543,8,-0.467,22972,7,-0.123,18486,6,34.331,4413,2,16.54,17952,6
2209,E01002187,Harrow 009C,E09000015,Harrow,12.416,21695,7,0.078,19858,7,0.069,19138,6,3.844,28716,9,-1.038,29123,9,-0.61,25192,8,37.989,2839,1,11.578,22403,7
2210,E01002188,Harrow 016A,E09000015,Harrow,3.181,32125,10,0.02,32265,10,0.014,32627,10,0.431,32580,10,-1.886,32505,10,-0.786,27170,9,21.455,14948,5,13.127,20932,7
2211,E01002189,Harrow 016B,E09000015,Harrow,5.666,29842,10,0.048,26771,9,0.027,31308,10,0.651,32393,10,-1.606,32001,10,-0.849,27786,9,27.042,9229,3,16.418,18052,6
2212,E01002190,Harrow 009D,E09000015,Harrow,6.159,29270,9,0.031,30648,10,0.028,30995,10,0.887,32141,10,-1.766,32327,10,-0.447,23077,8,34.374,4386,2,8.427,25713,8
2213,E01002191,Harrow 022A,E09000015,Harrow,6.486,28891,9,0.056,24578,8,0.032,30128,10,1.379,31609,10,-1.872,32486,10,-0.328,21437,7,26.587,9639,3,13.272,20807,7
2214,E01002192,Harrow 016C,E09000015,Harrow,6.662,28705,9,0.046,27014,9,0.035,29310,9,0.636,32404,10,-1.614,32023,10,-0.268,20592,7,28.961,7697,3,13.333,20740,7
2215,E01002193,Harrow 016D,E09000015,Harrow,10.973,23375,8,0.086,18589,6,0.071,18467,6,2.683,30121,10,-1.123,29756,10,-0.44,22983,7,28.985,7669,3,11.602,22380,7
2216,E01002194,Harrow 022B,E09000015,Harrow,5.407,30112,10,0.042,28129,9,0.043,27107,9,0.679,32364,10,-1.758,32318,10,-0.551,24476,8,23.636,12509,4,12.621,21396,7
2217,E01002195,Harrow 022C,E09000015,Harrow,5.73,29769,10,0.056,24766,8,0.035,29245,9,2.309,30516,10,-1.505,31718,10,-0.48,23495,8,21.786,14573,5,13.231,20847,7
2218,E01002196,Harrow 022D,E09000015,Harrow,5.376,30139,10,0.045,27495,9,0.026,31441,10,0.626,32418,10,-1.725,32257,10,-0.699,26207,8,25.87,10302,4,16.369,18082,6
2219,E01002197,Harrow 012B,E09000015,Harrow,11.996,22180,7,0.091,17777,6,0.058,22230,7,9.371,22502,7,-0.974,28601,9,-0.951,28718,9,32.736,5242,2,16.234,18210,6
2220,E01002198,Harrow 010C,E09000015,Harrow,13.235,20803,7,0.082,19180,6,0.043,26895,9,14.277,17916,6,-1.716,32242,10,0.005,16592,6,35.79,3731,2,20.859,14657,5
2221,E01002199,Harrow 012C,E09000015,Harrow,10.429,23974,8,0.089,18096,6,0.049,25030,8,8.294,23647,8,-1.259,30654,10,-0.589,24967,8,28.722,7877,3,16.332,18112,6
2222,E01002200,Harrow 010D,E09000015,Harrow,15.948,17997,6,0.09,17916,6,0.043,27097,9,11.032,20860,7,-1.355,31133,10,0.39,10608,4,43.248,1374,1,21.304,14332,5
2223,E01002201,Harrow 012D,E09000015,Harrow,9.749,24820,8,0.075,20448,7,0.04,27939,9,4.554,27844,9,-1.168,30089,10,-0.119,18419,6,28.339,8159,3,20.181,15144,5
2224,E01002202,Harrow 012E,E09000015,Harrow,18.335,15836,5,0.124,13220,5,0.068,19295,6,15.143,17254,6,-1.093,29545,9,-0.393,22364,7,42.889,1451,1,21.661,14079,5
2225,E01002203,Harrow 010E,E09000015,Harrow,13.064,20984,7,0.091,17813,6,0.037,28684,9,12.501,19498,6,-1.689,32200,10,-0.392,22344,7,39.896,2219,1,17.783,16988,6
2226,E01002204,Harrow 032A,E09000015,Harrow,13.986,19969,7,0.107,15402,5,0.055,23099,8,7.801,24148,8,-0.9,27975,9,-0.345,21679,7,31.801,5777,2,27.66,10155,4
2227,E01002206,Harrow 032B,E09000015,Harrow,14.258,19682,6,0.111,14853,5,0.063,20610,7,5.801,26391,9,-1.022,28995,9,0.506,9007,3,26.682,9579,3,19.397,15747,5
2228,E01002207,Harrow 032C,E09000015,Harrow,11.844,22350,7,0.095,17079,6,0.051,24284,8,6.621,25459,8,-1.126,29777,10,-0.136,18681,6,30.52,6595,3,17.841,16949,6
2229,E01002208,Harrow 025A,E09000015,Harrow,4.958,30543,10,0.036,29527,9,0.028,31126,10,0.645,32397,10,-1.411,31377,10,-0.853,27821,9,26.886,9383,3,13.636,20464,7
2230,E01002209,Harrow 025B,E09000015,Harrow,9.946,24598,8,0.073,20892,7,0.053,23661,8,3.243,29456,9,-1.206,30325,10,-0.377,22116,7,30.407,6674,3,16.411,18056,6
2231,E01002210,Harrow 032D,E09000015,Harrow,8.478,26446,9,0.066,22423,7,0.04,27819,9,4.16,28334,9,-1.317,30946,10,-0.36,21889,7,27.888,8531,3,17.86,16938,6
2232,E01002211,Harrow 028A,E09000015,Harrow,27.335,9388,3,0.193,7129,3,0.136,7903,3,20.345,13576,5,-0.274,20272,7,0.54,8533,3,35.646,3788,2,14.871,19329,6
2233,E01002212,Harrow 028B,E09000015,Harrow,19.735,14594,5,0.146,10823,4,0.094,13638,5,10.857,21031,7,-0.827,27267,9,0.32,11641,4,32.845,5172,2,21.481,14203,5
2234,E01002213,Harrow 027D,E09000015,Harrow,17.998,16121,5,0.133,12258,4,0.059,21673,7,6.898,25149,8,-1.173,30126,10,0.086,15330,5,42.495,1543,1,25.2,11652,4
2235,E01002214,Harrow 031A,E09000015,Harrow,18.349,15825,5,0.13,12543,4,0.082,15949,5,12.482,19512,6,-0.857,27554,9,0.318,11674,4,34.923,4121,2,16.443,18036,6
2236,E01002215,Harrow 031B,E09000015,Harrow,26.808,9693,3,0.195,6948,3,0.119,9830,3,22.626,12159,4,-0.228,19554,6,-0.093,18029,6,38.574,2635,1,23.358,12878,4
2237,E01002216,Harrow 028C,E09000015,Harrow,12.222,21924,7,0.088,18138,6,0.062,20869,7,5.171,27111,9,-1.049,29213,9,0.163,14111,5,28.08,8363,3,17.205,17439,6
2238,E01002217,Harrow 028D,E09000015,Harrow,32.662,6812,3,0.249,4054,2,0.15,6552,2,21.271,12985,4,-0.344,21354,7,0.276,12298,4,45.516,966,1,16.167,18271,6
2239,E01002218,Harrow 030A,E09000015,Harrow,16.566,17413,6,0.104,15729,5,0.06,21630,7,9.422,22449,7,-0.895,27939,9,0.635,7255,3,32.893,5145,2,24.466,12118,4
2240,E01002219,Harrow 030B,E09000015,Harrow,20.375,14033,5,0.148,10662,4,0.078,16720,6,13.478,18612,6,-0.669,25572,8,0.58,7998,3,33.487,4823,2,22.581,13424,5
2241,E01002220,Harrow 031C,E09000015,Harrow,14.604,19337,6,0.125,13119,4,0.071,18586,6,9.993,21833,7,-0.655,25415,8,-0.248,20309,7,27.482,8849,3,16.681,17838,6
2242,E01002221,Harrow 030C,E09000015,Harrow,16.888,17092,6,0.124,13264,5,0.078,16854,6,10.944,20953,7,-1.062,29312,9,-0.182,19368,6,32.777,5215,2,26.191,11049,4
2243,E01002222,Harrow 030D,E09000015,Harrow,13.151,20887,7,0.105,15643,5,0.048,25274,8,7.373,24621,8,-0.802,27019,9,-0.122,18482,6,32.453,5402,2,20.302,15053,5
2244,E01002223,Harrow 031D,E09000015,Harrow,14.248,19692,6,0.11,14962,5,0.061,21185,7,11.064,20835,7,-1.083,29464,9,0.111,14968,5,28.63,7949,3,20.991,14572,5
2245,E01002224,Harrow 031E,E09000015,Harrow,23.599,11629,4,0.158,9792,3,0.114,10418,4,20.368,13562,5,-0.537,23892,8,-0.164,19102,6,40.351,2097,1,17.659,17082,6
2246,E01002225,Harrow 001C,E09000015,Harrow,6.974,28358,9,0.045,27362,9,0.036,29145,9,3.156,29557,9,-1.768,32330,10,-0.463,23271,8,31.864,5740,2,10.794,23220,8
2247,E01002226,Harrow 001D,E09000015,Harrow,13.901,20044,7,0.097,16711,6,0.066,19772,7,4.77,27584,9,-1.119,29736,10,-0.313,21216,7,35.99,3649,2,20.306,15049,5
2248,E01002227,Harrow 003A,E09000015,Harrow,38.186,4814,2,0.258,3691,2,0.192,3593,2,16.925,15865,5,0.229,12655,4,-0.096,18074,6,58.899,18,1,12.109,21883,7
2249,E01002228,Harrow 003B,E09000015,Harrow,13.791,20166,7,0.097,16776,6,0.068,19200,6,8.479,23424,8,-1.368,31207,10,-0.463,23264,8,38.666,2597,1,9.391,24684,8
2250,E01002229,Harrow 003C,E09000015,Harrow,20.34,14052,5,0.13,12565,4,0.089,14429,5,8.372,23554,8,-1.401,31344,10,0.17,13989,5,46.309,838,1,17.556,17164,6
2251,E01002230,Harrow 003D,E09000015,Harrow,10.441,23954,8,0.065,22515,7,0.05,24591,8,3.379,29280,9,-1.271,30707,10,-0.257,20451,7,36.573,3387,2,12.115,21875,7
2252,E01002231,Harrow 013E,E09000015,Harrow,22.427,12439,4,0.175,8417,3,0.098,12809,4,15.011,17352,6,-0.343,21343,7,-0.135,18668,6,38.734,2578,1,15.948,18467,6
2253,E01002232,Harrow 011A,E09000015,Harrow,19.699,14624,5,0.154,10123,4,0.083,15615,5,8.782,23095,8,-0.371,21749,7,0.3,11933,4,33.164,4998,2,20.408,14969,5
2254,E01002233,Harrow 011B,E09000015,Harrow,24.849,10857,4,0.19,7340,3,0.11,11018,4,11.493,20423,7,-0.5,23418,8,0.425,10089,4,37.597,2974,1,23.487,12792,4
2255,E01002234,Harrow 011C,E09000015,Harrow,18.867,15352,5,0.136,11847,4,0.09,14184,5,14.333,17875,6,-0.469,23006,8,0.059,15745,5,32.857,5167,2,15.211,19018,6
2256,E01002235,Harrow 011D,E09000015,Harrow,27.97,9047,3,0.214,5843,2,0.125,9123,3,23.258,11750,4,-0.305,20729,7,0.089,15298,5,39.252,2414,1,18.81,16186,5
2257,E01002236,Harrow 011E,E09000015,Harrow,18.005,16117,5,0.127,12894,4,0.075,17438,6,14.165,18019,6,-0.944,28358,9,0.014,16464,6,33.905,4611,2,26.253,11018,4
2258,E01002237,Harrow 024A,E09000015,Harrow,20.045,14308,5,0.134,12090,4,0.103,12037,4,4.777,27576,9,-0.856,27544,9,-0.349,21739,7,39.031,2473,1,30.037,8789,3
2259,E01002238,Harrow 024B,E09000015,Harrow,11.152,23160,8,0.095,17138,6,0.061,21177,7,2.416,30401,10,-1.11,29681,10,-0.168,19176,6,27.309,8983,3,16.17,18270,6
2260,E01002239,Harrow 025C,E09000015,Harrow,9.138,25612,8,0.07,21504,7,0.053,23897,8,4.0,28545,9,-1.244,30563,10,-0.857,27855,9,31.297,6088,2,12.332,21668,7
2261,E01002240,Harrow 024C,E09000015,Harrow,20.176,14190,5,0.149,10572,4,0.102,12249,4,6.096,26069,8,-0.33,21114,7,-0.182,19372,6,32.825,5180,2,27.902,10010,4
2262,E01002241,Harrow 025D,E09000015,Harrow,21.921,12828,4,0.174,8462,3,0.103,11957,4,6.337,25796,8,-0.673,25624,8,0.129,14663,5,41.913,1683,1,12.499,21517,7
2263,E01002242,Harrow 024D,E09000015,Harrow,8.357,26617,9,0.078,19923,7,0.047,25662,8,1.442,31525,10,-1.224,30444,10,-0.833,27622,9,26.223,9964,4,17.336,17338,6
2264,E01032576,Harrow 032E,E09000015,Harrow,7.437,27758,9,0.069,21752,7,0.037,28874,9,3.131,29584,10,-1.371,31223,10,-0.612,25216,8,24.843,11282,4,18.095,16747,6
2265,E01002243,Havering 013A,E09000016,Havering,30.321,7880,3,0.191,7215,3,0.123,9344,3,27.4,9649,3,0.294,11720,4,0.416,10214,4,38.586,2627,1,23.596,12709,4
2266,E01002244,Havering 011A,E09000016,Havering,19.029,15215,5,0.11,14909,5,0.089,14543,5,19.293,14197,5,-0.476,23088,8,0.368,10910,4,28.158,8293,3,24.52,12081,4
2267,E01002245,Havering 011B,E09000016,Havering,17.892,16221,5,0.115,14289,5,0.053,23717,8,17.265,15624,5,-0.303,20698,7,0.788,5545,2,23.197,12989,4,29.873,8889,3
2268,E01002246,Havering 017A,E09000016,Havering,14.682,19248,6,0.08,19511,6,0.062,20980,7,18.732,14606,5,-0.601,24725,8,0.679,6737,3,15.95,21738,7,26.067,11125,4
2269,E01002247,Havering 017B,E09000016,Havering,19.955,14389,5,0.149,10549,4,0.085,15231,5,15.245,17165,6,0.021,15686,5,0.404,10374,4,20.467,16115,5,25.364,11545,4
2270,E01002248,Havering 017C,E09000016,Havering,21.286,13331,5,0.16,9598,3,0.107,11492,4,24.314,11174,4,0.055,15156,5,-0.243,20233,7,20.557,15997,5,20.068,15231,5
2271,E01002249,Havering 017D,E09000016,Havering,20.574,13869,5,0.138,11682,4,0.075,17379,6,18.719,14619,5,-0.685,25768,8,1.118,2685,1,20.879,15631,5,26.207,11041,4
2272,E01002250,Havering 017E,E09000016,Havering,21.587,13105,4,0.121,13581,5,0.073,17965,6,22.07,12496,4,-0.402,22134,7,0.586,7919,3,35.239,3971,2,29.028,9366,3
2273,E01002251,Havering 017F,E09000016,Havering,24.493,11069,4,0.175,8396,3,0.102,12117,4,25.911,10362,4,-0.14,18232,6,-0.103,18173,6,33.456,4838,2,24.575,12044,4
2274,E01002252,Havering 018A,E09000016,Havering,10.37,24057,8,0.053,25520,8,0.057,22523,7,19.472,14103,5,-0.971,28589,9,-0.511,23938,8,24.582,11549,4,16.998,17587,6
2275,E01002253,Havering 019A,E09000016,Havering,2.453,32507,10,0.021,32081,10,0.023,31967,10,5.541,26678,9,-1.466,31592,10,-0.953,28727,9,14.606,23523,8,7.698,26500,9
2276,E01002254,Havering 019B,E09000016,Havering,3.323,32025,10,0.023,31843,10,0.036,29086,9,5.787,26401,9,-1.115,29703,10,-0.418,22670,7,10.285,28336,9,7.97,26207,8
2277,E01002255,Havering 022A,E09000016,Havering,8.345,26637,9,0.044,27565,9,0.038,28461,9,13.557,18539,6,-0.811,27115,9,-0.489,23618,8,29.848,7067,3,8.309,25849,8
2278,E01002256,Havering 018B,E09000016,Havering,6.437,28938,9,0.046,27235,9,0.045,26327,9,13.763,18365,6,-0.81,27110,9,-0.766,26962,9,16.272,21321,7,10.118,23937,8
2279,E01002257,Havering 019C,E09000016,Havering,4.228,31282,10,0.029,30982,10,0.025,31604,10,2.86,29907,10,-1.609,32009,10,0.148,14343,5,16.156,21472,7,10.845,23167,8
2280,E01002258,Havering 018C,E09000016,Havering,14.889,19021,6,0.122,13415,5,0.075,17619,6,21.185,13029,4,-0.375,21803,7,-0.199,19595,6,17.447,19861,7,13.449,20632,7
2281,E01002259,Havering 018D,E09000016,Havering,7.442,27753,9,0.065,22628,7,0.043,27015,9,14.267,17929,6,-1.004,28855,9,-0.213,19812,7,10.521,28106,9,12.728,21293,7
2282,E01002260,Havering 026A,E09000016,Havering,12.075,22086,7,0.066,22409,7,0.057,22504,7,22.532,12219,4,-1.156,29988,10,0.233,12979,4,23.367,12796,4,13.69,20409,7
2283,E01002261,Havering 026B,E09000016,Havering,13.701,20263,7,0.081,19368,6,0.062,20930,7,20.306,13596,5,-0.47,23013,8,0.17,13984,5,17.082,20340,7,25.072,11736,4
2284,E01002262,Havering 026C,E09000016,Havering,16.019,17924,6,0.106,15444,5,0.081,16130,5,19.877,13844,5,-0.525,23742,8,0.168,14042,5,21.071,15417,5,19.854,15402,5
2285,E01002263,Havering 026D,E09000016,Havering,7.854,27243,9,0.047,26844,9,0.051,24224,8,16.727,16022,5,-0.906,28036,9,-0.286,20842,7,16.241,21366,7,10.894,23122,8
2286,E01002264,Havering 026E,E09000016,Havering,32.066,7061,3,0.245,4277,2,0.16,5747,2,35.488,6608,3,0.175,13393,5,0.119,14834,5,25.892,10271,4,19.819,15434,5
2287,E01002265,Havering 025A,E09000016,Havering,11.656,22582,7,0.086,18609,6,0.061,21163,7,14.465,17779,6,-0.233,19626,6,-0.671,25885,8,18.583,18385,6,17.556,17163,6
2288,E01002266,Havering 027A,E09000016,Havering,15.126,18799,6,0.073,20882,7,0.062,21066,7,33.473,7288,3,-0.241,19725,7,0.362,10981,4,14.866,23214,8,18.407,16501,6
2289,E01002267,Havering 027B,E09000016,Havering,26.107,10117,4,0.178,8156,3,0.138,7631,3,26.401,10099,4,0.057,15121,5,0.291,12064,4,27.571,8777,3,13.47,20613,7
2290,E01002268,Havering 010A,E09000016,Havering,11.623,22617,7,0.072,21023,7,0.067,19488,6,14.009,18155,6,-0.609,24823,8,-0.088,17958,6,23.509,12658,4,11.147,22831,7
2291,E01002269,Havering 010B,E09000016,Havering,8.709,26160,8,0.075,20385,7,0.048,25462,8,14.423,17815,6,-1.058,29278,9,-0.418,22677,7,20.361,16224,5,8.298,25858,8
2292,E01002270,Havering 015A,E09000016,Havering,6.589,28801,9,0.045,27435,9,0.029,30768,10,7.72,24222,8,-1.43,31459,10,-0.491,23649,8,29.383,7384,3,8.043,26124,8
2293,E01002271,Havering 015B,E09000016,Havering,7.906,27175,9,0.044,27592,9,0.044,26533,9,11.032,20859,7,-1.076,29411,9,-0.869,27963,9,30.212,6821,3,9.427,24651,8
2294,E01002272,Havering 014A,E09000016,Havering,9.268,25437,8,0.061,23357,8,0.048,25304,8,12.437,19544,6,-0.438,22624,7,-0.25,20349,7,11.583,27041,9,24.232,12275,4
2295,E01002273,Havering 015C,E09000016,Havering,10.411,23998,8,0.054,25110,8,0.06,21418,7,17.26,15630,5,-0.961,28513,9,-0.736,26645,9,30.183,6837,3,7.948,26235,8
2296,E01002274,Havering 014B,E09000016,Havering,7.551,27628,9,0.056,24646,8,0.048,25280,8,12.994,19047,6,-1.031,29070,9,-0.518,24035,8,18.859,18041,6,11.489,22480,7
2297,E01002275,Havering 015D,E09000016,Havering,8.32,26667,9,0.043,27828,9,0.057,22411,7,14.683,17601,6,-1.005,28856,9,-0.554,24503,8,23.468,12705,4,9.631,24442,8
2298,E01002276,Havering 001A,E09000016,Havering,29.634,8185,3,0.171,8672,3,0.102,12176,4,37.476,6062,2,-0.144,18297,6,0.825,5161,2,42.294,1585,1,16.13,18303,6
2299,E01002277,Havering 002A,E09000016,Havering,33.413,6499,2,0.167,9030,3,0.131,8385,3,52.99,2733,1,0.04,15394,5,1.337,1591,1,28.854,7766,3,18.184,16667,6
2300,E01002278,Havering 001B,E09000016,Havering,33.021,6660,3,0.206,6300,2,0.154,6240,2,51.162,3037,1,-0.051,16796,6,0.719,6293,2,28.956,7704,3,12.946,21099,7
2301,E01002279,Havering 002B,E09000016,Havering,25.274,10596,4,0.163,9354,3,0.121,9535,3,34.252,7025,3,-0.135,18138,6,0.471,9466,3,27.193,9086,3,13.368,20705,7
2302,E01002280,Havering 004A,E09000016,Havering,49.966,2185,1,0.339,1234,1,0.22,2286,1,51.88,2903,1,0.776,6128,2,0.982,3667,2,34.045,4556,2,11.147,22832,7
2303,E01002281,Havering 002C,E09000016,Havering,33.762,6352,2,0.236,4714,2,0.154,6210,2,41.97,4881,2,0.177,13364,5,0.783,5613,2,27.337,8961,3,13.369,20703,7
2304,E01002282,Havering 004B,E09000016,Havering,40.164,4217,2,0.282,2817,1,0.169,5030,2,51.406,2975,1,0.088,14698,5,1.295,1776,1,25.771,10390,4,14.008,20103,7
2305,E01002283,Havering 002D,E09000016,Havering,30.523,7779,3,0.186,7616,3,0.127,8818,3,34.196,7038,3,0.495,9155,3,0.875,4636,2,26.941,9320,3,17.888,16915,6
2306,E01002284,Havering 004C,E09000016,Havering,29.637,8184,3,0.177,8237,3,0.127,8900,3,31.451,8008,3,0.114,14300,5,1.371,1458,1,23.921,12224,4,14.685,19493,6
2307,E01002285,Havering 025B,E09000016,Havering,7.135,28150,9,0.048,26653,9,0.034,29722,10,16.784,15975,5,-0.61,24833,8,-0.594,25030,8,16.986,20453,7,13.035,21018,7
2308,E01002286,Havering 025C,E09000016,Havering,5.332,30183,10,0.029,30986,10,0.03,30661,10,12.477,19516,6,-1.158,30001,10,-1.215,30555,10,23.959,12190,4,9.263,24817,8
2309,E01002287,Havering 023A,E09000016,Havering,9.054,25723,8,0.056,24731,8,0.044,26634,9,16.907,15882,5,-0.996,28793,9,-0.041,17312,6,14.576,23567,8,22.6,13408,5
2310,E01002288,Havering 025D,E09000016,Havering,6.5,28877,9,0.035,29855,10,0.042,27332,9,14.145,18031,6,-1.383,31277,10,-1.097,29804,10,25.209,10905,4,9.236,24849,8
2311,E01002289,Havering 022B,E09000016,Havering,9.285,25405,8,0.068,21827,7,0.057,22315,7,18.872,14491,5,-1.142,29898,10,-0.66,25760,8,15.653,22154,7,14.871,19326,6
2312,E01002290,Havering 025E,E09000016,Havering,7.741,27373,9,0.048,26774,9,0.049,25168,8,14.691,17592,6,-0.631,25096,8,-0.103,18179,6,13.336,25015,8,11.476,22491,7
2313,E01002291,Havering 023B,E09000016,Havering,9.644,24957,8,0.065,22503,7,0.052,23918,8,13.891,18259,6,-1.044,29162,9,-0.397,22407,7,17.741,19467,6,24.03,12391,4
2314,E01002292,Havering 022C,E09000016,Havering,18.192,15963,5,0.12,13633,5,0.095,13400,5,25.403,10615,4,-0.341,21305,7,-0.065,17622,6,25.127,10983,4,12.019,21960,7
2315,E01002293,Havering 007A,E09000016,Havering,17.286,16740,6,0.116,14147,5,0.072,18262,6,17.705,15333,5,-0.347,21416,7,-0.076,17782,6,30.959,6303,2,20.896,14628,5
2316,E01002294,Havering 007B,E09000016,Havering,9.006,25787,8,0.074,20699,7,0.043,26992,9,10.876,21007,7,-0.871,27721,9,0.031,16215,5,20.708,15827,5,11.059,22941,7
2317,E01002295,Havering 010C,E09000016,Havering,16.189,17761,6,0.124,13174,5,0.072,18152,6,13.958,18198,6,-0.666,25532,8,0.312,11758,4,29.146,7540,3,11.168,22813,7
2318,E01002296,Havering 007C,E09000016,Havering,13.232,20805,7,0.069,21740,7,0.063,20709,7,15.27,17151,6,-0.733,26283,9,-0.068,17666,6,31.438,5998,2,16.874,17694,6
2319,E01002297,Havering 004D,E09000016,Havering,38.58,4699,2,0.244,4304,2,0.186,3937,2,39.879,5392,2,0.662,7268,3,0.459,9638,3,33.349,4906,2,19.469,15708,5
2320,E01002298,Havering 007D,E09000016,Havering,11.631,22608,7,0.085,18694,6,0.063,20816,7,14.964,17385,6,-0.744,26407,9,-0.144,18788,6,20.423,16151,5,15.493,18814,6
2321,E01002299,Havering 002E,E09000016,Havering,19.999,14348,5,0.123,13377,5,0.086,15039,5,29.801,8664,3,-0.224,19481,6,0.191,13663,5,27.119,9152,3,17.524,17189,6
2322,E01002300,Havering 007E,E09000016,Havering,10.482,23899,8,0.07,21434,7,0.057,22291,7,8.772,23111,8,-0.639,25200,8,0.16,14171,5,18.848,18064,6,18.243,16619,6
2323,E01002301,Havering 003A,E09000016,Havering,12.127,22015,7,0.075,20483,7,0.065,20022,7,26.216,10200,4,-0.909,28056,9,-0.024,17050,6,15.999,21679,7,12.905,21139,7
2324,E01002302,Havering 005A,E09000016,Havering,18.365,15819,5,0.132,12323,4,0.08,16387,5,34.998,6761,3,-0.489,23265,8,0.319,11653,4,14.636,23489,8,15.672,18681,6
2325,E01002303,Havering 003B,E09000016,Havering,31.035,7536,3,0.224,5312,2,0.15,6554,2,39.252,5573,2,0.06,15074,5,0.035,16144,5,31.963,5682,2,14.302,19861,7
2326,E01002304,Havering 003C,E09000016,Havering,22.295,12535,4,0.07,21459,7,0.075,17504,6,37.303,6108,2,0.322,11307,4,0.516,8844,3,36.997,3198,1,15.435,18855,6
2327,E01002305,Havering 005B,E09000016,Havering,18.156,16007,5,0.101,16118,5,0.089,14551,5,27.562,9579,3,-0.089,17396,6,0.306,11840,4,23.749,12391,4,9.018,25077,8
2328,E01002306,Havering 003D,E09000016,Havering,31.249,7421,3,0.222,5395,2,0.133,8193,3,46.086,3932,2,0.274,11995,4,0.175,13915,5,28.579,7979,3,15.032,19172,6
2329,E01002307,Havering 003E,E09000016,Havering,20.131,14231,5,0.14,11429,4,0.087,14946,5,34.673,6875,3,-0.116,17827,6,-0.005,16754,6,24.04,12098,4,10.696,23324,8
2330,E01002308,Havering 005C,E09000016,Havering,24.518,11054,4,0.164,9310,3,0.14,7477,3,35.179,6704,3,-0.395,22057,7,0.09,15276,5,25.821,10341,4,10.54,23496,8
2331,E01002309,Havering 006A,E09000016,Havering,22.808,12175,4,0.161,9552,3,0.101,12396,4,28.932,8999,3,-0.066,17028,6,0.713,6367,2,19.214,17603,6,13.863,20255,7
2332,E01002310,Havering 006B,E09000016,Havering,39.544,4401,2,0.248,4128,2,0.176,4546,2,35.884,6476,2,0.837,5559,2,1.046,3171,1,31.333,6063,2,13.298,20785,7
2333,E01002311,Havering 006C,E09000016,Havering,26.235,10025,4,0.163,9346,3,0.121,9531,3,37.543,6042,2,0.185,13269,5,0.289,12104,4,27.144,9128,3,14.293,19868,7
2334,E01002312,Havering 001C,E09000016,Havering,27.707,9194,3,0.158,9819,3,0.115,10367,4,40.258,5304,2,-0.142,18264,6,0.411,10277,4,37.83,2890,1,15.616,18726,6
2335,E01002313,Havering 001D,E09000016,Havering,25.67,10387,4,0.147,10762,4,0.111,10889,4,40.182,5321,2,-0.307,20758,7,0.053,15840,5,36.79,3278,1,17.662,17075,6
2336,E01002314,Havering 004E,E09000016,Havering,39.909,4287,2,0.284,2730,1,0.153,6330,2,48.122,3570,2,0.541,8610,3,1.023,3348,2,30.418,6666,3,12.515,21490,7
2337,E01002315,Havering 006D,E09000016,Havering,22.92,12112,4,0.133,12235,4,0.104,11915,4,32.578,7590,3,-0.048,16742,6,0.68,6728,3,23.596,12551,4,13.86,20258,7
2338,E01002316,Havering 004F,E09000016,Havering,40.727,4045,2,0.3,2201,1,0.178,4387,2,45.787,3999,2,0.437,9850,3,0.691,6605,3,32.715,5253,2,9.139,24953,8
2339,E01002317,Havering 014C,E09000016,Havering,5.481,30042,10,0.029,31002,10,0.031,30417,10,12.396,19580,6,-1.141,29890,10,-0.27,20618,7,17.118,20286,7,12.96,21085,7
2340,E01002318,Havering 014D,E09000016,Havering,8.47,26458,9,0.056,24779,8,0.054,23528,8,16.565,16144,5,-1.011,28921,9,-0.84,27699,9,19.907,16766,6,13.76,20343,7
2341,E01002319,Havering 016A,E09000016,Havering,16.802,17177,6,0.125,13054,4,0.08,16352,5,15.949,16626,6,-0.46,22889,7,0.199,13523,5,21.959,14378,5,22.052,13812,5
2342,E01002320,Havering 021A,E09000016,Havering,8.93,25875,8,0.05,26124,8,0.035,29260,9,15.213,17193,6,-0.918,28131,9,0.354,11098,4,17.079,20345,7,18.458,16466,6
2343,E01002321,Havering 021B,E09000016,Havering,9.518,25096,8,0.046,27086,9,0.043,27046,9,15.738,16802,6,-1.222,30434,10,0.275,12316,4,24.314,11802,4,14.45,19712,7
2344,E01002322,Havering 021C,E09000016,Havering,7.706,27418,9,0.048,26754,9,0.046,26022,8,16.516,16185,5,-1.08,29443,9,-0.796,27270,9,19.269,17548,6,16.56,17935,6
2345,E01002323,Havering 021D,E09000016,Havering,11.889,22290,7,0.042,28045,9,0.045,26468,9,18.843,14520,5,-0.73,26238,8,0.374,10817,4,29.496,7304,3,17.619,17121,6
2346,E01002324,Havering 021E,E09000016,Havering,22.052,12735,4,0.125,13106,4,0.103,12033,4,25.386,10624,4,0.098,14549,5,0.169,13999,5,32.918,5129,2,11.509,22460,7
2347,E01002325,Havering 011C,E09000016,Havering,26.639,9804,3,0.184,7746,3,0.115,10290,4,49.585,3321,2,-0.323,21016,7,0.347,11205,4,21.588,14798,5,18.469,16454,6
2348,E01002326,Havering 005D,E09000016,Havering,19.584,14732,5,0.129,12670,4,0.094,13608,5,28.541,9171,3,-0.359,21570,7,0.398,10482,4,17.957,19194,6,20.288,15066,5
2349,E01002327,Havering 009A,E09000016,Havering,15.455,18495,6,0.08,19475,6,0.077,16946,6,23.691,11503,4,-0.52,23702,8,0.012,16493,6,24.689,11438,4,19.968,15318,5
2350,E01002328,Havering 009B,E09000016,Havering,10.024,24496,8,0.059,23876,8,0.044,26597,9,16.586,16129,5,-0.63,25080,8,0.142,14436,5,18.684,18253,6,17.656,17090,6
2351,E01002329,Havering 011D,E09000016,Havering,15.543,18401,6,0.09,17824,6,0.064,20521,7,25.111,10769,4,-0.81,27109,9,0.238,12907,4,23.512,12655,4,24.792,11916,4
2352,E01002330,Havering 011E,E09000016,Havering,18.943,15284,5,0.121,13591,5,0.071,18576,6,26.647,9996,4,-0.267,20143,7,0.011,16506,6,30.362,6707,3,21.295,14337,5
2353,E01002331,Havering 005E,E09000016,Havering,15.434,18514,6,0.085,18769,6,0.065,19996,7,28.751,9080,3,-0.578,24412,8,0.413,10261,4,20.896,15619,5,16.635,17881,6
2354,E01002332,Havering 009C,E09000016,Havering,14.821,19097,6,0.105,15641,5,0.065,20053,7,30.76,8282,3,-0.828,27272,9,-0.129,18575,6,21.959,14379,5,12.418,21591,7
2355,E01002333,Havering 008A,E09000016,Havering,8.49,26426,9,0.045,27467,9,0.043,27094,9,26.418,10092,4,-1.037,29111,9,-0.417,22653,7,16.891,20567,7,12.429,21582,7
2356,E01002334,Havering 008B,E09000016,Havering,11.33,22951,7,0.076,20365,7,0.041,27498,9,15.848,16703,6,-1.172,30122,10,0.238,12905,4,28.58,7978,3,11.144,22835,7
2357,E01002335,Havering 009D,E09000016,Havering,16.434,17529,6,0.121,13541,5,0.073,18110,6,27.142,9753,3,-0.5,23426,8,-0.385,22243,7,25.203,10910,4,14.533,19625,6
2358,E01002336,Havering 008C,E09000016,Havering,13.0,21056,7,0.083,19050,6,0.048,25401,8,30.55,8345,3,-0.859,27570,9,-0.379,22169,7,20.999,15502,5,22.319,13640,5
2359,E01002337,Havering 012A,E09000016,Havering,13.698,20266,7,0.081,19422,6,0.052,23932,8,12.493,19506,6,-0.578,24419,8,0.418,10190,4,30.111,6887,3,16.156,18280,6
2360,E01002338,Havering 009E,E09000016,Havering,11.62,22621,7,0.065,22592,7,0.062,21046,7,22.124,12456,4,-0.757,26537,9,0.267,12446,4,13.84,24421,8,15.769,18611,6
2361,E01002339,Havering 008D,E09000016,Havering,5.785,29691,10,0.035,29664,10,0.032,30230,10,11.612,20315,7,-1.202,30293,10,-0.208,19751,7,19.035,17822,6,11.22,22764,7
2362,E01002340,Havering 009F,E09000016,Havering,8.668,26207,8,0.055,25029,8,0.052,24000,8,13.69,18430,6,-0.896,27944,9,-0.264,20530,7,16.99,20446,7,18.359,16543,6
2363,E01002341,Havering 008E,E09000016,Havering,10.788,23558,8,0.055,24874,8,0.059,21763,7,22.477,12256,4,-0.638,25184,8,-0.492,23676,8,23.831,12319,4,10.748,23267,8
2364,E01002342,Havering 030A,E09000016,Havering,19.728,14597,5,0.135,11964,4,0.088,14591,5,26.359,10124,4,-0.245,19790,7,0.421,10150,4,18.567,18401,6,21.131,14459,5
2365,E01002343,Havering 029A,E09000016,Havering,13.207,20839,7,0.073,20967,7,0.073,18067,6,28.834,9051,3,-0.811,27116,9,0.208,13362,5,14.801,23290,8,11.401,22572,7
2366,E01002344,Havering 029B,E09000016,Havering,19.839,14484,5,0.125,13129,4,0.095,13437,5,26.99,9825,3,-0.601,24723,8,0.468,9500,3,23.492,12682,4,19.582,15612,5
2367,E01002345,Havering 030B,E09000016,Havering,30.318,7882,3,0.213,5947,2,0.127,8905,3,31.431,8021,3,-0.319,20955,7,0.929,4137,2,23.581,12568,4,34.024,6675,3
2368,E01002346,Havering 030C,E09000016,Havering,25.573,10436,4,0.17,8748,3,0.111,10898,4,34.185,7043,3,0.07,14944,5,0.592,7846,3,20.607,15936,5,21.911,13904,5
2369,E01002347,Havering 030D,E09000016,Havering,14.333,19605,6,0.073,20989,7,0.065,20034,7,21.619,12791,4,-0.759,26561,9,0.553,8363,3,22.394,13859,5,17.604,17134,6
2370,E01002348,Havering 029C,E09000016,Havering,10.11,24372,8,0.056,24747,8,0.055,23266,8,31.733,7903,3,-1.037,29108,9,-0.703,26250,8,16.855,20616,7,11.387,22591,7
2371,E01002349,Havering 029D,E09000016,Havering,13.9,20045,7,0.096,16919,6,0.078,16868,6,24.417,11127,4,-0.384,21914,7,-0.374,22081,7,17.332,20008,7,10.947,23061,8
2372,E01002350,Havering 016B,E09000016,Havering,26.331,9974,4,0.165,9243,3,0.108,11258,4,23.711,11490,4,0.04,15392,5,0.923,4200,2,25.755,10401,4,27.289,10370,4
2373,E01002351,Havering 016C,E09000016,Havering,11.81,22391,7,0.072,21110,7,0.052,24151,8,19.769,13901,5,-0.916,28117,9,0.106,15048,5,13.781,24480,8,29.274,9237,3
2374,E01002352,Havering 016D,E09000016,Havering,17.934,16177,5,0.128,12776,4,0.101,12422,4,12.999,19041,6,0.083,14773,5,-0.031,17150,6,18.046,19068,6,20.181,15145,5
2375,E01002353,Havering 013B,E09000016,Havering,15.297,18644,6,0.078,19836,7,0.063,20639,7,11.661,20269,7,-0.734,26292,9,0.846,4921,2,26.315,9883,4,21.85,13945,5
2376,E01002354,Havering 012B,E09000016,Havering,5.021,30485,10,0.036,29544,9,0.031,30421,10,6.519,25582,8,-1.467,31593,10,-0.037,17251,6,16.973,20465,7,12.133,21862,7
2377,E01002355,Havering 014E,E09000016,Havering,6.409,28979,9,0.043,27809,9,0.049,25054,8,13.309,18772,6,-1.004,28851,9,-0.713,26358,9,13.912,24345,8,13.463,20617,7
2378,E01002356,Havering 013C,E09000016,Havering,33.713,6369,2,0.202,6511,2,0.12,9703,3,27.084,9784,3,0.24,12515,4,1.444,1217,1,34.415,4357,2,26.155,11074,4
2379,E01002358,Havering 016E,E09000016,Havering,16.44,17520,6,0.1,16324,5,0.062,20895,7,25.52,10561,4,-0.554,24117,8,0.206,13401,5,19.598,17140,6,31.638,7918,3
2380,E01002359,Havering 020A,E09000016,Havering,7.02,28300,9,0.046,27161,9,0.038,28386,9,13.324,18750,6,-0.807,27074,9,-0.241,20216,7,14.242,23940,8,17.049,17547,6
2381,E01002360,Havering 020B,E09000016,Havering,13.793,20161,7,0.096,16915,6,0.063,20657,7,14.168,18011,6,-0.343,21341,7,0.315,11713,4,19.791,16892,6,17.501,17208,6
2382,E01002361,Havering 020C,E09000016,Havering,19.361,14950,5,0.129,12648,4,0.084,15428,5,25.434,10602,4,-0.23,19585,6,0.464,9559,3,20.418,16156,5,20.179,15149,5
2383,E01002362,Havering 022D,E09000016,Havering,6.861,28491,9,0.057,24414,8,0.041,27618,9,12.618,19379,6,-1.294,30829,10,-0.108,18251,6,11.301,27314,9,14.053,20066,7
2384,E01002363,Havering 020D,E09000016,Havering,18.359,15822,5,0.142,11234,4,0.085,15280,5,27.766,9496,3,-0.413,22303,7,-0.11,18288,6,22.93,13285,5,13.514,20572,7
2385,E01002364,Havering 023C,E09000016,Havering,6.955,28386,9,0.054,25233,8,0.045,26483,9,16.116,16477,6,-1.072,29382,9,-0.95,28691,9,14.116,24087,8,15.021,19186,6
2386,E01002365,Havering 023D,E09000016,Havering,13.525,20464,7,0.09,17919,6,0.078,16698,6,17.69,15344,5,-0.764,26617,9,-0.018,16967,6,16.542,20993,7,21.11,14476,5
2387,E01002366,Havering 023E,E09000016,Havering,11.057,23269,8,0.08,19524,6,0.05,24635,8,22.795,12034,4,-0.607,24805,8,-0.212,19804,7,15.119,22834,7,15.905,18501,6
2388,E01002367,Havering 020E,E09000016,Havering,9.687,24902,8,0.065,22688,7,0.051,24516,8,12.587,19415,6,-1.152,29959,10,0.421,10163,4,15.796,21946,7,14.992,19211,6
2389,E01002368,Havering 028A,E09000016,Havering,39.103,4538,2,0.243,4333,2,0.179,4322,2,41.834,4918,2,-0.055,16855,6,1.001,3511,2,29.329,7416,3,36.191,5735,2
2390,E01002369,Havering 028B,E09000016,Havering,21.384,13245,5,0.13,12508,4,0.099,12664,4,30.826,8251,3,-0.305,20731,7,0.563,8213,3,24.551,11575,4,13.95,20157,7
2391,E01002370,Havering 028C,E09000016,Havering,29.558,8228,3,0.198,6763,3,0.146,6881,3,28.796,9066,3,-0.147,18344,6,0.692,6596,3,27.13,9140,3,24.834,11889,4
2392,E01002371,Havering 028D,E09000016,Havering,16.24,17717,6,0.106,15545,5,0.069,19036,6,21.457,12885,4,-0.345,21378,7,0.618,7477,3,15.758,21994,7,19.905,15363,5
2393,E01002372,Havering 027C,E09000016,Havering,10.822,23525,8,0.061,23440,8,0.061,21168,7,24.856,10907,4,-1.103,29609,10,-0.287,20850,7,19.608,17125,6,12.401,21612,7
2394,E01002373,Havering 027D,E09000016,Havering,13.847,20103,7,0.098,16621,6,0.065,20084,7,23.931,11392,4,-0.567,24287,8,0.255,12648,4,15.738,22025,7,12.695,21329,7
2395,E01002374,Havering 027E,E09000016,Havering,16.712,17267,6,0.123,13283,5,0.083,15564,5,20.355,13570,5,-0.37,21727,7,0.248,12757,4,18.407,18605,6,15.916,18492,6
2396,E01002375,Havering 028E,E09000016,Havering,28.938,8523,3,0.199,6713,3,0.135,8005,3,32.983,7444,3,0.226,12695,4,0.412,10272,4,25.871,10298,4,20.534,14876,5
2397,E01002376,Havering 012C,E09000016,Havering,6.826,28536,9,0.041,28279,9,0.036,28935,9,10.449,21411,7,-0.853,27519,9,-0.139,18718,6,20.567,15979,5,12.295,21707,7
2398,E01002377,Havering 010D,E09000016,Havering,12.885,21172,7,0.092,17526,6,0.06,21391,7,12.646,19355,6,-0.397,22081,7,-0.01,16835,6,22.346,13911,5,18.721,16249,5
2399,E01002378,Havering 010E,E09000016,Havering,8.009,27059,9,0.044,27582,9,0.044,26654,9,17.956,15163,5,-0.806,27064,9,-0.291,20910,7,16.195,21430,7,16.413,18054,6
2400,E01002379,Havering 012D,E09000016,Havering,6.561,28821,9,0.048,26748,9,0.036,29168,9,8.896,22975,7,-1.11,29677,10,-0.04,17286,6,14.613,23514,8,18.477,16449,6
2401,E01002380,Havering 012E,E09000016,Havering,16.974,17013,6,0.137,11810,4,0.086,15046,5,13.64,18474,6,-0.145,18311,6,-0.163,19085,6,25.904,10258,4,10.76,23250,8
2402,E01002381,Havering 012F,E09000016,Havering,13.35,20683,7,0.085,18758,6,0.065,20172,7,19.0,14404,5,-0.748,26439,9,0.102,15109,5,22.239,14035,5,18.317,16571,6
2403,E01002382,Havering 014F,E09000016,Havering,8.19,26841,9,0.051,25861,8,0.048,25353,8,14.412,17821,6,-1.092,29539,9,-0.248,20321,7,15.921,21783,7,19.838,15417,5
2404,E01002383,Havering 010F,E09000016,Havering,8.309,26684,9,0.037,29282,9,0.047,25706,8,9.113,22749,7,-0.868,27676,9,-0.131,18599,6,26.007,10171,4,15.653,18700,6
2405,E01002384,Havering 019D,E09000016,Havering,7.011,28313,9,0.049,26306,9,0.046,26101,8,7.159,24870,8,-0.657,25430,8,-0.022,17020,6,10.121,28486,9,17.872,16928,6
2406,E01002385,Havering 024A,E09000016,Havering,13.766,20191,7,0.031,30703,10,0.038,28623,9,10.478,21380,7,-1.174,30131,10,0.762,5812,2,41.389,1808,1,21.791,13985,5
2407,E01002386,Havering 022E,E09000016,Havering,7.828,27280,9,0.07,21489,7,0.037,28744,9,7.055,24998,8,-1.061,29304,9,0.149,14320,5,13.889,24366,8,18.274,16595,6
2408,E01002387,Havering 024B,E09000016,Havering,4.519,30996,10,0.033,30209,10,0.038,28348,9,6.231,25915,8,-1.613,32017,10,0.033,16177,5,9.625,28958,9,11.352,22624,7
2409,E01002388,Havering 024C,E09000016,Havering,2.326,32563,10,0.016,32525,10,0.027,31241,10,5.176,27108,9,-1.681,32173,10,-1.029,29342,9,12.496,26009,8,9.815,24242,8
2410,E01002389,Havering 024D,E09000016,Havering,4.429,31077,10,0.022,31968,10,0.038,28342,9,7.943,24016,8,-1.265,30677,10,-0.213,19810,7,15.079,22902,7,8.795,25315,8
2411,E01002390,Havering 024E,E09000016,Havering,3.16,32137,10,0.016,32520,10,0.032,30126,10,8.863,23007,8,-1.305,30879,10,-0.676,25949,8,7.159,30876,10,11.124,22862,7
2412,E01002391,Havering 018E,E09000016,Havering,10.565,23815,8,0.051,26026,8,0.032,30129,10,19.328,14179,5,-0.643,25258,8,-0.541,24344,8,33.45,4843,2,13.749,20361,7
2413,E01032741,Havering 013E,E09000016,Havering,18.737,15465,5,0.083,19102,6,0.052,24041,8,15.428,17033,6,-0.516,23630,8,0.962,3831,2,30.482,6621,3,36.523,5569,2
2414,E01032742,Havering 013F,E09000016,Havering,18.479,15714,5,0.127,12838,4,0.099,12710,4,13.12,18933,6,-0.261,20045,7,0.597,7795,3,20.087,16539,6,16.807,17751,6
2415,E01002392,Hillingdon 020A,E09000017,Hillingdon,35.128,5845,2,0.229,5016,2,0.148,6777,3,36.419,6321,2,0.291,11752,4,0.877,4612,2,36.719,3319,2,14.363,19799,7
2416,E01002393,Hillingdon 020B,E09000017,Hillingdon,22.759,12206,4,0.121,13540,5,0.084,15499,5,20.63,13368,5,-0.288,20466,7,0.974,3727,2,32.397,5427,2,24.707,11967,4
2417,E01002394,Hillingdon 021A,E09000017,Hillingdon,18.977,15258,5,0.127,12932,4,0.072,18350,6,21.939,12570,4,-0.405,22183,7,0.21,13330,5,32.436,5410,2,19.639,15573,5
2418,E01002395,Hillingdon 021B,E09000017,Hillingdon,21.55,13140,5,0.131,12378,4,0.089,14499,5,20.694,13336,5,-0.034,16527,6,0.192,13649,5,34.188,4486,2,20.91,14619,5
2419,E01002396,Hillingdon 026A,E09000017,Hillingdon,28.627,8694,3,0.194,7012,3,0.103,11964,4,18.682,14644,5,0.13,14024,5,0.879,4590,2,35.811,3719,2,25.663,11370,4
2420,E01002397,Hillingdon 021C,E09000017,Hillingdon,26.362,9958,4,0.162,9441,3,0.1,12499,4,19.866,13847,5,-0.111,17752,6,0.761,5829,2,33.777,4692,2,32.654,7380,3
2421,E01002398,Hillingdon 021D,E09000017,Hillingdon,21.185,13411,5,0.107,15383,5,0.073,18040,6,21.479,12869,4,-0.096,17499,6,1.06,3082,1,28.949,7707,3,20.915,14614,5
2422,E01002399,Hillingdon 021E,E09000017,Hillingdon,19.66,14662,5,0.125,13094,4,0.067,19640,6,16.889,15894,5,-0.393,22030,7,0.817,5232,2,31.969,5676,2,19.324,15794,5
2423,E01002400,Hillingdon 024A,E09000017,Hillingdon,26.723,9745,3,0.178,8213,3,0.101,12334,4,27.636,9551,3,0.094,14609,5,0.636,7251,3,31.179,6173,2,23.592,12713,4
2424,E01002401,Hillingdon 024B,E09000017,Hillingdon,26.638,9807,3,0.185,7650,3,0.123,9282,3,25.449,10594,4,0.028,15579,5,0.478,9368,3,28.257,8221,3,21.325,14314,5
2425,E01002402,Hillingdon 024C,E09000017,Hillingdon,24.386,11133,4,0.153,10274,4,0.107,11437,4,22.206,12411,4,-0.231,19588,6,0.648,7099,3,29.156,7532,3,27.295,10363,4
2426,E01002403,Hillingdon 024D,E09000017,Hillingdon,26.617,9823,3,0.185,7653,3,0.109,11232,4,27.593,9564,3,0.108,14394,5,0.572,8109,3,29.494,7305,3,19.887,15378,5
2427,E01002404,Hillingdon 024E,E09000017,Hillingdon,29.688,8171,3,0.211,6039,2,0.128,8725,3,35.028,6752,3,0.196,13127,4,0.426,10084,4,29.525,7288,3,17.901,16906,6
2428,E01002405,Hillingdon 027A,E09000017,Hillingdon,23.452,11728,4,0.14,11479,4,0.094,13591,5,25.027,10810,4,0.081,14794,5,0.633,7287,3,29.053,7613,3,20.94,14601,5
2429,E01002406,Hillingdon 027B,E09000017,Hillingdon,24.978,10781,4,0.151,10443,4,0.119,9818,3,17.936,15180,5,-0.429,22493,7,0.395,10532,4,38.465,2671,1,24.931,11829,4
2430,E01002407,Hillingdon 030A,E09000017,Hillingdon,23.489,11705,4,0.132,12339,4,0.074,17784,6,17.114,15732,5,-0.71,26024,8,0.706,6452,2,42.965,1435,1,31.407,8052,3
2431,E01002408,Hillingdon 019A,E09000017,Hillingdon,31.015,7544,3,0.193,7075,3,0.124,9200,3,27.382,9655,3,0.8,5904,2,0.268,12417,4,32.005,5651,2,26.919,10600,4
2432,E01002409,Hillingdon 019B,E09000017,Hillingdon,22.359,12495,4,0.148,10690,4,0.087,14866,5,18.479,14786,5,-0.135,18151,6,0.416,10217,4,32.068,5610,2,26.73,10723,4
2433,E01002410,Hillingdon 017A,E09000017,Hillingdon,15.825,18114,6,0.095,17070,6,0.077,16920,6,8.304,23633,8,-0.482,23166,8,0.59,7866,3,27.972,8466,3,16.459,18015,6
2434,E01002411,Hillingdon 022A,E09000017,Hillingdon,23.999,11386,4,0.124,13233,5,0.077,17040,6,46.055,3934,2,0.012,15809,5,0.452,9743,3,31.737,5822,2,18.05,16776,6
2435,E01002412,Hillingdon 017B,E09000017,Hillingdon,13.287,20749,7,0.065,22569,7,0.06,21625,7,10.976,20920,7,-0.456,22860,7,0.533,8634,3,28.535,8012,3,14.154,19981,7
2436,E01002413,Hillingdon 022B,E09000017,Hillingdon,30.67,7705,3,0.187,7518,3,0.115,10396,4,32.84,7492,3,0.459,9605,3,0.849,4889,2,31.849,5750,2,21.388,14272,5
2437,E01002414,Hillingdon 015A,E09000017,Hillingdon,8.777,26080,8,0.033,30313,10,0.013,32661,10,10.12,21701,7,-0.451,22782,7,-0.182,19373,6,31.611,5901,2,16.823,17735,6
2438,E01002415,Hillingdon 010A,E09000017,Hillingdon,6.957,28382,9,0.043,27920,9,0.031,30420,10,12.256,19714,7,-0.871,27723,9,-0.104,18199,6,18.275,18759,6,16.253,18196,6
2439,E01002416,Hillingdon 008A,E09000017,Hillingdon,7.256,28002,9,0.056,24661,8,0.034,29647,10,16.021,16565,6,-0.99,28738,9,-0.46,23234,8,15.6,22217,7,16.092,18340,6
2440,E01002417,Hillingdon 008B,E09000017,Hillingdon,6.56,28823,9,0.041,28289,9,0.034,29691,10,3.446,29199,9,-1.134,29836,10,0.294,12019,4,19.728,16974,6,15.09,19115,6
2441,E01002418,Hillingdon 006A,E09000017,Hillingdon,11.922,22256,7,0.09,17840,6,0.071,18490,6,10.521,21345,7,-0.646,25292,8,-0.562,24608,8,26.183,10007,4,10.408,23636,8
2442,E01002419,Hillingdon 006B,E09000017,Hillingdon,5.501,30025,10,0.047,26937,9,0.042,27367,9,4.057,28470,9,-0.884,27833,9,-0.316,21260,7,15.162,22786,7,12.911,21127,7
2443,E01002420,Hillingdon 008C,E09000017,Hillingdon,13.784,20174,7,0.11,14935,5,0.075,17558,6,9.847,21999,7,-0.119,17883,6,-0.335,21524,7,23.372,12792,4,10.034,24028,8
2444,E01002421,Hillingdon 008D,E09000017,Hillingdon,8.993,25809,8,0.07,21494,7,0.047,25705,8,6.823,25232,8,-0.438,22614,7,0.15,14300,5,13.278,25081,8,17.127,17485,6
2445,E01002422,Hillingdon 018A,E09000017,Hillingdon,15.824,18115,6,0.094,17324,6,0.076,17289,6,15.145,17251,6,-0.418,22360,7,0.17,13980,5,20.81,15705,5,30.704,8411,3
2446,E01002423,Hillingdon 018B,E09000017,Hillingdon,13.735,20224,7,0.08,19571,6,0.075,17601,6,13.32,18755,6,-0.838,27380,9,0.144,14414,5,25.0,11114,4,20.645,14799,5
2447,E01002424,Hillingdon 018C,E09000017,Hillingdon,13.456,20546,7,0.096,16895,6,0.064,20444,7,13.829,18304,6,-0.813,27141,9,0.205,13415,5,21.566,14819,5,21.44,14232,5
2448,E01002425,Hillingdon 018D,E09000017,Hillingdon,23.941,11402,4,0.149,10570,4,0.091,14071,5,28.199,9314,3,-0.11,17735,6,0.527,8711,3,32.104,5578,2,21.86,13942,5
2449,E01002426,Hillingdon 021F,E09000017,Hillingdon,17.74,16368,5,0.122,13439,5,0.085,15320,5,15.623,16884,6,-0.479,23122,8,0.054,15825,5,24.764,11352,4,27.953,9982,4
2450,E01002427,Hillingdon 018E,E09000017,Hillingdon,13.203,20845,7,0.098,16564,6,0.046,26070,8,14.412,17820,6,-0.633,25124,8,0.019,16383,5,26.615,9627,3,22.338,13631,5
2451,E01002428,Hillingdon 018F,E09000017,Hillingdon,12.152,21987,7,0.075,20466,7,0.049,25143,8,17.534,15436,5,-0.57,24324,8,0.163,14110,5,26.07,10117,4,12.978,21066,7
2452,E01002429,Hillingdon 019C,E09000017,Hillingdon,30.131,7970,3,0.185,7661,3,0.118,9935,4,26.528,10047,4,0.11,14361,5,0.322,11618,4,46.617,787,1,18.145,16698,6
2453,E01002430,Hillingdon 007A,E09000017,Hillingdon,6.105,29334,9,0.024,31780,10,0.034,29600,10,2.566,30254,10,-1.054,29252,9,0.012,16485,6,26.18,10013,4,12.302,21696,7
2454,E01002431,Hillingdon 006C,E09000017,Hillingdon,4.924,30573,10,0.028,31231,10,0.03,30552,10,1.399,31577,10,-1.403,31355,10,0.114,14904,5,18.443,18558,6,15.554,18766,6
2455,E01002432,Hillingdon 006D,E09000017,Hillingdon,6.636,28738,9,0.05,26072,8,0.032,30194,10,2.807,29972,10,-1.027,29038,9,0.342,11279,4,15.742,22021,7,16.831,17728,6
2456,E01002433,Hillingdon 004A,E09000017,Hillingdon,16.922,17059,6,0.111,14819,5,0.086,14992,5,14.259,17941,6,-0.906,28023,9,-0.007,16793,6,33.677,4736,2,15.609,18730,6
2457,E01002434,Hillingdon 007B,E09000017,Hillingdon,5.524,30000,10,0.03,30845,10,0.026,31524,10,3.058,29660,10,-1.047,29197,9,0.262,12527,4,15.805,21928,7,18.483,16442,6
2458,E01002435,Hillingdon 007C,E09000017,Hillingdon,4.163,31339,10,0.028,31189,10,0.035,29483,9,2.863,29905,10,-0.936,28277,9,-0.658,25739,8,15.942,21747,7,16.047,18383,6
2459,E01002436,Hillingdon 004B,E09000017,Hillingdon,10.954,23393,8,0.075,20454,7,0.067,19584,6,5.991,26171,8,-0.676,25655,8,0.099,15139,5,21.746,14612,5,15.094,19112,6
2460,E01002437,Hillingdon 006E,E09000017,Hillingdon,5.755,29735,10,0.041,28358,9,0.032,30166,10,1.734,31182,10,-1.189,30225,10,-0.625,25370,8,26.742,9525,3,13.999,20110,7
2461,E01002438,Hillingdon 003A,E09000017,Hillingdon,12.569,21531,7,0.068,21826,7,0.053,23777,8,13.086,18960,6,-0.371,21744,7,-0.899,28232,9,38.753,2571,1,7.537,26687,9
2462,E01002439,Hillingdon 003B,E09000017,Hillingdon,17.002,16990,6,0.113,14613,5,0.081,16125,5,17.282,15612,5,0.298,11653,4,-0.085,17905,6,22.496,13756,5,11.212,22770,7
2463,E01002440,Hillingdon 003C,E09000017,Hillingdon,20.207,14167,5,0.115,14269,5,0.083,15601,5,28.072,9370,3,0.282,11875,4,0.111,14958,5,29.626,7221,3,8.485,25651,8
2464,E01002441,Hillingdon 003D,E09000017,Hillingdon,23.701,11576,4,0.151,10413,4,0.099,12737,4,23.052,11870,4,0.284,11847,4,0.748,5963,2,26.287,9901,4,12.422,21589,7
2465,E01002442,Hillingdon 003E,E09000017,Hillingdon,23.76,11533,4,0.143,11170,4,0.108,11283,4,32.399,7661,3,0.089,14677,5,-0.274,20669,7,35.204,3984,2,11.138,22844,7
2466,E01002443,Hillingdon 032A,E09000017,Hillingdon,19.901,14430,5,0.074,20740,7,0.039,28039,9,15.9,16658,6,-0.894,27928,9,0.833,5082,2,48.245,544,1,30.335,8610,3
2467,E01002444,Hillingdon 031A,E09000017,Hillingdon,22.563,12349,4,0.096,16999,6,0.066,19761,7,16.185,16418,5,-0.012,16196,5,-0.565,24651,8,53.157,103,1,31.326,8093,3
2468,E01002445,Hillingdon 029A,E09000017,Hillingdon,30.41,7835,3,0.189,7362,3,0.112,10714,4,41.929,4892,2,0.261,12168,4,0.686,6656,3,32.237,5501,2,19.249,15841,5
2469,E01002446,Hillingdon 031B,E09000017,Hillingdon,21.888,12848,4,0.086,18602,6,0.064,20436,7,21.986,12552,4,-0.194,19035,6,1.286,1814,1,32.287,5475,2,28.307,9780,3
2470,E01002447,Hillingdon 031C,E09000017,Hillingdon,24.211,11245,4,0.115,14294,5,0.059,21809,7,26.354,10129,4,-0.652,25373,8,0.112,14954,5,46.15,869,1,45.231,2839,1
2471,E01002448,Hillingdon 032B,E09000017,Hillingdon,18.249,15919,5,0.095,17107,6,0.052,24081,8,16.65,16077,5,-0.487,23235,8,0.662,6946,3,28.207,8261,3,38.913,4643,2
2472,E01002449,Hillingdon 032C,E09000017,Hillingdon,21.375,13247,5,0.139,11610,4,0.075,17448,6,15.13,17269,6,-0.252,19904,7,0.144,14410,5,41.83,1703,1,21.962,13876,5
2473,E01002450,Hillingdon 014A,E09000017,Hillingdon,7.627,27513,9,0.046,27034,9,0.034,29735,10,13.27,18810,6,-0.866,27661,9,0.0,16667,6,18.16,18926,6,17.04,17557,6
2474,E01002451,Hillingdon 014B,E09000017,Hillingdon,7.125,28166,9,0.051,26038,8,0.045,26504,9,8.891,22982,7,-0.789,26893,9,-0.223,19949,7,17.161,20235,7,14.461,19696,6
2475,E01002452,Hillingdon 014C,E09000017,Hillingdon,9.387,25275,8,0.063,23028,8,0.052,24064,8,11.126,20777,7,-0.835,27332,9,-0.673,25914,8,18.759,18164,6,26.297,10993,4
2476,E01002453,Hillingdon 014D,E09000017,Hillingdon,11.258,23046,8,0.081,19442,6,0.05,24629,8,11.161,20742,7,-0.388,21971,7,-0.377,22115,7,19.704,16994,6,26.166,11064,4
2477,E01002454,Hillingdon 014E,E09000017,Hillingdon,19.651,14666,5,0.133,12201,4,0.11,11074,4,18.913,14460,5,-0.114,17804,6,0.11,14978,5,22.877,13340,5,16.269,18184,6
2478,E01002455,Hillingdon 019D,E09000017,Hillingdon,20.172,14192,5,0.113,14513,5,0.088,14662,5,18.198,14999,5,-0.315,20901,7,0.912,4279,2,26.383,9826,3,18.656,16307,5
2479,E01002456,Hillingdon 017C,E09000017,Hillingdon,19.196,15086,5,0.121,13545,5,0.077,17111,6,18.143,15041,5,0.155,13663,5,0.122,14780,5,24.94,11177,4,27.403,10308,4
2480,E01002457,Hillingdon 019E,E09000017,Hillingdon,26.837,9683,3,0.169,8912,3,0.111,10869,4,23.665,11524,4,0.228,12671,4,0.865,4746,2,30.028,6951,3,17.925,16874,6
2481,E01002458,Hillingdon 011A,E09000017,Hillingdon,7.08,28217,9,0.034,30043,10,0.044,26607,9,4.554,27842,9,-1.275,30734,10,-0.095,18072,6,26.69,9569,3,13.815,20290,7
2482,E01002459,Hillingdon 011B,E09000017,Hillingdon,3.738,31719,10,0.019,32345,10,0.033,29836,10,3.655,28943,9,-0.966,28554,9,-0.757,26864,9,17.835,19355,6,11.699,22275,7
2483,E01002460,Hillingdon 011C,E09000017,Hillingdon,6.577,28811,9,0.058,24286,8,0.038,28380,9,3.696,28886,9,-0.834,27324,9,-0.327,21425,7,16.678,20830,7,18.729,16244,5
2484,E01002461,Hillingdon 013A,E09000017,Hillingdon,10.271,24176,8,0.048,26646,9,0.042,27187,9,4.211,28275,9,-1.028,29044,9,-0.371,22038,7,41.039,1916,1,12.503,21509,7
2485,E01002462,Hillingdon 011D,E09000017,Hillingdon,6.945,28397,9,0.025,31674,10,0.023,31927,10,1.477,31481,10,-1.391,31299,10,-0.722,26464,9,38.686,2588,1,10.974,23031,8
2486,E01002463,Hillingdon 013B,E09000017,Hillingdon,7.321,27916,9,0.044,27614,9,0.05,24733,8,3.341,29327,9,-1.009,28904,9,-0.838,27678,9,29.723,7163,3,10.789,23226,8
2487,E01002464,Hillingdon 011E,E09000017,Hillingdon,6.369,29027,9,0.059,23985,8,0.041,27441,9,7.701,24247,8,-0.579,24443,8,-0.684,26036,8,14.664,23451,8,11.706,22265,7
2488,E01002465,Hillingdon 009A,E09000017,Hillingdon,10.44,23956,8,0.074,20756,7,0.051,24261,8,9.716,22138,7,-0.432,22538,7,-0.264,20535,7,23.622,12522,4,15.788,18589,6
2489,E01002466,Hillingdon 010B,E09000017,Hillingdon,7.607,27551,9,0.055,24860,8,0.034,29631,10,7.776,24173,8,-1.132,29823,10,-0.28,20757,7,22.259,14013,5,20.695,14760,5
2490,E01002467,Hillingdon 009B,E09000017,Hillingdon,5.772,29710,10,0.044,27634,9,0.041,27590,9,7.922,24036,8,-0.92,28147,9,-0.444,23043,8,16.842,20629,7,12.029,21948,7
2491,E01002468,Hillingdon 010C,E09000017,Hillingdon,6.832,28529,9,0.038,29047,9,0.033,29956,10,10.287,21562,7,-0.898,27960,9,-0.064,17606,6,17.942,19211,6,19.147,15935,5
2492,E01002469,Hillingdon 010D,E09000017,Hillingdon,7.97,27093,9,0.039,28890,9,0.038,28550,9,9.921,21906,7,-0.891,27897,9,-0.044,17341,6,20.18,16438,6,24.295,12226,4
2493,E01002470,Hillingdon 007D,E09000017,Hillingdon,10.721,23632,8,0.087,18284,6,0.048,25480,8,6.877,25167,8,-0.764,26613,9,0.043,16005,5,20.312,16274,5,23.759,12593,4
2494,E01002471,Hillingdon 008E,E09000017,Hillingdon,7.311,27928,9,0.048,26599,9,0.038,28558,9,8.201,23732,8,-0.951,28415,9,0.111,14966,5,16.055,21599,7,19.506,15671,5
2495,E01002472,Hillingdon 002A,E09000017,Hillingdon,8.241,26768,9,0.081,19412,6,0.042,27258,9,4.809,27539,9,-0.648,25319,8,-0.485,23566,8,22.895,13331,5,10.391,23658,8
2496,E01002473,Hillingdon 001A,E09000017,Hillingdon,15.968,17981,6,0.079,19813,7,0.075,17509,6,2.106,30778,10,-0.642,25246,8,0.11,14979,5,45.858,910,1,10.221,23832,8
2497,E01002474,Hillingdon 002B,E09000017,Hillingdon,10.473,23911,8,0.088,18133,6,0.053,23789,8,4.816,27527,9,-0.791,26918,9,-0.087,17940,6,24.299,11820,4,16.327,18118,6
2498,E01002475,Hillingdon 001B,E09000017,Hillingdon,17.647,16423,6,0.118,13980,5,0.122,9398,3,7.387,24604,8,0.085,14744,5,-0.86,27893,9,27.853,8561,3,8.68,25433,8
2499,E01002476,Hillingdon 001C,E09000017,Hillingdon,4.554,30955,10,0.046,27069,9,0.03,30670,10,0.806,32229,10,-1.272,30712,10,-0.382,22201,7,20.79,15724,5,9.188,24900,8
2500,E01002477,Hillingdon 001D,E09000017,Hillingdon,9.978,24561,8,0.083,19055,6,0.063,20625,7,2.749,30032,10,-0.317,20923,7,-0.499,23777,8,23.462,12710,4,8.477,25664,8
2501,E01002478,Hillingdon 002C,E09000017,Hillingdon,7.519,27666,9,0.066,22368,7,0.05,24726,8,4.301,28164,9,-0.903,28007,9,-0.358,21860,7,21.105,15374,5,10.553,23486,8
2502,E01002479,Hillingdon 004C,E09000017,Hillingdon,19.628,14690,5,0.139,11607,4,0.098,12925,4,11.596,20329,7,0.002,15983,5,0.113,14932,5,32.159,5550,2,10.021,24044,8
2503,E01002480,Hillingdon 004D,E09000017,Hillingdon,4.074,31432,10,0.035,29762,10,0.029,30831,10,2.414,30403,10,-1.405,31364,10,-0.733,26613,9,23.132,13067,4,8.196,25957,8
2504,E01002481,Hillingdon 004E,E09000017,Hillingdon,19.065,15178,5,0.149,10619,4,0.105,11809,4,10.393,21462,7,-0.451,22777,7,-0.235,20133,7,34.045,4555,2,10.206,23845,8
2505,E01002482,Hillingdon 001E,E09000017,Hillingdon,3.114,32164,10,0.026,31534,10,0.026,31455,10,0.862,32167,10,-1.027,29041,9,-0.641,25545,8,17.452,19854,7,10.006,24055,8
2506,E01002483,Hillingdon 002D,E09000017,Hillingdon,9.321,25352,8,0.065,22589,7,0.06,21574,7,3.698,28878,9,-0.445,22704,7,-0.413,22612,7,22.762,13458,5,14.664,19508,6
2507,E01002484,Hillingdon 002E,E09000017,Hillingdon,21.292,13323,5,0.141,11350,4,0.11,11039,4,9.914,21913,7,0.241,12492,4,0.221,13170,5,25.13,10976,4,23.935,12463,4
2508,E01002485,Hillingdon 002F,E09000017,Hillingdon,15.274,18663,6,0.101,16169,5,0.076,17352,6,7.257,24744,8,-0.244,19785,7,0.185,13757,5,25.708,10450,4,21.939,13890,5
2509,E01002486,Hillingdon 028A,E09000017,Hillingdon,24.901,10820,4,0.174,8480,3,0.097,13083,4,25.068,10793,4,-0.576,24398,8,0.276,12302,4,38.299,2738,1,24.115,12341,4
2510,E01002487,Hillingdon 028B,E09000017,Hillingdon,24.08,11335,4,0.151,10441,4,0.097,13070,4,24.886,10893,4,-0.554,24114,8,0.137,14537,5,38.859,2536,1,27.655,10159,4
2511,E01002488,Hillingdon 030B,E09000017,Hillingdon,18.599,15580,5,0.107,15352,5,0.081,16053,5,18.231,14969,5,-0.548,24020,8,0.311,11779,4,31.368,6039,2,24.637,12001,4
2512,E01002489,Hillingdon 030C,E09000017,Hillingdon,15.991,17959,6,0.106,15487,5,0.063,20552,7,12.28,19689,6,-0.724,26163,8,0.429,10043,4,29.696,7179,3,22.817,13250,5
2513,E01002490,Hillingdon 030D,E09000017,Hillingdon,21.801,12914,4,0.127,12856,4,0.073,18070,6,23.595,11567,4,-0.584,24511,8,0.534,8617,3,29.948,7004,3,38.502,4803,2
2514,E01002491,Hillingdon 032D,E09000017,Hillingdon,26.093,10125,4,0.176,8335,3,0.103,12092,4,28.706,9101,3,-0.434,22564,7,0.418,10191,4,36.152,3560,2,24.799,11909,4
2515,E01002492,Hillingdon 030E,E09000017,Hillingdon,21.072,13506,5,0.135,12054,4,0.082,15871,5,25.213,10720,4,-0.485,23203,8,0.304,11881,4,28.76,7846,3,30.028,8793,3
2516,E01002493,Hillingdon 032E,E09000017,Hillingdon,31.917,7115,3,0.201,6613,3,0.117,10075,4,36.094,6410,2,-0.022,16327,5,0.302,11908,4,47.883,580,1,16.568,17925,6
2517,E01002494,Hillingdon 009C,E09000017,Hillingdon,11.192,23112,8,0.085,18706,6,0.057,22501,7,9.06,22794,7,-0.517,23650,8,-0.611,25203,8,24.283,11838,4,19.851,15404,5
2518,E01002495,Hillingdon 010E,E09000017,Hillingdon,10.037,24471,8,0.071,21224,7,0.045,26240,8,11.137,20764,7,-0.831,27301,9,-0.367,21987,7,25.27,10860,4,19.432,15727,5
2519,E01002496,Hillingdon 033A,E09000017,Hillingdon,16.8,17182,6,0.099,16490,6,0.067,19672,6,16.876,15907,5,-0.301,20662,7,-0.06,17551,6,28.655,7925,3,30.401,8580,3
2520,E01002497,Hillingdon 033B,E09000017,Hillingdon,15.001,18915,6,0.113,14609,5,0.059,21839,7,15.757,16780,6,-0.731,26256,8,0.275,12311,4,24.476,11650,4,22.452,13523,5
2521,E01002498,Hillingdon 033C,E09000017,Hillingdon,8.295,26697,9,0.052,25706,8,0.04,27800,9,6.794,25261,8,-0.826,27260,9,0.4,10444,4,15.912,21794,7,19.62,15583,5
2522,E01002499,Hillingdon 033D,E09000017,Hillingdon,12.74,21340,7,0.08,19490,6,0.062,21000,7,9.415,22454,7,-0.548,24021,8,-0.532,24207,8,32.09,5594,2,17.849,16946,6
2523,E01002501,Hillingdon 026B,E09000017,Hillingdon,21.242,13368,5,0.134,12129,4,0.098,12974,4,19.173,14274,5,-0.518,23672,8,0.569,8153,3,30.395,6683,3,21.49,14198,5
2524,E01002502,Hillingdon 026C,E09000017,Hillingdon,29.205,8401,3,0.184,7736,3,0.129,8644,3,33.577,7247,3,0.162,13581,5,0.587,7896,3,31.472,5978,2,18.778,16207,5
2525,E01002503,Hillingdon 027C,E09000017,Hillingdon,30.981,7561,3,0.201,6603,3,0.118,9985,4,21.849,12641,4,0.421,10057,4,0.989,3608,2,30.227,6809,3,29.414,9143,3
2526,E01002504,Hillingdon 027D,E09000017,Hillingdon,25.275,10595,4,0.172,8654,3,0.092,13950,5,23.324,11714,4,0.19,13200,5,0.572,8098,3,32.29,5474,2,20.966,14584,5
2527,E01002505,Hillingdon 026D,E09000017,Hillingdon,36.03,5524,2,0.213,5921,2,0.142,7333,3,21.064,13093,4,0.373,10667,4,1.166,2433,1,39.166,2431,1,33.532,6938,3
2528,E01002506,Hillingdon 027E,E09000017,Hillingdon,32.981,6678,3,0.196,6928,3,0.122,9393,3,23.387,11681,4,0.193,13167,5,1.18,2354,1,39.771,2267,1,26.015,11150,4
2529,E01002507,Hillingdon 027F,E09000017,Hillingdon,21.013,13549,5,0.149,10595,4,0.063,20726,7,13.843,18293,6,-0.65,25338,8,0.884,4541,2,34.851,4147,2,24.254,12253,4
2530,E01002508,Hillingdon 026E,E09000017,Hillingdon,34.585,6038,2,0.223,5341,2,0.142,7334,3,26.853,9888,4,0.09,14667,5,1.294,1780,1,32.597,5330,2,26.786,10693,4
2531,E01002509,Hillingdon 017D,E09000017,Hillingdon,8.183,26850,9,0.047,26970,9,0.033,29852,10,6.977,25063,8,-0.937,28289,9,-0.008,16820,6,25.698,10459,4,20.058,15244,5
2532,E01002511,Hillingdon 017E,E09000017,Hillingdon,23.569,11647,4,0.142,11292,4,0.108,11335,4,16.452,16224,5,0.001,16010,5,0.639,7214,3,33.645,4749,2,17.132,17484,6
2533,E01002512,Hillingdon 013C,E09000017,Hillingdon,6.058,29384,9,0.049,26341,9,0.034,29712,10,1.597,31333,10,-1.176,30141,10,0.052,15864,5,20.193,16426,6,13.994,20116,7
2534,E01002513,Hillingdon 013D,E09000017,Hillingdon,12.172,21967,7,0.073,21007,7,0.078,16832,6,5.542,26677,9,-0.443,22683,7,0.08,15420,5,23.114,13085,4,16.038,18393,6
2535,E01002514,Hillingdon 015C,E09000017,Hillingdon,12.343,21785,7,0.088,18220,6,0.056,22840,7,4.933,27377,9,-0.979,28656,9,0.228,13069,4,26.757,9503,3,23.743,12605,4
2536,E01002515,Hillingdon 015D,E09000017,Hillingdon,21.833,12892,4,0.134,12110,4,0.092,13935,5,9.694,22164,7,-0.127,18011,6,0.41,10303,4,36.957,3218,1,25.953,11185,4
2537,E01002516,Hillingdon 013E,E09000017,Hillingdon,7.515,27668,9,0.042,28032,9,0.044,26730,9,2.726,30060,10,-0.781,26795,9,0.046,15955,5,24.546,11584,4,14.381,19783,7
2538,E01002518,Hillingdon 022C,E09000017,Hillingdon,10.195,24260,8,0.058,24179,8,0.036,28955,9,12.031,19906,7,-0.616,24906,8,0.508,8974,3,20.665,15872,5,17.805,16976,6
2539,E01002519,Hillingdon 022D,E09000017,Hillingdon,29.904,8067,3,0.163,9387,3,0.125,9133,3,29.394,8827,3,0.361,10847,4,0.631,7322,3,33.797,4678,2,29.51,9092,3
2540,E01002520,Hillingdon 016B,E09000017,Hillingdon,19.737,14591,5,0.164,9298,3,0.092,13881,5,18.901,14468,5,-0.383,21909,7,-0.79,27201,9,31.894,5723,2,16.497,17987,6
2541,E01002521,Hillingdon 016C,E09000017,Hillingdon,29.236,8385,3,0.205,6378,2,0.122,9476,3,11.263,20653,7,0.858,5385,2,0.34,11329,4,35.428,3884,2,17.137,17480,6
2542,E01002523,Hillingdon 016D,E09000017,Hillingdon,17.141,16868,6,0.085,18687,6,0.055,23198,8,11.394,20532,7,-0.242,19743,7,0.442,9884,4,34.073,4538,2,31.496,7993,3
2543,E01002525,Hillingdon 029B,E09000017,Hillingdon,19.294,15013,5,0.095,17126,6,0.055,22958,7,11.935,20000,7,-0.199,19126,6,1.406,1334,1,19.161,17663,6,34.789,6333,2
2544,E01002526,Hillingdon 028C,E09000017,Hillingdon,28.751,8626,3,0.153,10249,4,0.113,10690,4,38.298,5820,2,0.026,15605,5,0.717,6316,2,36.105,3580,2,21.875,13928,5
2545,E01002527,Hillingdon 031D,E09000017,Hillingdon,27.692,9202,3,0.197,6852,3,0.117,10050,4,22.445,12278,4,0.292,11740,4,0.728,6201,2,26.817,9440,3,20.806,14688,5
2546,E01002528,Hillingdon 028D,E09000017,Hillingdon,35.075,5861,2,0.188,7434,3,0.125,9087,3,43.875,4434,2,0.012,15825,5,1.301,1749,1,38.281,2746,1,24.407,12157,4
2547,E01002529,Hillingdon 029C,E09000017,Hillingdon,20.428,13991,5,0.14,11409,4,0.075,17403,6,15.779,16771,6,-0.201,19147,6,0.891,4481,2,25.897,10265,4,20.292,15060,5
2548,E01002530,Hillingdon 029D,E09000017,Hillingdon,35.344,5774,2,0.214,5872,2,0.149,6655,3,45.265,4110,2,0.636,7545,3,0.729,6187,2,28.385,8122,3,21.376,14283,5
2549,E01002531,Hillingdon 029E,E09000017,Hillingdon,17.549,16512,6,0.114,14438,5,0.083,15640,5,13.262,18820,6,-0.064,16996,6,0.609,7602,3,21.399,15016,5,16.08,18354,6
2550,E01002532,Hillingdon 028E,E09000017,Hillingdon,28.501,8763,3,0.168,8963,3,0.091,14073,5,26.074,10283,4,-0.037,16559,6,0.22,13186,5,46.389,824,1,32.813,7287,3
2551,E01002533,Hillingdon 005A,E09000017,Hillingdon,17.077,16920,6,0.118,13954,5,0.09,14319,5,18.626,14682,5,-0.286,20447,7,-0.112,18318,6,27.052,9214,3,11.012,22995,8
2552,E01002534,Hillingdon 005B,E09000017,Hillingdon,9.663,24926,8,0.08,19595,6,0.049,24912,8,6.469,25636,8,-0.579,24438,8,0.053,15844,5,19.502,17272,6,14.535,19622,6
2553,E01002535,Hillingdon 007E,E09000017,Hillingdon,8.346,26634,9,0.062,23190,8,0.043,26887,9,3.552,29068,9,-0.849,27499,9,0.001,16664,6,18.846,18067,6,23.299,12926,4
2554,E01002536,Hillingdon 009D,E09000017,Hillingdon,9.06,25715,8,0.064,22829,7,0.047,25732,8,7.591,24381,8,-0.278,20325,7,-0.752,26802,9,24.69,11435,4,13.156,20902,7
2555,E01002537,Hillingdon 009E,E09000017,Hillingdon,7.147,28136,9,0.052,25663,8,0.044,26702,9,4.815,27530,9,-0.631,25097,8,-0.199,19600,6,20.233,16384,5,12.852,21178,7
2556,E01002538,Hillingdon 005C,E09000017,Hillingdon,12.169,21973,7,0.092,17579,6,0.069,18933,6,10.702,21179,7,-0.286,20433,7,-0.341,21613,7,21.837,14516,5,11.587,22394,7
2557,E01002539,Hillingdon 005D,E09000017,Hillingdon,7.115,28177,9,0.058,24087,8,0.047,25767,8,6.321,25815,8,-0.9,27973,9,-0.225,19980,7,18.41,18601,6,11.795,22175,7
2558,E01002540,Hillingdon 020C,E09000017,Hillingdon,27.799,9149,3,0.177,8252,3,0.117,10063,4,23.516,11605,4,0.14,13888,5,0.876,4621,2,33.359,4901,2,15.183,19037,6
2559,E01002541,Hillingdon 023A,E09000017,Hillingdon,14.753,19169,6,0.089,18127,6,0.054,23581,8,12.134,19823,7,-0.753,26504,9,0.564,8200,3,33.95,4592,2,12.728,21294,7
2560,E01002542,Hillingdon 020D,E09000017,Hillingdon,29.802,8115,3,0.21,6062,2,0.126,9007,3,21.854,12639,4,-0.036,16547,6,1.057,3098,1,31.229,6140,2,19.581,15615,5
2561,E01002543,Hillingdon 020E,E09000017,Hillingdon,30.671,7704,3,0.2,6671,3,0.122,9423,3,22.858,12000,4,-0.269,20182,7,1.111,2726,1,36.646,3351,2,24.996,11785,4
2562,E01002544,Hillingdon 023B,E09000017,Hillingdon,14.322,19620,6,0.082,19175,6,0.052,24024,8,9.658,22215,7,-0.438,22617,7,-0.066,17626,6,40.024,2183,1,12.643,21374,7
2563,E01002545,Hillingdon 023C,E09000017,Hillingdon,42.956,3488,2,0.286,2664,1,0.172,4815,2,37.642,6013,2,0.154,13673,5,0.714,6349,2,53.191,101,1,14.518,19638,6
2564,E01002546,Hillingdon 023D,E09000017,Hillingdon,19.602,14713,5,0.101,16167,5,0.057,22239,7,13.475,18615,6,-0.551,24070,8,-0.17,19205,6,47.238,671,1,31.309,8098,3
2565,E01002547,Hillingdon 023E,E09000017,Hillingdon,25.05,10730,4,0.186,7585,3,0.091,14161,5,17.551,15429,5,-0.495,23362,8,0.115,14901,5,45.767,925,1,19.66,15552,5
2566,E01002548,Hillingdon 025A,E09000017,Hillingdon,32.004,7083,3,0.219,5580,2,0.124,9194,3,42.224,4816,2,0.409,10203,4,0.253,12686,4,32.373,5443,2,21.385,14273,5
2567,E01002549,Hillingdon 025B,E09000017,Hillingdon,21.154,13435,5,0.121,13609,5,0.097,13050,4,19.16,14282,5,-0.252,19908,7,0.355,11087,4,34.096,4525,2,20.021,15277,5
2568,E01002550,Hillingdon 022E,E09000017,Hillingdon,29.539,8239,3,0.144,11042,4,0.101,12447,4,26.26,10176,4,0.24,12516,4,0.239,12877,4,52.288,137,1,23.356,12881,4
2569,E01002551,Hillingdon 025C,E09000017,Hillingdon,21.816,12906,4,0.152,10346,4,0.092,14005,5,23.941,11385,4,-0.061,16951,6,0.119,14825,5,30.686,6483,2,17.919,16883,6
2570,E01002552,Hillingdon 025D,E09000017,Hillingdon,29.289,8365,3,0.153,10199,4,0.094,13520,5,38.148,5862,2,-0.17,18678,6,1.776,441,1,26.358,9849,3,20.776,14714,5
2571,E01002553,Hillingdon 025E,E09000017,Hillingdon,36.121,5488,2,0.2,6672,3,0.137,7800,3,41.576,4980,2,0.839,5545,2,0.796,5463,2,37.543,3000,1,17.543,17174,6
2572,E01002554,Hillingdon 022F,E09000017,Hillingdon,27.843,9125,3,0.168,8988,3,0.105,11716,4,13.653,18459,6,-0.189,18977,6,1.558,904,1,31.169,6179,2,26.618,10798,4
2573,E01032577,Hillingdon 033E,E09000017,Hillingdon,10.313,24122,8,0.072,21039,7,0.043,26948,9,13.857,18284,6,-0.753,26494,9,-0.026,17087,6,20.954,15561,5,20.436,14949,5
2574,E01033724,Hillingdon 016F,E09000017,Hillingdon,10.113,24368,8,0.05,26158,8,0.025,31571,10,13.274,18805,6,-0.61,24838,8,-0.24,20200,7,30.006,6966,3,23.303,12920,4
2575,E01033725,Hillingdon 015F,E09000017,Hillingdon,21.577,13111,4,0.1,16351,5,0.083,15748,5,12.681,19330,6,-0.034,16524,6,0.563,8220,3,40.674,2002,1,24.706,11968,4
2576,E01002555,Hounslow 022A,E09000018,Hounslow,14.607,19332,6,0.082,19182,6,0.05,24843,8,16.423,16250,5,-0.671,25599,8,0.47,9467,3,28.092,8353,3,24.57,12048,4
2577,E01002556,Hounslow 022B,E09000018,Hounslow,16.965,17019,6,0.114,14383,5,0.061,21258,7,15.698,16830,6,-0.235,19649,6,-0.217,19868,7,29.166,7526,3,30.708,8405,3
2578,E01002557,Hounslow 023A,E09000018,Hounslow,25.437,10494,4,0.144,11062,4,0.088,14669,5,29.517,8779,3,-0.264,20088,7,0.369,10900,4,39.136,2443,1,30.515,8512,3
2579,E01002558,Hounslow 023B,E09000018,Hounslow,23.82,11490,4,0.149,10562,4,0.098,12853,4,24.786,10952,4,-0.085,17339,6,0.038,16093,5,32.812,5190,2,30.085,8751,3
2580,E01002559,Hounslow 023C,E09000018,Hounslow,25.75,10334,4,0.143,11211,4,0.092,13907,5,27.128,9762,3,-0.12,17897,6,-0.69,26108,8,47.991,569,1,27.645,10167,4
2581,E01002560,Hounslow 023D,E09000018,Hounslow,28.577,8721,3,0.158,9824,3,0.11,11047,4,32.944,7456,3,0.278,11940,4,1.064,3039,1,29.745,7145,3,18.245,16617,6
2582,E01002561,Hounslow 023E,E09000018,Hounslow,34.677,5999,2,0.246,4213,2,0.146,6956,3,44.665,4249,2,0.085,14745,5,0.001,16656,6,41.103,1896,1,14.183,19958,7
2583,E01002562,Hounslow 003A,E09000018,Hounslow,32.826,6744,3,0.191,7246,3,0.118,9976,4,17.644,15366,5,0.27,12056,4,1.124,2652,1,37.446,3042,1,38.376,4848,2
2584,E01002563,Hounslow 006A,E09000018,Hounslow,15.794,18140,6,0.081,19373,6,0.063,20798,7,3.795,28768,9,-0.65,25348,8,0.201,13487,5,29.51,7294,3,42.798,3453,2
2585,E01002564,Hounslow 003B,E09000018,Hounslow,34.25,6163,2,0.24,4502,2,0.138,7698,3,15.098,17287,6,0.103,14468,5,1.126,2642,1,35.184,4000,2,33.455,6977,3
2586,E01002565,Hounslow 006B,E09000018,Hounslow,18.186,15965,5,0.084,18869,6,0.044,26734,9,4.4,28041,9,-0.43,22508,7,-0.288,20867,7,36.64,3354,2,58.826,790,1
2587,E01002566,Hounslow 003C,E09000018,Hounslow,34.247,6165,2,0.223,5370,2,0.125,9066,3,17.574,15414,5,-0.102,17593,6,0.585,7921,3,37.44,3046,1,56.539,1009,1
2588,E01002567,Hounslow 006C,E09000018,Hounslow,21.331,13287,5,0.118,13889,5,0.062,20834,7,3.849,28711,9,-0.562,24206,8,1.383,1414,1,23.41,12751,4,46.365,2587,1
2589,E01002568,Hounslow 003D,E09000018,Hounslow,31.74,7180,3,0.211,6014,2,0.11,11064,4,15.18,17222,6,0.732,6566,2,0.722,6260,2,39.674,2297,1,25.042,11752,4
2590,E01002569,Hounslow 001A,E09000018,Hounslow,9.196,25541,8,0.052,25565,8,0.044,26751,9,1.181,31807,10,-0.668,25561,8,-0.307,21149,7,25.435,10713,4,29.995,8817,3
2591,E01002570,Hounslow 001B,E09000018,Hounslow,13.41,20610,7,0.07,21527,7,0.046,25889,8,4.889,27434,9,-0.416,22329,7,0.123,14770,5,27.627,8735,3,37.983,4994,2
2592,E01002571,Hounslow 007A,E09000018,Hounslow,5.356,30161,10,0.03,30897,10,0.022,31984,10,1.543,31400,10,-1.181,30177,10,-0.515,23989,8,23.519,12645,4,22.395,13576,5
2593,E01002572,Hounslow 007B,E09000018,Hounslow,30.321,7879,3,0.215,5815,2,0.138,7673,3,17.944,15172,5,0.552,8490,3,0.268,12416,4,35.219,3978,2,19.508,15669,5
2594,E01002573,Hounslow 001C,E09000018,Hounslow,12.117,22030,7,0.051,25977,8,0.036,29029,9,1.309,31675,10,-1.195,30256,10,0.356,11085,4,26.116,10070,4,46.688,2510,1
2595,E01002574,Hounslow 001D,E09000018,Hounslow,10.811,23534,8,0.058,24301,8,0.037,28720,9,2.533,30285,10,-0.987,28712,9,0.383,10702,4,24.39,11726,4,34.972,6253,2
2596,E01002575,Hounslow 001E,E09000018,Hounslow,7.341,27891,9,0.045,27406,9,0.03,30720,10,0.63,32412,10,-0.965,28549,9,-0.243,20232,7,24.031,12110,4,28.066,9913,4
2597,E01002576,Hounslow 008A,E09000018,Hounslow,21.712,12986,4,0.143,11131,4,0.106,11579,4,5.936,26232,8,-0.092,17443,6,0.551,8384,3,24.909,11220,4,33.776,6811,3
2598,E01002577,Hounslow 007C,E09000018,Hounslow,12.295,21840,7,0.071,21278,7,0.053,23849,8,1.041,31978,10,-0.916,28109,9,0.443,9871,4,23.136,13060,4,35.124,6185,2
2599,E01002578,Hounslow 007D,E09000018,Hounslow,10.479,23903,8,0.073,20979,7,0.047,25583,8,0.742,32300,10,-1.103,29614,10,0.458,9650,3,19.286,17528,6,29.545,9076,3
2600,E01002579,Hounslow 008B,E09000018,Hounslow,9.854,24691,8,0.053,25496,8,0.047,25523,8,0.385,32622,10,-0.891,27898,9,0.411,10284,4,24.76,11360,4,24.71,11964,4
2601,E01002580,Hounslow 008C,E09000018,Hounslow,24.639,10987,4,0.132,12281,4,0.089,14565,5,4.397,28045,9,0.501,9065,3,0.635,7256,3,31.822,5764,2,41.556,3775,2
2602,E01002581,Hounslow 008D,E09000018,Hounslow,11.422,22834,7,0.069,21722,7,0.048,25481,8,2.864,29903,10,-0.705,25967,8,0.575,8063,3,25.694,10463,4,21.004,14562,5
2603,E01002582,Hounslow 008E,E09000018,Hounslow,12.129,22012,7,0.083,19095,6,0.062,20935,7,2.126,30762,10,-0.34,21288,7,0.288,12133,4,20.841,15671,5,22.949,13162,5
2604,E01002583,Hounslow 013A,E09000018,Hounslow,23.659,11602,4,0.121,13560,5,0.067,19515,6,8.726,23162,8,-0.306,20740,7,0.833,5076,2,47.002,711,1,31.86,7794,3
2605,E01002584,Hounslow 013B,E09000018,Hounslow,18.791,15419,5,0.088,18263,6,0.063,20716,7,10.289,21560,7,-0.175,18749,6,0.174,13930,5,42.639,1505,1,28.767,9527,3
2606,E01002585,Hounslow 013C,E09000018,Hounslow,28.48,8782,3,0.162,9432,3,0.1,12457,4,21.127,13057,4,-0.3,20645,7,0.215,13255,5,51.11,205,1,29.587,9056,3
2607,E01002586,Hounslow 013D,E09000018,Hounslow,16.639,17327,6,0.082,19215,6,0.054,23579,8,15.954,16622,6,-0.555,24128,8,0.046,15953,5,35.698,3772,2,33.771,6812,3
2608,E01002587,Hounslow 016A,E09000018,Hounslow,24.141,11297,4,0.144,11050,4,0.091,14061,5,11.658,20273,7,-0.12,17886,6,0.449,9774,3,40.743,1984,1,30.936,8294,3
2609,E01002588,Hounslow 016B,E09000018,Hounslow,37.79,4946,2,0.274,3095,1,0.171,4946,2,42.939,4647,2,0.142,13852,5,-0.075,17767,6,41.351,1822,1,16.067,18367,6
2610,E01002589,Hounslow 013E,E09000018,Hounslow,23.215,11917,4,0.173,8537,3,0.096,13195,5,16.63,16093,5,-0.039,16596,6,-0.311,21199,7,38.663,2599,1,19.017,16029,5
2611,E01002590,Hounslow 022C,E09000018,Hounslow,18.708,15491,5,0.088,18181,6,0.061,21107,7,25.048,10804,4,-0.155,18459,6,0.36,11017,4,30.539,6580,3,29.748,8965,3
2612,E01002591,Hounslow 024A,E09000018,Hounslow,21.737,12963,4,0.128,12715,4,0.088,14709,5,29.305,8857,3,0.086,14716,5,-0.276,20696,7,31.493,5970,2,23.268,12940,4
2613,E01002592,Hounslow 022D,E09000018,Hounslow,24.445,11100,4,0.156,9936,4,0.095,13327,5,27.963,9409,3,-0.273,20252,7,-0.532,24209,8,42.499,1541,1,22.714,13326,5
2614,E01002593,Hounslow 024B,E09000018,Hounslow,23.759,11534,4,0.114,14416,5,0.078,16864,6,18.354,14870,5,0.589,8069,3,0.73,6178,2,30.706,6470,2,29.868,8893,3
2615,E01002594,Hounslow 024C,E09000018,Hounslow,21.842,12881,4,0.152,10309,4,0.097,13086,4,14.14,18036,6,0.027,15594,5,0.234,12958,4,29.604,7239,3,24.985,11792,4
2616,E01002595,Hounslow 022E,E09000018,Hounslow,27.052,9557,3,0.177,8285,3,0.108,11347,4,28.597,9143,3,-0.039,16601,6,0.337,11373,4,34.092,4527,2,28.11,9888,4
2617,E01002596,Hounslow 027A,E09000018,Hounslow,24.229,11229,4,0.149,10593,4,0.074,17683,6,16.633,16089,5,0.27,12053,4,-0.019,16982,6,41.841,1699,1,31.041,8233,3
2618,E01002598,Hounslow 025B,E09000018,Hounslow,25.724,10352,4,0.134,12064,4,0.082,15889,5,31.31,8066,3,-0.302,20685,7,0.837,5047,2,34.507,4320,2,33.959,6711,3
2619,E01002599,Hounslow 025C,E09000018,Hounslow,26.574,9854,4,0.165,9176,3,0.102,12274,4,31.233,8098,3,-0.343,21344,7,0.634,7274,3,38.082,2808,1,18.987,16045,5
2620,E01002600,Hounslow 025D,E09000018,Hounslow,27.138,9513,3,0.169,8859,3,0.103,12029,4,36.925,6212,2,-0.167,18634,6,0.455,9688,3,29.312,7433,3,32.556,7437,3
2621,E01002601,Hounslow 027B,E09000018,Hounslow,16.844,17139,6,0.106,15425,5,0.054,23586,8,16.392,16278,5,-0.255,19951,7,0.198,13526,5,36.211,3530,2,16.301,18144,6
2622,E01002602,Hounslow 027C,E09000018,Hounslow,15.557,18387,6,0.081,19408,6,0.058,22103,7,17.46,15498,5,-0.44,22643,7,-0.418,22671,7,35.73,3761,2,25.741,11322,4
2623,E01002603,Hounslow 025E,E09000018,Hounslow,26.622,9819,3,0.164,9288,3,0.088,14648,5,33.235,7366,3,0.397,10356,4,0.311,11773,4,37.98,2841,1,14.123,20002,7
2624,E01002604,Hounslow 026A,E09000018,Hounslow,35.261,5805,2,0.253,3877,2,0.154,6225,2,33.488,7277,3,-0.019,16291,5,0.569,8149,3,40.324,2107,1,16.516,17975,6
2625,E01002605,Hounslow 026B,E09000018,Hounslow,31.415,7338,3,0.193,7077,3,0.113,10668,4,26.324,10146,4,0.075,14873,5,0.683,6693,3,37.886,2877,1,37.542,5149,2
2626,E01002606,Hounslow 026C,E09000018,Hounslow,38.199,4811,2,0.256,3754,2,0.13,8462,3,39.124,5603,2,0.676,7109,3,0.11,14992,5,46.292,842,1,24.566,12049,4
2627,E01002607,Hounslow 026D,E09000018,Hounslow,21.091,13493,5,0.153,10229,4,0.086,15067,5,22.666,12126,4,-0.367,21685,7,0.186,13741,5,26.875,9396,3,28.202,9837,3
2628,E01002608,Hounslow 028A,E09000018,Hounslow,30.406,7837,3,0.175,8421,3,0.137,7736,3,30.429,8392,3,0.058,15102,5,1.106,2762,1,30.359,6710,3,18.834,16167,5
2629,E01002609,Hounslow 028B,E09000018,Hounslow,15.969,17978,6,0.09,17965,6,0.056,22754,7,13.074,18970,6,-0.362,21622,7,0.392,10569,4,27.667,8703,3,31.54,7966,3
2630,E01002610,Hounslow 028C,E09000018,Hounslow,26.724,9741,3,0.178,8162,3,0.11,11035,4,30.498,8368,3,0.065,15017,5,0.622,7424,3,30.387,6689,3,16.898,17672,6
2631,E01002611,Hounslow 024D,E09000018,Hounslow,21.015,13547,5,0.097,16849,6,0.074,17876,6,23.044,11875,4,-0.123,17939,6,0.713,6360,2,30.849,6388,2,30.483,8528,3
2632,E01002612,Hounslow 024E,E09000018,Hounslow,26.874,9664,3,0.18,8059,3,0.092,14001,5,21.154,13042,4,-0.113,17788,6,1.02,3365,2,30.336,6728,3,30.987,8261,3
2633,E01002613,Hounslow 024F,E09000018,Hounslow,18.663,15529,5,0.12,13640,5,0.079,16633,6,18.14,15042,5,-0.077,17205,6,-0.152,18912,6,27.336,8962,3,28.375,9738,3
2634,E01002614,Hounslow 027D,E09000018,Hounslow,14.622,19316,6,0.086,18507,6,0.049,25001,8,10.991,20901,7,-0.652,25375,8,-0.505,23871,8,41.33,1830,1,21.121,14473,5
2635,E01002615,Hounslow 026E,E09000018,Hounslow,35.997,5539,2,0.224,5324,2,0.145,7011,3,30.629,8312,3,0.342,11063,4,0.415,10233,4,48.934,461,1,19.272,15822,5
2636,E01002616,Hounslow 027E,E09000018,Hounslow,17.155,16858,6,0.102,16016,5,0.068,19278,6,23.838,11425,4,-0.025,16383,5,-0.053,17469,6,23.951,12197,4,24.358,12189,4
2637,E01002617,Hounslow 028D,E09000018,Hounslow,13.082,20968,7,0.062,23305,8,0.046,25935,8,12.086,19867,7,-0.727,26206,8,-0.302,21070,7,38.835,2543,1,21.92,13901,5
2638,E01002618,Hounslow 011A,E09000018,Hounslow,16.027,17916,6,0.101,16159,5,0.07,18659,6,8.055,23883,8,-0.617,24929,8,0.325,11560,4,27.987,8449,3,29.869,8891,3
2639,E01002619,Hounslow 010A,E09000018,Hounslow,18.826,15394,5,0.127,12921,4,0.062,21012,7,11.638,20294,7,-0.522,23714,8,0.502,9060,3,35.336,3919,2,26.614,10803,4
2640,E01002620,Hounslow 004A,E09000018,Hounslow,25.894,10260,4,0.169,8854,3,0.098,12843,4,14.589,17689,6,-0.284,20402,7,0.747,5975,2,37.474,3031,1,30.595,8460,3
2641,E01002621,Hounslow 011B,E09000018,Hounslow,20.065,14294,5,0.124,13258,5,0.083,15756,5,11.988,19948,7,-0.227,19520,6,0.124,14739,5,34.556,4291,2,30.217,8685,3
2642,E01002622,Hounslow 010B,E09000018,Hounslow,22.887,12136,4,0.123,13317,5,0.072,18148,6,8.292,23652,8,-0.09,17402,6,0.955,3875,2,41.049,1913,1,26.462,10902,4
2643,E01002623,Hounslow 011C,E09000018,Hounslow,28.246,8903,3,0.167,8997,3,0.116,10239,4,11.543,20379,7,0.447,9754,3,0.525,8734,3,41.414,1800,1,25.124,11702,4
2644,E01002624,Hounslow 017A,E09000018,Hounslow,21.671,13021,4,0.095,17044,6,0.068,19275,6,8.699,23189,8,-0.345,21365,7,0.538,8572,3,43.248,1375,1,40.185,4203,2
2645,E01002625,Hounslow 004B,E09000018,Hounslow,16.44,17517,6,0.102,16048,5,0.076,17312,6,11.016,20871,7,-0.748,26435,9,0.039,16068,5,30.612,6522,2,29.301,9215,3
2646,E01002626,Hounslow 004C,E09000018,Hounslow,18.608,15569,5,0.098,16582,6,0.071,18374,6,10.462,21396,7,-0.331,21137,7,0.948,3954,2,28.783,7832,3,25.6,11408,4
2647,E01002627,Hounslow 004D,E09000018,Hounslow,28.971,8506,3,0.213,5952,2,0.136,7825,3,19.236,14234,5,0.305,11555,4,-0.496,23724,8,40.358,2094,1,16.808,17749,6
2648,E01002628,Hounslow 011D,E09000018,Hounslow,17.193,16819,6,0.12,13624,5,0.059,21695,7,7.717,24223,8,-0.495,23355,8,0.447,9804,3,31.649,5878,2,28.64,9592,3
2649,E01002629,Hounslow 011E,E09000018,Hounslow,23.111,11979,4,0.149,10606,4,0.081,15992,5,8.379,23549,8,-0.036,16543,6,0.435,9967,4,38.367,2709,1,32.64,7385,3
2650,E01002630,Hounslow 012A,E09000018,Hounslow,17.06,16936,6,0.089,18086,6,0.055,23087,8,6.079,26084,8,-0.959,28491,9,0.464,9577,3,39.052,2467,1,34.0,6692,3
2651,E01002631,Hounslow 004E,E09000018,Hounslow,23.712,11568,4,0.178,8206,3,0.092,13978,5,11.339,20575,7,-0.293,20549,7,0.322,11611,4,37.668,2949,1,27.843,10049,4
2652,E01002632,Hounslow 010C,E09000018,Hounslow,19.386,14926,5,0.103,15969,5,0.073,18021,6,8.585,23327,8,-0.532,23821,8,0.967,3790,2,30.375,6698,3,31.447,8024,3
2653,E01002633,Hounslow 005A,E09000018,Hounslow,38.259,4802,2,0.26,3598,2,0.159,5775,2,29.261,8875,3,0.511,8977,3,0.058,15771,5,46.777,756,1,24.47,12110,4
2654,E01002634,Hounslow 005B,E09000018,Hounslow,32.83,6742,3,0.22,5499,2,0.15,6546,2,27.281,9703,3,-0.111,17761,6,0.587,7905,3,41.543,1763,1,18.671,16295,5
2655,E01002635,Hounslow 010D,E09000018,Hounslow,20.411,14005,5,0.116,14133,5,0.068,19369,6,10.177,21653,7,-0.689,25806,8,1.068,3007,1,32.592,5335,2,30.673,8428,3
2656,E01002636,Hounslow 010E,E09000018,Hounslow,16.552,17423,6,0.105,15675,5,0.062,20976,7,10.987,20905,7,-0.561,24201,8,0.139,14486,5,35.128,4036,2,25.373,11537,4
2657,E01002637,Hounslow 005C,E09000018,Hounslow,31.385,7357,3,0.195,6993,3,0.109,11135,4,21.257,12991,4,-0.16,18531,6,0.479,9361,3,48.256,543,1,34.83,6319,2
2658,E01002638,Hounslow 005D,E09000018,Hounslow,30.834,7635,3,0.22,5555,2,0.112,10716,4,21.919,12590,4,-0.178,18807,6,1.048,3155,1,39.547,2338,1,19.909,15358,5
2659,E01002639,Hounslow 012B,E09000018,Hounslow,14.789,19136,6,0.072,21109,7,0.057,22366,7,4.379,28064,9,-0.406,22198,7,0.536,8585,3,33.527,4800,2,25.048,11747,4
2660,E01002640,Hounslow 012C,E09000018,Hounslow,18.568,15615,5,0.07,21439,7,0.035,29420,9,5.921,26248,8,-0.362,21609,7,1.362,1502,1,39.031,2474,1,28.601,9610,3
2661,E01002641,Hounslow 018A,E09000018,Hounslow,26.128,10104,4,0.136,11917,4,0.072,18153,6,9.945,21881,7,-0.322,20992,7,1.409,1323,1,40.204,2137,1,36.113,5763,2
2662,E01002642,Hounslow 015A,E09000018,Hounslow,21.183,13415,5,0.105,15624,5,0.061,21220,7,5.868,26304,9,-0.637,25173,8,0.661,6963,3,41.669,1737,1,43.08,3386,2
2663,E01002643,Hounslow 015B,E09000018,Hounslow,22.949,12090,4,0.139,11519,4,0.086,14999,5,9.325,22550,7,0.055,15158,5,0.372,10854,4,34.847,4149,2,36.219,5719,2
2664,E01002645,Hounslow 015C,E09000018,Hounslow,25.375,10526,4,0.135,11959,4,0.067,19639,6,12.084,19871,7,-0.141,18250,6,1.197,2247,1,36.992,3200,1,39.972,4267,2
2665,E01002646,Hounslow 017B,E09000018,Hounslow,29.885,8074,3,0.211,6025,2,0.118,9932,4,13.973,18185,6,0.255,12251,4,0.193,13622,5,41.424,1797,1,31.453,8018,3
2666,E01002647,Hounslow 021A,E09000018,Hounslow,23.875,11448,4,0.135,11966,4,0.089,14403,5,10.95,20948,7,0.11,14353,5,0.434,9980,4,43.058,1417,1,23.868,12514,4
2667,E01002648,Hounslow 018C,E09000018,Hounslow,20.096,14256,5,0.103,15908,5,0.059,21704,7,9.426,22447,7,-0.166,18627,6,0.868,4707,2,38.786,2559,1,26.022,11145,4
2668,E01002649,Hounslow 018D,E09000018,Hounslow,26.623,9818,3,0.155,10006,4,0.096,13248,5,6.005,26158,8,0.168,13498,5,0.676,6774,3,39.911,2213,1,38.329,4872,2
2669,E01002650,Hounslow 021B,E09000018,Hounslow,23.751,11539,4,0.151,10398,4,0.081,16040,5,8.812,23066,8,-0.49,23289,8,0.321,11627,4,48.862,467,1,26.123,11099,4
2670,E01002651,Hounslow 021C,E09000018,Hounslow,19.225,15066,5,0.137,11792,4,0.068,19227,6,6.057,26109,8,-0.166,18619,6,0.426,10082,4,34.705,4217,2,25.576,11428,4
2671,E01002652,Hounslow 021D,E09000018,Hounslow,18.402,15782,5,0.125,13048,4,0.07,18664,6,8.866,23005,8,-0.609,24826,8,0.568,8161,3,31.54,5945,2,27.872,10032,4
2672,E01002653,Hounslow 019A,E09000018,Hounslow,14.702,19227,6,0.083,18985,6,0.07,18865,6,8.393,23536,8,-0.396,22065,7,-0.2,19608,6,29.405,7373,3,29.473,9112,3
2673,E01002654,Hounslow 019B,E09000018,Hounslow,14.654,19284,6,0.072,21065,7,0.068,19307,6,6.03,26129,8,-0.639,25195,8,0.133,14606,5,31.995,5658,2,30.802,8365,3
2674,E01002655,Hounslow 019C,E09000018,Hounslow,12.671,21413,7,0.06,23622,8,0.059,21943,7,6.217,25938,8,-0.702,25944,8,0.244,12820,4,25.649,10520,4,32.973,7215,3
2675,E01002656,Hounslow 019D,E09000018,Hounslow,14.958,18955,6,0.075,20592,7,0.066,19735,7,8.567,23340,8,-0.178,18809,6,-0.426,22780,7,34.55,4295,2,26.382,10935,4
2676,E01002657,Hounslow 018E,E09000018,Hounslow,8.719,26151,8,0.053,25408,8,0.032,30021,10,4.742,27615,9,-0.768,26661,9,-0.046,17378,6,25.354,10789,4,24.779,11926,4
2677,E01002658,Hounslow 015D,E09000018,Hounslow,9.969,24569,8,0.043,27868,9,0.03,30583,10,3.578,29033,9,-0.392,22019,7,0.25,12728,4,31.606,5905,2,20.277,15075,5
2678,E01002659,Hounslow 019E,E09000018,Hounslow,14.745,19183,6,0.086,18613,6,0.058,22051,7,10.789,21091,7,-0.576,24394,8,-0.419,22686,7,36.9,3235,1,24.279,12235,4
2679,E01002660,Hounslow 016C,E09000018,Hounslow,18.802,15408,5,0.128,12819,4,0.065,19998,7,9.787,22067,7,-0.612,24856,8,0.465,9546,3,34.843,4151,2,29.1,9322,3
2680,E01002661,Hounslow 016D,E09000018,Hounslow,16.528,17440,6,0.095,17043,6,0.059,21853,7,10.902,20983,7,-0.544,23980,8,0.332,11457,4,34.362,4390,2,27.701,10137,4
2681,E01002662,Hounslow 017C,E09000018,Hounslow,17.234,16786,6,0.059,24070,8,0.037,28784,9,5.771,26421,9,-0.533,23833,8,0.65,7071,3,39.964,2197,1,43.684,3248,1
2682,E01002663,Hounslow 017D,E09000018,Hounslow,21.955,12810,4,0.146,10864,4,0.07,18855,6,11.328,20588,7,0.108,14386,5,0.326,11553,4,40.304,2116,1,22.978,13140,5
2683,E01002664,Hounslow 017E,E09000018,Hounslow,28.32,8869,3,0.174,8483,3,0.116,10213,4,5.553,26663,9,-0.166,18618,6,0.976,3713,2,38.628,2614,1,36.497,5580,2
2684,E01002665,Hounslow 016E,E09000018,Hounslow,23.173,11944,4,0.164,9328,3,0.091,14160,5,13.027,19017,6,0.118,14232,5,0.089,15291,5,35.423,3885,2,26.992,10551,4
2685,E01002666,Hounslow 021E,E09000018,Hounslow,17.794,16317,5,0.118,13955,5,0.077,17009,6,10.639,21229,7,-0.303,20686,7,-0.043,17334,6,32.091,5592,2,26.951,10577,4
2686,E01002667,Hounslow 020A,E09000018,Hounslow,20.952,13586,5,0.145,11004,4,0.097,13123,4,8.086,23851,8,-0.054,16842,6,0.593,7833,3,28.066,8373,3,23.138,13027,4
2687,E01002668,Hounslow 014A,E09000018,Hounslow,15.455,18494,6,0.091,17686,6,0.072,18329,6,11.964,19968,7,-0.302,20681,7,0.195,13600,5,28.849,7769,3,19.644,15566,5
2688,E01002669,Hounslow 014B,E09000018,Hounslow,38.698,4666,2,0.245,4267,2,0.146,6930,3,25.226,10715,4,0.482,9307,3,0.134,14591,5,50.01,318,1,36.975,5403,2
2689,E01002670,Hounslow 020B,E09000018,Hounslow,15.821,18118,6,0.083,19083,6,0.058,22001,7,6.798,25255,8,-0.572,24345,8,0.363,10974,4,34.272,4441,2,31.2,8158,3
2690,E01002671,Hounslow 020C,E09000018,Hounslow,17.739,16369,5,0.097,16787,6,0.081,16016,5,8.7,23188,8,-0.359,21573,7,0.287,12137,4,25.527,10640,4,38.087,4954,2
2691,E01002672,Hounslow 020D,E09000018,Hounslow,26.691,9767,3,0.192,7204,3,0.102,12219,4,12.362,19604,6,0.148,13758,5,0.269,12409,4,41.085,1901,1,24.788,11919,4
2692,E01002673,Hounslow 020E,E09000018,Hounslow,49.21,2294,1,0.331,1421,1,0.209,2734,1,34.916,6787,3,0.94,4688,2,0.526,8717,3,48.335,532,1,15.573,18753,6
2693,E01002674,Hounslow 012D,E09000018,Hounslow,14.573,19371,6,0.086,18586,6,0.047,25658,8,1.908,30996,10,-0.981,28673,9,0.129,14672,5,39.072,2463,1,31.301,8107,3
2694,E01002675,Hounslow 009A,E09000018,Hounslow,13.828,20123,7,0.086,18569,6,0.045,26232,8,1.711,31201,10,-0.8,27005,9,0.363,10972,4,38.224,2761,1,21.117,14475,5
2695,E01002676,Hounslow 012E,E09000018,Hounslow,15.65,18291,6,0.06,23727,8,0.047,25548,8,1.235,31743,10,-0.998,28802,9,0.942,4005,2,39.762,2268,1,28.243,9814,3
2696,E01002677,Hounslow 015E,E09000018,Hounslow,19.551,14763,5,0.11,14879,5,0.08,16355,5,5.074,27204,9,-0.197,19083,6,0.711,6382,2,29.671,7200,3,33.459,6975,3
2697,E01002678,Hounslow 009B,E09000018,Hounslow,11.412,22847,7,0.058,24323,8,0.033,29774,10,1.442,31524,10,-1.259,30655,10,-0.417,22661,7,42.213,1612,1,26.329,10973,4
2698,E01002679,Hounslow 009C,E09000018,Hounslow,13.359,20674,7,0.064,22842,7,0.04,27993,9,3.617,28987,9,-0.57,24332,8,-0.394,22367,7,41.292,1838,1,30.727,8397,3
2699,E01002680,Hounslow 009D,E09000018,Hounslow,16.185,17764,6,0.075,20467,7,0.054,23509,8,2.559,30262,10,-0.552,24080,8,0.724,6233,2,33.164,4997,2,35.811,5888,2
2700,E01002681,Hounslow 014C,E09000018,Hounslow,26.437,9916,4,0.158,9810,3,0.121,9565,3,12.14,19818,7,-0.138,18200,6,1.065,3026,1,33.607,4763,2,23.295,12929,4
2701,E01002682,Hounslow 014D,E09000018,Hounslow,18.175,15987,5,0.098,16658,6,0.062,21055,7,9.45,22418,7,-0.294,20565,7,0.621,7429,3,31.949,5693,2,33.058,7176,3
2702,E01002683,Hounslow 014E,E09000018,Hounslow,12.087,22060,7,0.065,22596,7,0.041,27720,9,3.53,29095,9,-0.709,26009,8,0.088,15311,5,26.502,9709,3,39.323,4493,2
2703,E01002684,Hounslow 006D,E09000018,Hounslow,24.157,11286,4,0.158,9820,3,0.086,15005,5,11.761,20183,7,-0.012,16199,5,0.309,11800,4,28.162,8289,3,48.396,2185,1
2704,E01002686,Hounslow 006E,E09000018,Hounslow,37.807,4940,2,0.21,6076,2,0.147,6841,3,28.2,9313,3,0.581,8161,3,0.925,4182,2,47.412,640,1,22.725,13319,5
2705,E01002687,Hounslow 029A,E09000018,Hounslow,11.415,22842,7,0.075,20399,7,0.04,27980,9,1.006,32017,10,-0.974,28615,9,0.459,9643,3,26.632,9613,3,28.527,9654,3
2706,E01002689,Hounslow 007E,E09000018,Hounslow,19.261,15036,5,0.133,12168,4,0.104,11906,4,10.992,20899,7,-0.304,20725,7,0.014,16456,6,23.112,13088,4,31.463,8010,3
2707,E01002690,Hounslow 007F,E09000018,Hounslow,10.253,24196,8,0.055,25009,8,0.047,25510,8,0.453,32558,10,-0.896,27945,9,-0.117,18380,6,26.297,9892,4,34.205,6589,3
2708,E01002691,Hounslow 029B,E09000018,Hounslow,10.73,23626,8,0.063,22983,7,0.049,24972,8,2.773,30008,10,-1.064,29325,9,-0.88,28054,9,33.946,4597,2,28.2,9841,3
2709,E01002692,Hounslow 029C,E09000018,Hounslow,16.106,17842,6,0.102,16096,5,0.065,20186,7,5.463,26761,9,-0.993,28761,9,0.02,16367,5,32.104,5580,2,37.792,5071,2
2710,E01002693,Hounslow 029D,E09000018,Hounslow,15.502,18443,6,0.105,15693,5,0.055,23263,8,1.866,31039,10,-0.306,20745,7,0.624,7408,3,24.939,11179,4,32.468,7480,3
2711,E01032573,Hounslow 029E,E09000018,Hounslow,11.533,22713,7,0.063,22935,7,0.038,28332,9,3.943,28602,9,-0.954,28448,9,0.303,11892,4,24.215,11917,4,37.707,5098,2
2712,E01033000,Hounslow 025F,E09000018,Hounslow,36.05,5512,2,0.239,4539,2,0.154,6242,2,32.459,7633,3,0.449,9725,3,0.4,10453,4,40.629,2014,1,22.204,13720,5
2713,E01033030,Hounslow 025G,E09000018,Hounslow,18.378,15806,5,0.077,20100,7,0.049,25045,8,10.861,21027,7,0.033,15507,5,-0.11,18287,6,33.637,4754,2,49.77,1952,1
2714,E01033081,Hounslow 003F,E09000018,Hounslow,24.31,11177,4,0.168,8965,3,0.101,12310,4,10.984,20910,7,0.247,12381,4,0.725,6228,2,31.745,5817,2,18.281,16590,6
2715,E01033082,Hounslow 003G,E09000018,Hounslow,25.28,10592,4,0.156,9912,4,0.1,12465,4,11.004,20886,7,0.041,15374,5,0.767,5762,2,37.702,2937,1,24.909,11838,4
2716,E01033083,Hounslow 018F,E09000018,Hounslow,19.67,14649,5,0.055,24919,8,0.03,30736,10,2.576,30245,10,-0.53,23803,8,0.869,4699,2,42.424,1559,1,56.136,1050,1
2717,E01033084,Hounslow 018G,E09000018,Hounslow,26.359,9962,4,0.118,13881,5,0.081,16100,5,11.124,20779,7,-0.634,25146,8,1.29,1800,1,46.926,727,1,33.275,7066,3
2718,E01002694,Islington 019A,E09000019,Islington,42.957,3487,2,0.325,1550,1,0.181,4257,2,24.234,11214,4,1.028,4031,2,0.611,7575,3,26.534,9687,3,32.736,7326,3
2719,E01002695,Islington 021A,E09000019,Islington,22.394,12467,4,0.122,13499,5,0.077,17085,6,7.484,24504,8,0.542,8605,3,0.614,7537,3,30.124,6874,3,34.132,6618,3
2720,E01002696,Islington 020A,E09000019,Islington,20.191,14178,5,0.105,15698,5,0.063,20703,7,10.796,21083,7,0.005,15932,5,0.603,7710,3,24.675,11456,4,47.584,2336,1
2721,E01002697,Islington 019B,E09000019,Islington,31.847,7142,3,0.216,5772,2,0.122,9446,3,20.908,13198,5,0.832,5616,2,0.654,7035,3,26.617,9626,3,32.232,7595,3
2722,E01002698,Islington 017A,E09000019,Islington,17.454,16593,6,0.118,13876,5,0.083,15629,5,7.193,24817,8,-0.086,17351,6,-0.423,22745,7,28.217,8251,3,30.939,8291,3
2723,E01002699,Islington 017B,E09000019,Islington,19.741,14586,5,0.138,11637,4,0.091,14119,5,11.888,20041,7,0.097,14557,5,-0.259,20470,7,23.778,12366,4,33.267,7073,3
2724,E01002700,Islington 017C,E09000019,Islington,13.447,20562,7,0.07,21424,7,0.056,22809,7,1.401,31576,10,-0.801,27008,9,0.522,8764,3,21.479,14922,5,40.659,4053,2
2725,E01002701,Islington 023A,E09000019,Islington,27.789,9154,3,0.186,7626,3,0.108,11373,4,17.553,15425,5,0.396,10382,4,0.081,15407,5,28.431,8090,3,44.139,3115,1
2726,E01002702,Islington 023B,E09000019,Islington,29.535,8242,3,0.21,6072,2,0.124,9189,3,16.269,16352,5,0.321,11327,4,0.581,7972,3,27.658,8714,3,36.14,5754,2
2727,E01002703,Islington 023C,E09000019,Islington,27.328,9396,3,0.221,5486,2,0.111,10861,4,16.157,16449,6,-0.27,20200,7,0.409,10312,4,30.919,6338,2,34.606,6427,2
2728,E01002704,Islington 023D,E09000019,Islington,22.281,12549,4,0.161,9587,3,0.106,11527,4,8.771,23115,8,0.084,14761,5,-0.618,25293,8,31.284,6095,2,33.543,6931,3
2729,E01002706,Islington 023E,E09000019,Islington,24.912,10815,4,0.177,8283,3,0.094,13549,5,8.973,22884,7,-0.075,17173,6,0.441,9904,4,29.461,7329,3,44.149,3112,1
2730,E01002707,Islington 022B,E09000019,Islington,25.684,10377,4,0.152,10281,4,0.083,15621,5,14.096,18080,6,0.152,13701,5,0.34,11328,4,32.096,5585,2,50.036,1909,1
2731,E01002708,Islington 015A,E09000019,Islington,29.96,8035,3,0.183,7833,3,0.103,11962,4,19.614,14009,5,0.392,10441,4,0.655,7024,3,38.29,2743,1,34.33,6536,2
2732,E01002709,Islington 019C,E09000019,Islington,35.167,5835,2,0.268,3274,1,0.138,7662,3,21.039,13112,4,0.709,6786,3,0.561,8255,3,28.304,8186,3,33.269,7072,3
2733,E01002710,Islington 019D,E09000019,Islington,30.958,7574,3,0.208,6208,2,0.147,6867,3,17.981,15143,5,0.644,7448,3,0.282,12220,4,29.009,7646,3,30.687,8417,3
2734,E01002711,Islington 021B,E09000019,Islington,21.801,12915,4,0.129,12596,4,0.086,14988,5,4.006,28538,9,0.205,12997,4,-0.179,19340,6,35.773,3739,2,39.811,4328,2
2735,E01002712,Islington 015B,E09000019,Islington,27.046,9562,3,0.155,10030,4,0.09,14285,5,27.46,9617,3,0.597,7959,3,0.575,8060,3,29.222,7489,3,30.793,8371,3
2736,E01002713,Islington 015C,E09000019,Islington,44.476,3166,1,0.295,2369,1,0.198,3237,1,29.017,8962,3,1.057,3820,2,1.024,3342,2,28.074,8366,3,27.508,10259,4
2737,E01002714,Islington 017D,E09000019,Islington,14.035,19913,7,0.078,19837,7,0.053,23754,8,5.843,26334,9,-0.536,23872,8,0.261,12539,4,25.392,10753,4,37.528,5154,2
2738,E01002715,Islington 019E,E09000019,Islington,38.505,4721,2,0.263,3497,2,0.174,4673,2,30.03,8546,3,0.932,4779,2,0.543,8497,3,27.77,8636,3,26.58,10822,4
2739,E01002716,Islington 014A,E09000019,Islington,34.594,6033,2,0.258,3659,2,0.147,6835,3,13.937,18216,6,0.879,5227,2,0.508,8976,3,29.082,7585,3,30.582,8472,3
2740,E01002717,Islington 016A,E09000019,Islington,22.402,12461,4,0.156,9938,4,0.088,14599,5,10.784,21096,7,-0.073,17147,6,0.841,5005,2,24.761,11358,4,30.601,8458,3
2741,E01002718,Islington 014B,E09000019,Islington,19.385,14929,5,0.096,16977,6,0.065,20116,7,10.165,21662,7,-0.226,19508,6,0.817,5233,2,23.647,12494,4,44.597,2996,1
2742,E01002719,Islington 016B,E09000019,Islington,16.71,17270,6,0.1,16349,5,0.072,18249,6,11.058,20844,7,-0.504,23474,8,0.735,6121,2,21.892,14447,5,28.609,9603,3
2743,E01002720,Islington 016C,E09000019,Islington,40.041,4250,2,0.312,1878,1,0.18,4285,2,25.618,10507,4,0.723,6652,3,0.451,9753,3,28.756,7850,3,26.837,10661,4
2744,E01002721,Islington 014C,E09000019,Islington,28.168,8938,3,0.164,9314,3,0.118,9981,4,20.917,13192,5,0.351,10957,4,0.83,5113,2,25.557,10609,4,35.432,6045,2
2745,E01002722,Islington 018A,E09000019,Islington,36.798,5269,2,0.242,4390,2,0.169,5018,2,17.952,15166,5,0.628,7620,3,0.876,4618,2,28.934,7717,3,36.328,5664,2
2746,E01002723,Islington 022C,E09000019,Islington,28.536,8750,3,0.197,6825,3,0.116,10186,4,13.814,18316,6,0.5,9081,3,0.365,10948,4,31.233,6131,2,34.024,6676,3
2747,E01002724,Islington 022D,E09000019,Islington,14.573,19372,6,0.066,22473,7,0.033,29807,10,5.937,26231,8,-0.202,19157,6,-0.453,23163,8,27.685,8690,3,53.924,1315,1
2748,E01002725,Islington 022E,E09000019,Islington,29.084,8458,3,0.211,6054,2,0.112,10739,4,15.534,16952,6,0.436,9878,4,0.43,10033,4,29.535,7276,3,36.865,5440,2
2749,E01002726,Islington 022F,E09000019,Islington,24.493,11070,4,0.172,8612,3,0.109,11137,4,7.84,24100,8,0.324,11288,4,0.187,13721,5,27.81,8598,3,35.243,6126,2
2750,E01002727,Islington 021C,E09000019,Islington,26.051,10165,4,0.155,10008,4,0.108,11367,4,11.902,20031,7,0.103,14464,5,0.489,9224,3,28.35,8153,3,46.351,2590,1
2751,E01002728,Islington 021D,E09000019,Islington,27.235,9446,3,0.15,10495,4,0.095,13414,5,9.661,22208,7,0.671,7165,3,1.112,2721,1,27.014,9263,3,35.2,6144,2
2752,E01002729,Islington 021E,E09000019,Islington,31.027,7539,3,0.186,7605,3,0.159,5774,2,7.445,24542,8,-0.079,17253,6,0.703,6469,2,24.118,12017,4,56.134,1051,1
2753,E01002730,Islington 007A,E09000019,Islington,30.4,7841,3,0.168,8967,3,0.094,13537,5,9.46,22409,7,0.528,8755,3,1.557,906,1,30.287,6770,3,39.097,4589,2
2754,E01002731,Islington 007B,E09000019,Islington,24.496,11066,4,0.125,13149,5,0.067,19620,6,10.247,21595,7,-0.13,18071,6,1.166,2432,1,32.035,5633,2,47.063,2440,1
2755,E01002732,Islington 005A,E09000019,Islington,47.055,2650,1,0.291,2481,1,0.22,2255,1,23.439,11648,4,0.959,4549,2,1.373,1448,1,31.405,6026,2,29.832,8915,3
2756,E01002733,Islington 007C,E09000019,Islington,18.532,15654,5,0.123,13320,5,0.067,19618,6,1.225,31753,10,-0.209,19253,6,0.983,3656,2,23.169,13018,4,33.207,7103,3
2757,E01002734,Islington 005B,E09000019,Islington,40.543,4096,2,0.264,3421,2,0.149,6687,3,21.967,12560,4,0.485,9259,3,1.583,836,1,33.926,4603,2,36.243,5709,2
2758,E01002735,Islington 003A,E09000019,Islington,33.51,6465,2,0.235,4772,2,0.147,6851,3,6.451,25652,8,0.324,11287,4,1.058,3093,1,30.602,6530,2,38.07,4959,2
2759,E01002736,Islington 005C,E09000019,Islington,45.005,3060,1,0.336,1296,1,0.219,2332,1,30.254,8456,3,0.561,8378,3,0.885,4529,2,27.051,9217,3,22.471,13502,5
2760,E01002737,Islington 005D,E09000019,Islington,35.801,5609,2,0.268,3300,2,0.171,4919,2,25.83,10405,4,0.611,7798,3,0.436,9954,4,27.181,9094,3,23.924,12474,4
2761,E01002738,Islington 009A,E09000019,Islington,24.682,10960,4,0.164,9270,3,0.114,10484,4,12.292,19673,6,-0.233,19627,6,0.761,5827,2,26.246,9941,4,34.201,6591,3
2762,E01002739,Islington 013A,E09000019,Islington,17.378,16660,6,0.114,14466,5,0.072,18367,6,1.688,31224,10,-0.441,22657,7,0.457,9659,3,23.79,12354,4,41.214,3875,2
2763,E01002740,Islington 013B,E09000019,Islington,16.104,17843,6,0.076,20368,7,0.052,24155,8,4.747,27607,9,-0.759,26558,9,0.97,3769,2,22.639,13591,5,43.196,3361,2
2764,E01002741,Islington 009B,E09000019,Islington,34.846,5946,2,0.264,3467,2,0.171,4941,2,21.088,13079,4,0.404,10267,4,0.581,7976,3,28.864,7758,3,24.06,12371,4
2765,E01002742,Islington 006A,E09000019,Islington,15.801,18132,6,0.093,17409,6,0.054,23379,8,1.487,31466,10,-0.187,18949,6,0.713,6361,2,20.561,15993,5,39.527,4413,2
2766,E01002743,Islington 009C,E09000019,Islington,19.06,15181,5,0.129,12667,4,0.071,18447,6,8.148,23792,8,0.033,15498,5,0.358,11047,4,25.915,10244,4,34.123,6623,3
2767,E01002744,Islington 009D,E09000019,Islington,17.889,16228,5,0.113,14540,5,0.089,14547,5,6.872,25176,8,0.185,13266,5,0.19,13672,5,22.913,13307,5,26.629,10788,4
2768,E01002745,Islington 013C,E09000019,Islington,15.807,18128,6,0.111,14868,5,0.079,16469,6,5.096,27183,9,-0.505,23495,8,0.454,9708,3,22.079,14229,5,27.058,10506,4
2769,E01002747,Islington 006B,E09000019,Islington,13.325,20714,7,0.091,17761,6,0.07,18657,6,2.092,30795,10,-0.053,16833,6,-0.877,28032,9,23.418,12745,4,30.233,8673,3
2770,E01002748,Islington 006C,E09000019,Islington,39.897,4293,2,0.246,4219,2,0.177,4459,2,8.618,23295,8,0.637,7534,3,1.646,689,1,30.701,6473,2,36.588,5544,2
2771,E01002749,Islington 006D,E09000019,Islington,22.829,12160,4,0.164,9318,3,0.092,13924,5,13.439,18648,6,-0.066,17019,6,0.515,8858,3,23.955,12193,4,36.054,5784,2
2772,E01002751,Islington 005E,E09000019,Islington,38.0,4870,2,0.263,3496,2,0.16,5731,2,15.087,17297,6,0.396,10387,4,0.633,7283,3,31.053,6241,2,53.251,1403,1
2773,E01002752,Islington 009E,E09000019,Islington,22.426,12440,4,0.175,8376,3,0.111,10958,4,8.86,23012,8,-0.096,17498,6,0.424,10110,4,23.898,12246,4,27.8,10076,4
2774,E01002753,Islington 002A,E09000019,Islington,29.443,8283,3,0.195,6937,3,0.126,8946,3,24.723,10976,4,0.372,10699,4,0.576,8046,3,30.761,6433,2,24.201,12291,4
2775,E01002754,Islington 002B,E09000019,Islington,16.43,17536,6,0.107,15359,5,0.065,19990,7,2.258,30580,10,0.016,15759,5,0.744,6004,2,24.444,11683,4,22.93,13179,5
2776,E01002755,Islington 001A,E09000019,Islington,39.869,4303,2,0.272,3162,1,0.215,2512,1,16.725,16023,5,0.739,6477,2,0.891,4480,2,27.728,8661,3,22.433,13543,5
2777,E01002756,Islington 001B,E09000019,Islington,27.776,9162,3,0.181,7976,3,0.136,7819,3,4.725,27645,9,0.182,13301,5,0.976,3717,2,23.071,13129,4,37.351,5237,2
2778,E01002757,Islington 002C,E09000019,Islington,24.102,11321,4,0.193,7111,3,0.119,9849,3,14.204,17978,6,0.004,15937,5,0.267,12448,4,24.063,12074,4,25.27,11607,4
2779,E01002758,Islington 001C,E09000019,Islington,44.134,3231,1,0.315,1810,1,0.219,2329,1,18.573,14718,5,1.061,3793,2,0.652,7051,3,28.603,7963,3,26.329,10974,4
2780,E01002759,Islington 002D,E09000019,Islington,20.645,13811,5,0.163,9371,3,0.089,14582,5,5.333,26926,9,0.479,9336,3,0.17,13996,5,22.286,13988,5,25.586,11418,4
2781,E01002760,Islington 002E,E09000019,Islington,38.826,4631,2,0.307,2019,1,0.189,3747,2,25.843,10399,4,0.565,8351,3,0.452,9747,3,25.928,10231,4,23.633,12685,4
2782,E01002762,Islington 011C,E09000019,Islington,20.717,13764,5,0.109,15130,5,0.082,15886,5,4.378,28066,9,0.141,13875,5,0.608,7632,3,31.006,6270,2,35.645,5955,2
2783,E01002763,Islington 007D,E09000019,Islington,33.113,6622,3,0.167,9021,3,0.122,9470,3,10.468,21390,7,1.082,3666,2,1.245,2001,1,31.027,6259,2,35.277,6107,2
2784,E01002764,Islington 010A,E09000019,Islington,30.946,7581,3,0.213,5914,2,0.122,9482,3,15.649,16860,6,0.107,14402,5,0.928,4144,2,29.022,7631,3,40.609,4066,2
2785,E01002765,Islington 015D,E09000019,Islington,28.236,8909,3,0.197,6861,3,0.109,11122,4,19.759,13904,5,0.588,8084,3,0.204,13423,5,32.272,5486,2,27.971,9971,4
2786,E01002766,Islington 015E,E09000019,Islington,31.553,7264,3,0.213,5927,2,0.128,8693,3,27.211,9730,3,0.546,8548,3,0.415,10225,4,31.353,6044,2,28.901,9435,3
2787,E01002767,Islington 011D,E09000019,Islington,36.783,5275,2,0.231,4962,2,0.148,6712,3,15.103,17282,6,0.622,7699,3,0.897,4409,2,42.357,1574,1,31.45,8020,3
2788,E01002768,Islington 004A,E09000019,Islington,29.312,8350,3,0.19,7337,3,0.132,8222,3,8.3,23637,8,0.692,6966,3,0.539,8550,3,28.669,7914,3,34.57,6440,2
2789,E01002769,Islington 008A,E09000019,Islington,20.118,14242,5,0.111,14846,5,0.076,17374,6,1.837,31063,10,0.072,14919,5,0.72,6287,2,29.982,6985,3,36.401,5624,2
2790,E01002770,Islington 004B,E09000019,Islington,29.977,8029,3,0.159,9692,3,0.111,10849,4,3.789,28776,9,0.835,5584,2,1.034,3267,1,28.63,7948,3,44.516,3015,1
2791,E01002771,Islington 004C,E09000019,Islington,27.333,9390,3,0.199,6720,3,0.115,10373,4,8.655,23244,8,0.13,14023,5,0.925,4183,2,27.616,8748,3,31.413,8049,3
2792,E01002772,Islington 002F,E09000019,Islington,28.721,8637,3,0.175,8370,3,0.102,12270,4,7.788,24162,8,0.431,9936,4,1.027,3322,2,32.107,5574,2,38.525,4793,2
2793,E01002773,Islington 004D,E09000019,Islington,50.095,2164,1,0.324,1567,1,0.231,1879,1,22.424,12285,4,0.712,6761,3,2.05,176,1,29.198,7506,3,26.805,10679,4
2794,E01002774,Islington 004E,E09000019,Islington,30.891,7608,3,0.176,8359,3,0.125,9135,3,8.902,22968,7,0.597,7962,3,1.318,1677,1,29.323,7422,3,33.271,7071,3
2795,E01002775,Islington 014D,E09000019,Islington,22.198,12620,4,0.123,13345,5,0.082,15922,5,12.816,19194,6,0.361,10846,4,0.644,7148,3,25.831,10332,4,34.606,6429,2
2796,E01002776,Islington 014E,E09000019,Islington,32.142,7029,3,0.204,6449,2,0.114,10519,4,16.766,15991,5,0.895,5088,2,0.547,8441,3,27.991,8444,3,44.237,3092,1
2797,E01002777,Islington 012A,E09000019,Islington,27.576,9255,3,0.175,8441,3,0.107,11442,4,6.937,25108,8,0.677,7100,3,0.589,7876,3,25.119,10991,4,43.662,3253,1
2798,E01002778,Islington 012B,E09000019,Islington,39.066,4551,2,0.251,3974,2,0.154,6195,2,24.106,11288,4,0.741,6456,2,1.253,1957,1,31.827,5759,2,31.053,8225,3
2799,E01002779,Islington 012C,E09000019,Islington,18.595,15584,5,0.123,13340,5,0.066,19838,7,8.116,23825,8,-0.408,22219,7,0.884,4545,2,26.999,9277,3,28.816,9500,3
2800,E01002780,Islington 014F,E09000019,Islington,26.351,9965,4,0.177,8231,3,0.127,8879,3,9.3,22575,7,0.377,10624,4,0.556,8310,3,25.394,10750,4,32.161,7632,3
2801,E01002781,Islington 012D,E09000019,Islington,28.936,8526,3,0.232,4882,2,0.139,7552,3,12.247,19723,7,0.414,10145,4,0.416,10222,4,25.889,10274,4,24.352,12193,4
2802,E01002782,Islington 012E,E09000019,Islington,37.168,5157,2,0.274,3097,1,0.157,5933,2,22.688,12109,4,0.744,6426,2,0.888,4504,2,28.157,8295,3,24.673,11985,4
2803,E01002783,Islington 010B,E09000019,Islington,46.454,2766,1,0.286,2678,1,0.209,2731,1,21.209,13017,4,1.411,1826,1,1.044,3197,1,29.916,7030,3,31.146,8181,3
2804,E01002784,Islington 010C,E09000019,Islington,34.3,6145,2,0.243,4359,2,0.164,5418,2,16.574,16140,5,0.72,6681,3,0.611,7578,3,30.739,6447,2,22.758,13298,5
2805,E01002785,Islington 008B,E09000019,Islington,18.889,15334,5,0.096,16892,6,0.085,15246,5,2.101,30782,10,-0.65,25342,8,0.695,6562,2,25.596,10569,4,44.951,2909,1
2806,E01002786,Islington 010D,E09000019,Islington,36.106,5495,2,0.242,4400,2,0.152,6386,2,8.44,23473,8,0.911,4953,2,1.038,3235,1,32.772,5220,2,29.836,8914,3
2807,E01002787,Islington 010E,E09000019,Islington,32.105,7051,3,0.185,7695,3,0.122,9478,3,12.519,19484,6,0.998,4241,2,0.701,6494,2,31.402,6028,2,38.648,4738,2
2808,E01002788,Islington 008C,E09000019,Islington,16.985,17004,6,0.099,16391,5,0.083,15753,5,2.069,30812,10,-0.421,22391,7,0.427,10074,4,30.115,6883,3,29.307,9212,3
2809,E01002789,Islington 008D,E09000019,Islington,13.703,20257,7,0.077,20165,7,0.057,22259,7,0.537,32490,10,-0.733,26280,9,0.669,6859,3,23.035,13170,5,34.467,6486,2
2810,E01002790,Islington 016D,E09000019,Islington,42.268,3653,2,0.274,3067,1,0.211,2664,1,24.607,11044,4,0.767,6205,2,0.927,4155,2,26.861,9406,3,33.035,7183,3
2811,E01002791,Islington 016E,E09000019,Islington,13.879,20072,7,0.075,20564,7,0.054,23313,8,10.811,21074,7,-0.469,23009,8,0.439,9923,4,21.657,14714,5,32.805,7294,3
2812,E01002792,Islington 017E,E09000019,Islington,16.098,17852,6,0.097,16844,6,0.06,21614,7,4.696,27662,9,0.059,15096,5,0.267,12432,4,23.594,12555,4,36.347,5653,2
2813,E01002793,Islington 016F,E09000019,Islington,36.247,5450,2,0.24,4526,2,0.148,6715,3,13.255,18824,6,0.748,6387,2,1.266,1902,1,25.627,10541,4,37.118,5336,2
2814,E01002794,Islington 020B,E09000019,Islington,22.216,12607,4,0.118,13959,5,0.078,16885,6,7.441,24549,8,0.0,16023,5,0.824,5174,2,26.061,10124,4,46.461,2562,1
2815,E01002795,Islington 013D,E09000019,Islington,25.019,10755,4,0.158,9826,3,0.101,12305,4,15.707,16822,6,0.05,15239,5,0.853,4858,2,24.637,11484,4,35.08,6208,2
2816,E01002796,Islington 013E,E09000019,Islington,23.575,11641,4,0.159,9734,3,0.103,11979,4,1.671,31254,10,0.331,11196,4,0.499,9088,3,25.572,10593,4,37.95,5007,2
2817,E01002797,Islington 018B,E09000019,Islington,32.118,7039,3,0.207,6266,2,0.129,8691,3,19.239,14231,5,0.59,8056,3,1.015,3405,2,27.151,9121,3,32.236,7592,3
2818,E01002798,Islington 018C,E09000019,Islington,21.479,13193,5,0.145,10946,4,0.094,13620,5,5.725,26470,9,0.235,12577,4,0.628,7350,3,22.111,14198,5,32.049,7684,3
2819,E01002799,Islington 018D,E09000019,Islington,32.282,6972,3,0.241,4425,2,0.13,8536,3,14.199,17989,6,0.606,7864,3,0.291,12072,4,28.565,7991,3,41.053,3924,2
2820,E01002800,Islington 018E,E09000019,Islington,38.934,4590,2,0.231,4939,2,0.149,6626,3,40.765,5176,2,0.384,10540,4,0.8,5420,2,33.135,5008,2,44.849,2940,1
2821,E01002801,Islington 020C,E09000019,Islington,16.852,17133,6,0.095,17125,6,0.061,21109,7,1.383,31601,10,-0.637,25172,8,0.653,7042,3,21.824,14529,5,48.496,2169,1
2822,E01002802,Islington 020D,E09000019,Islington,25.903,10255,4,0.142,11235,4,0.11,11060,4,5.643,26566,9,0.472,9440,3,0.856,4837,2,22.183,14114,5,44.442,3035,1
2823,E01002803,Islington 020E,E09000019,Islington,23.761,11531,4,0.152,10314,4,0.084,15449,5,12.226,19741,7,-0.068,17066,6,0.708,6420,2,26.054,10128,4,43.586,3276,1
2824,E01002804,Islington 001D,E09000019,Islington,37.376,5087,2,0.255,3792,2,0.198,3255,1,22.754,12064,4,0.629,7617,3,0.538,8566,3,29.128,7553,3,23.73,12619,4
2825,E01002805,Islington 003B,E09000019,Islington,22.828,12161,4,0.136,11908,4,0.081,16089,5,9.398,22474,7,0.173,13427,5,1.092,2852,1,27.99,8446,3,27.294,10365,4
2826,E01002806,Islington 003C,E09000019,Islington,26.952,9620,3,0.177,8275,3,0.121,9615,3,4.561,27835,9,0.46,9592,3,1.089,2870,1,23.071,13132,4,29.839,8911,3
2827,E01002807,Islington 001E,E09000019,Islington,31.573,7258,3,0.233,4822,2,0.143,7236,3,15.467,17009,6,0.582,8147,3,0.478,9366,3,30.413,6671,3,26.288,11000,4
2828,E01002808,Islington 003D,E09000019,Islington,24.642,10985,4,0.176,8292,3,0.112,10726,4,8.441,23472,8,0.182,13304,5,0.579,8003,3,26.148,10043,4,30.996,8255,3
2829,E01002809,Islington 003E,E09000019,Islington,31.444,7327,3,0.216,5731,2,0.156,6062,2,8.673,23218,8,0.41,10189,4,0.713,6359,2,30.932,6328,2,30.743,8388,3
2830,E01002810,Islington 003F,E09000019,Islington,33.321,6536,2,0.221,5466,2,0.161,5663,2,12.716,19296,6,0.724,6643,3,0.803,5375,2,28.376,8130,3,28.134,9873,4
2831,E01002811,Islington 001F,E09000019,Islington,38.606,4691,2,0.261,3576,2,0.186,3948,2,9.079,22776,7,0.876,5248,2,1.086,2901,1,26.5,9710,3,32.502,7462,3
2832,E01033486,Islington 011E,E09000019,Islington,37.609,5005,2,0.253,3888,2,0.154,6170,2,19.629,13997,5,0.736,6515,2,1.026,3336,2,27.741,8655,3,37.266,5278,2
2833,E01033487,Islington 011F,E09000019,Islington,10.732,23623,8,0.057,24467,8,0.021,32185,10,7.428,24568,8,-0.228,19538,6,-1.17,30293,10,34.547,4297,2,26.485,10882,4
2834,E01033488,Islington 011G,E09000019,Islington,32.982,6677,3,0.23,5002,2,0.129,8637,3,11.687,20243,7,0.53,8739,3,1.014,3412,2,32.258,5496,2,32.548,7440,3
2835,E01033489,Islington 022G,E09000019,Islington,12.468,21648,7,0.04,28666,9,0.023,31881,10,3.284,29400,9,-0.576,24397,8,-0.296,20990,7,39.388,2379,1,39.666,4369,2
2836,E01033490,Islington 022H,E09000019,Islington,19.576,14740,5,0.091,17753,6,0.046,25893,8,9.791,22056,7,-0.276,20295,7,-0.435,22894,7,39.5,2350,1,55.092,1180,1
2837,E01033491,Islington 011H,E09000019,Islington,29.14,8440,3,0.161,9569,3,0.102,12220,4,10.52,21346,7,0.028,15577,5,1.043,3204,1,33.349,4905,2,49.984,1918,1
2838,E01033492,Islington 011I,E09000019,Islington,30.044,8006,3,0.177,8272,3,0.083,15652,5,5.161,27121,9,0.049,15243,5,0.832,5088,2,31.972,5672,2,71.207,79,1
2839,E01033493,Islington 006F,E09000019,Islington,11.735,22483,7,0.026,31418,10,0.009,32773,10,13.212,18866,6,0.001,16000,5,-1.36,31271,10,33.383,4887,2,36.041,5791,2
2840,E01033494,Islington 006G,E09000019,Islington,16.599,17374,6,0.106,15504,5,0.07,18678,6,2.338,30490,10,-0.285,20418,7,0.319,11659,4,21.405,15007,5,41.603,3767,2
2841,E01002812,Kensington and Chelsea 013A,E09000020,Kensington and Chelsea,11.548,22698,7,0.023,31845,10,0.015,32597,10,2.222,30630,10,-2.132,32697,10,-0.49,23641,8,40.748,1981,1,44.313,3072,1
2842,E01002813,Kensington and Chelsea 011A,E09000020,Kensington and Chelsea,10.093,24398,8,0.038,28983,9,0.021,32119,10,0.791,32252,10,-2.178,32718,10,0.268,12418,4,27.376,8934,3,42.321,3582,2
2843,E01002814,Kensington and Chelsea 015A,E09000020,Kensington and Chelsea,25.028,10748,4,0.158,9793,3,0.109,11203,4,3.043,29681,10,-0.882,27818,9,0.289,12100,4,45.489,971,1,37.424,5209,2
2844,E01002815,Kensington and Chelsea 011B,E09000020,Kensington and Chelsea,18.289,15885,5,0.086,18530,6,0.055,23244,8,1.657,31264,10,-1.112,29687,10,0.118,14847,5,43.442,1341,1,46.885,2476,1
2845,E01002816,Kensington and Chelsea 011C,E09000020,Kensington and Chelsea,11.528,22718,7,0.022,31973,10,0.022,32067,10,0.34,32657,10,-2.329,32769,10,0.042,16009,5,36.538,3401,2,46.218,2621,1
2846,E01002817,Kensington and Chelsea 011D,E09000020,Kensington and Chelsea,10.4,24015,8,0.033,30205,10,0.025,31686,10,0.626,32416,10,-2.356,32779,10,0.362,10979,4,26.76,9499,3,44.603,2992,1
2847,E01002818,Kensington and Chelsea 012A,E09000020,Kensington and Chelsea,12.656,21429,7,0.015,32613,10,0.009,32783,10,3.541,29082,9,-3.123,32841,10,0.264,12497,4,38.335,2726,1,46.568,2530,1
2848,E01002819,Kensington and Chelsea 012B,E09000020,Kensington and Chelsea,11.072,23245,8,0.015,32559,10,0.006,32824,10,6.697,25377,8,-2.563,32808,10,-0.287,20860,7,34.535,4306,2,46.188,2629,1
2849,E01002820,Kensington and Chelsea 016A,E09000020,Kensington and Chelsea,9.557,25054,8,0.027,31389,10,0.017,32460,10,3.669,28921,9,-2.271,32753,10,-0.467,23323,8,35.368,3908,2,37.366,5234,2
2850,E01002821,Kensington and Chelsea 014A,E09000020,Kensington and Chelsea,10.933,23418,8,0.024,31703,10,0.011,32718,10,2.42,30398,10,-2.35,32777,10,0.304,11878,4,31.561,5936,2,44.36,3060,1
2851,E01002822,Kensington and Chelsea 016B,E09000020,Kensington and Chelsea,12.856,21201,7,0.013,32715,10,0.004,32835,10,2.154,30718,10,-3.105,32840,10,0.257,12605,4,29.492,7310,3,61.323,567,1
2852,E01002823,Kensington and Chelsea 014B,E09000020,Kensington and Chelsea,28.418,8812,3,0.195,6965,3,0.144,7096,3,5.645,26565,9,-0.219,19425,6,0.178,13870,5,37.35,3075,1,39.222,4538,2
2853,E01002824,Kensington and Chelsea 008A,E09000020,Kensington and Chelsea,10.045,24462,8,0.023,31856,10,0.021,32160,10,0.581,32458,10,-2.301,32759,10,-0.078,17813,6,29.808,7102,3,47.261,2398,1
2854,E01002825,Kensington and Chelsea 008B,E09000020,Kensington and Chelsea,9.697,24885,8,0.044,27707,9,0.037,28646,9,0.357,32644,10,-2.123,32684,10,-0.572,24748,8,29.414,7367,3,41.394,3830,2
2855,E01002826,Kensington and Chelsea 008C,E09000020,Kensington and Chelsea,10.756,23594,8,0.035,29862,10,0.019,32366,10,0.45,32564,10,-2.214,32730,10,-0.139,18730,6,31.767,5804,2,48.068,2242,1
2856,E01002827,Kensington and Chelsea 008D,E09000020,Kensington and Chelsea,12.075,22084,7,0.024,31756,10,0.025,31633,10,0.018,32843,10,-2.29,32756,10,0.202,13461,5,29.617,7232,3,56.329,1027,1
2857,E01002828,Kensington and Chelsea 008E,E09000020,Kensington and Chelsea,16.243,17715,6,0.074,20596,7,0.07,18673,6,2.883,29879,10,-1.301,30865,10,0.232,12998,4,33.024,5062,2,43.711,3233,1
2858,E01002829,Kensington and Chelsea 004A,E09000020,Kensington and Chelsea,34.531,6055,2,0.213,5953,2,0.166,5290,2,5.69,26510,9,0.005,15925,5,0.8,5417,2,40.438,2066,1,43.895,3180,1
2859,E01002830,Kensington and Chelsea 004B,E09000020,Kensington and Chelsea,35.373,5764,2,0.215,5774,2,0.17,5005,2,7.992,23951,8,-0.345,21380,7,1.24,2031,1,41.862,1692,1,35.908,5850,2
2860,E01002831,Kensington and Chelsea 004C,E09000020,Kensington and Chelsea,36.708,5299,2,0.215,5776,2,0.164,5385,2,5.882,26288,9,-0.014,16220,5,1.28,1843,1,40.382,2084,1,44.809,2950,1
2861,E01002832,Kensington and Chelsea 004D,E09000020,Kensington and Chelsea,31.366,7367,3,0.218,5657,2,0.131,8375,3,7.115,24928,8,-0.344,21360,7,0.755,5884,2,39.772,2266,1,42.846,3434,2
2862,E01002833,Kensington and Chelsea 007A,E09000020,Kensington and Chelsea,19.197,15083,5,0.083,19096,6,0.058,22166,7,3.969,28574,9,-0.866,27662,9,1.05,3139,1,32.747,5236,2,44.971,2905,1
2863,E01002834,Kensington and Chelsea 013B,E09000020,Kensington and Chelsea,15.607,18346,6,0.056,24575,8,0.038,28356,9,0.199,32762,10,-1.441,31503,10,0.017,16412,5,36.256,3515,2,59.749,706,1
2864,E01002835,Kensington and Chelsea 016C,E09000020,Kensington and Chelsea,10.461,23929,8,0.024,31744,10,0.013,32648,10,2.626,30198,10,-2.367,32781,10,0.215,13258,5,28.805,7808,3,46.196,2628,1
2865,E01002836,Kensington and Chelsea 016D,E09000020,Kensington and Chelsea,11.093,23221,8,0.043,27981,9,0.034,29708,10,1.32,31660,10,-1.53,31783,10,0.081,15402,5,33.781,4689,2,38.498,4804,2
2866,E01002837,Kensington and Chelsea 016E,E09000020,Kensington and Chelsea,13.106,20942,7,0.012,32721,10,0.006,32818,10,2.94,29800,10,-2.651,32819,10,-0.318,21300,7,32.661,5294,2,64.577,323,1
2867,E01002838,Kensington and Chelsea 020A,E09000020,Kensington and Chelsea,11.108,23203,8,0.011,32756,10,0.005,32828,10,1.764,31146,10,-2.255,32747,10,0.23,13032,4,37.896,2874,1,39.074,4597,2
2868,E01002839,Kensington and Chelsea 013C,E09000020,Kensington and Chelsea,25.779,10320,4,0.111,14806,5,0.102,12139,4,1.707,31205,10,-0.73,26239,8,0.277,12290,4,46.827,742,1,56.015,1064,1
2869,E01002840,Kensington and Chelsea 021A,E09000020,Kensington and Chelsea,37.672,4981,2,0.273,3109,1,0.177,4491,2,10.131,21689,7,-0.228,19544,6,0.862,4782,2,38.622,2618,1,40.423,4131,2
2870,E01002841,Kensington and Chelsea 021B,E09000020,Kensington and Chelsea,26.462,9898,4,0.15,10534,4,0.117,10111,4,3.549,29071,9,0.055,15154,5,0.922,4207,2,35.776,3738,2,34.611,6425,2
2871,E01002842,Kensington and Chelsea 021C,E09000020,Kensington and Chelsea,47.396,2593,1,0.363,823,1,0.222,2197,1,17.635,15369,5,0.272,12016,4,0.579,8013,3,41.628,1747,1,33.006,7200,3
2872,E01002843,Kensington and Chelsea 021D,E09000020,Kensington and Chelsea,42.608,3564,2,0.287,2637,1,0.222,2201,1,14.707,17581,6,0.61,7814,3,0.608,7629,3,37.314,3096,1,32.402,7515,3
2873,E01002844,Kensington and Chelsea 019A,E09000020,Kensington and Chelsea,17.02,16966,6,0.084,18863,6,0.052,24033,8,1.149,31848,10,-1.089,29510,9,0.372,10838,4,36.126,3570,2,47.661,2316,1
2874,E01002845,Kensington and Chelsea 019B,E09000020,Kensington and Chelsea,21.021,13544,5,0.126,12972,4,0.09,14321,5,2.09,30797,10,-0.716,26081,8,0.139,14487,5,36.413,3451,2,44.78,2954,1
2875,E01002846,Kensington and Chelsea 017A,E09000020,Kensington and Chelsea,30.857,7626,3,0.162,9428,3,0.125,9038,3,1.888,31013,10,0.142,13851,5,0.485,9272,3,52.609,123,1,37.811,5067,2
2876,E01002847,Kensington and Chelsea 015B,E09000020,Kensington and Chelsea,22.142,12666,4,0.08,19610,6,0.065,20047,7,0.69,32348,10,-0.77,26693,9,0.921,4213,2,46.079,877,1,46.657,2516,1
2877,E01002848,Kensington and Chelsea 015C,E09000020,Kensington and Chelsea,29.533,8243,3,0.158,9754,3,0.103,12068,4,4.458,27967,9,-0.154,18455,6,0.006,16574,6,56.66,36,1,48.882,2093,1
2878,E01002849,Kensington and Chelsea 017B,E09000020,Kensington and Chelsea,17.215,16808,6,0.068,22000,7,0.055,23213,8,0.861,32169,10,-1.209,30340,10,0.899,4394,2,35.982,3654,2,41.979,3668,2
2879,E01002850,Kensington and Chelsea 013D,E09000020,Kensington and Chelsea,23.704,11573,4,0.111,14774,5,0.089,14506,5,1.869,31035,10,-0.676,25656,8,0.425,10098,4,44.868,1087,1,48.847,2105,1
2880,E01002851,Kensington and Chelsea 015D,E09000020,Kensington and Chelsea,39.773,4330,2,0.26,3590,2,0.173,4767,2,3.484,29149,9,0.365,10783,4,0.77,5735,2,48.395,525,1,40.602,4070,2
2881,E01002852,Kensington and Chelsea 001A,E09000020,Kensington and Chelsea,41.748,3797,2,0.297,2283,1,0.175,4628,2,16.166,16437,6,0.458,9614,3,0.808,5320,2,41.697,1728,1,36.044,5787,2
2882,E01002853,Kensington and Chelsea 001B,E09000020,Kensington and Chelsea,57.097,1212,1,0.379,610,1,0.256,1145,1,28.829,9053,3,0.437,9861,4,1.657,662,1,38.473,2668,1,35.022,6229,2
2883,E01002854,Kensington and Chelsea 001C,E09000020,Kensington and Chelsea,45.147,3030,1,0.325,1532,1,0.221,2230,1,13.844,18292,6,0.035,15469,5,1.176,2374,1,37.305,3101,1,33.708,6849,3
2884,E01002855,Kensington and Chelsea 001D,E09000020,Kensington and Chelsea,45.479,2975,1,0.317,1725,1,0.224,2094,1,9.941,21886,7,0.361,10841,4,0.978,3693,2,41.67,1736,1,32.344,7554,3
2885,E01002856,Kensington and Chelsea 004E,E09000020,Kensington and Chelsea,37.842,4928,2,0.209,6143,2,0.17,4964,2,7.589,24385,8,-0.249,19850,7,1.239,2033,1,42.622,1515,1,51.618,1641,1
2886,E01002857,Kensington and Chelsea 001E,E09000020,Kensington and Chelsea,59.009,1012,1,0.389,504,1,0.317,312,1,17.439,15509,5,0.506,9023,3,1.272,1868,1,42.955,1439,1,30.124,8731,3
2887,E01002858,Kensington and Chelsea 014C,E09000020,Kensington and Chelsea,23.406,11753,4,0.129,12662,4,0.08,16345,5,9.067,22785,7,-0.545,23994,8,-0.639,25529,8,48.726,482,1,43.757,3217,1
2888,E01002859,Kensington and Chelsea 012C,E09000020,Kensington and Chelsea,10.18,24280,8,0.024,31708,10,0.011,32721,10,0.987,32033,10,-3.215,32844,10,-0.299,21030,7,33.515,4808,2,45.602,2767,1
2889,E01002860,Kensington and Chelsea 012D,E09000020,Kensington and Chelsea,11.416,22839,7,0.013,32704,10,0.007,32802,10,0.108,32813,10,-3.188,32843,10,0.102,15107,5,28.818,7792,3,56.816,979,1
2890,E01002861,Kensington and Chelsea 014D,E09000020,Kensington and Chelsea,15.041,18886,6,0.068,21822,7,0.043,27086,9,6.71,25358,8,-1.08,29444,9,0.377,10782,4,31.725,5828,2,45.13,2864,1
2891,E01002862,Kensington and Chelsea 014E,E09000020,Kensington and Chelsea,26.044,10169,4,0.159,9719,3,0.103,12061,4,7.831,24110,8,-0.346,21402,7,-0.146,18818,6,44.533,1139,1,44.617,2986,1
2892,E01002863,Kensington and Chelsea 012E,E09000020,Kensington and Chelsea,9.933,24615,8,0.012,32742,10,0.01,32766,10,2.533,30287,10,-3.134,32842,10,0.082,15379,5,34.593,4268,2,37.958,5004,2
2893,E01002864,Kensington and Chelsea 009A,E09000020,Kensington and Chelsea,9.506,25115,8,0.034,29990,10,0.013,32674,10,0.582,32455,10,-2.789,32830,10,0.607,7647,3,27.567,8785,3,33.383,7016,3
2894,E01002865,Kensington and Chelsea 011E,E09000020,Kensington and Chelsea,7.26,27993,9,0.021,32098,10,0.005,32834,10,0.215,32754,10,-2.729,32826,10,-0.012,16876,6,24.35,11773,4,36.04,5792,2
2895,E01002866,Kensington and Chelsea 009B,E09000020,Kensington and Chelsea,20.684,13786,5,0.107,15362,5,0.085,15167,5,2.534,30282,10,-0.573,24353,8,0.39,10599,4,43.267,1368,1,32.919,7246,3
2896,E01002867,Kensington and Chelsea 009C,E09000020,Kensington and Chelsea,22.328,12519,4,0.142,11253,4,0.103,12038,4,4.649,27727,9,-1.034,29087,9,0.008,16556,6,41.645,1745,1,36.53,5564,2
2897,E01002868,Kensington and Chelsea 009D,E09000020,Kensington and Chelsea,9.26,25448,8,0.012,32743,10,0.009,32770,10,0.734,32308,10,-2.84,32832,10,0.114,14906,5,35.056,4069,2,33.642,6875,3
2898,E01002869,Kensington and Chelsea 009E,E09000020,Kensington and Chelsea,19.675,14640,5,0.114,14481,5,0.076,17357,6,3.501,29130,9,-1.056,29268,9,0.24,12870,4,41.714,1723,1,37.065,5361,2
2899,E01002870,Kensington and Chelsea 005A,E09000020,Kensington and Chelsea,41.357,3890,2,0.317,1738,1,0.202,3037,1,18.712,14623,5,0.492,9192,3,-0.048,17402,6,39.724,2280,1,28.105,9894,4
2900,E01002871,Kensington and Chelsea 007B,E09000020,Kensington and Chelsea,11.335,22944,7,0.029,31003,10,0.019,32334,10,2.343,30481,10,-2.652,32820,10,0.167,14064,5,29.494,7306,3,50.965,1750,1
2901,E01002872,Kensington and Chelsea 005B,E09000020,Kensington and Chelsea,38.9,4605,2,0.289,2576,1,0.195,3423,2,13.983,18178,6,0.114,14303,5,0.406,10346,4,39.628,2310,1,33.443,6981,3
2902,E01002873,Kensington and Chelsea 007C,E09000020,Kensington and Chelsea,19.842,14480,5,0.093,17348,6,0.07,18895,6,4.48,27942,9,-1.172,30120,10,0.968,3779,2,33.881,4627,2,42.643,3495,2
2903,E01002874,Kensington and Chelsea 007D,E09000020,Kensington and Chelsea,20.025,14325,5,0.107,15350,5,0.078,16811,6,1.886,31017,10,-0.725,26181,8,0.617,7493,3,35.116,4040,2,42.329,3577,2
2904,E01002875,Kensington and Chelsea 007E,E09000020,Kensington and Chelsea,14.928,18986,6,0.059,23998,8,0.051,24393,8,0.386,32621,10,-1.673,32160,10,0.658,6993,3,32.276,5485,2,44.352,3062,1
2905,E01002876,Kensington and Chelsea 003A,E09000020,Kensington and Chelsea,20.135,14225,5,0.123,13291,5,0.091,14056,5,4.879,27450,9,-0.706,25984,8,0.454,9715,3,30.263,6784,3,39.859,4308,2
2906,E01002877,Kensington and Chelsea 003B,E09000020,Kensington and Chelsea,41.177,3925,2,0.313,1856,1,0.182,4188,2,19.574,14035,5,0.357,10893,4,0.536,8593,3,38.113,2801,1,34.629,6415,2
2907,E01002878,Kensington and Chelsea 003C,E09000020,Kensington and Chelsea,33.862,6319,2,0.199,6740,3,0.149,6706,3,6.905,25141,8,-0.005,16091,5,1.234,2073,1,40.927,1952,1,37.329,5245,2
2908,E01002879,Kensington and Chelsea 005C,E09000020,Kensington and Chelsea,41.706,3808,2,0.322,1618,1,0.172,4857,2,10.999,20890,7,0.024,15640,5,1.187,2312,1,40.516,2049,1,33.492,6956,3
2909,E01002880,Kensington and Chelsea 005D,E09000020,Kensington and Chelsea,44.248,3215,1,0.304,2102,1,0.215,2473,1,21.026,13126,4,0.512,8954,3,0.69,6618,3,40.441,2065,1,29.803,8928,3
2910,E01002881,Kensington and Chelsea 005E,E09000020,Kensington and Chelsea,40.49,4113,2,0.281,2832,1,0.219,2320,1,17.026,15796,5,0.312,11456,4,0.425,10095,4,37.707,2933,1,30.249,8663,3
2911,E01002882,Kensington and Chelsea 006A,E09000020,Kensington and Chelsea,17.09,16904,6,0.108,15235,5,0.065,20023,7,1.043,31975,10,-1.442,31509,10,0.331,11481,4,33.291,4945,2,41.17,3892,2
2912,E01002883,Kensington and Chelsea 006B,E09000020,Kensington and Chelsea,11.744,22472,7,0.033,30122,10,0.025,31568,10,0.531,32494,10,-1.568,31910,10,0.464,9560,3,31.075,6228,2,45.224,2841,1
2913,E01002884,Kensington and Chelsea 006C,E09000020,Kensington and Chelsea,21.59,13100,4,0.09,17902,6,0.07,18650,6,2.649,30161,10,-1.159,30016,10,1.012,3431,2,44.45,1151,1,38.534,4785,2
2914,E01002885,Kensington and Chelsea 006D,E09000020,Kensington and Chelsea,19.621,14695,5,0.084,18804,6,0.05,24744,8,3.045,29674,10,-1.268,30694,10,0.365,10938,4,43.106,1415,1,54.143,1290,1
2915,E01002886,Kensington and Chelsea 006E,E09000020,Kensington and Chelsea,14.819,19099,6,0.049,26399,9,0.025,31587,10,0.479,32536,10,-2.125,32689,10,0.828,5135,2,31.078,6227,2,53.219,1409,1
2916,E01002887,Kensington and Chelsea 010A,E09000020,Kensington and Chelsea,12.569,21530,7,0.022,32039,10,0.011,32725,10,0.139,32797,10,-2.029,32627,10,0.223,13138,5,33.633,4756,2,55.254,1162,1
2917,E01002888,Kensington and Chelsea 013E,E09000020,Kensington and Chelsea,10.9,23449,8,0.032,30330,10,0.018,32420,10,0.955,32070,10,-2.637,32818,10,-0.413,22597,7,38.18,2775,1,42.552,3521,2
2918,E01002889,Kensington and Chelsea 010B,E09000020,Kensington and Chelsea,8.169,26867,9,0.038,29027,9,0.019,32370,10,1.673,31249,10,-1.771,32336,10,-0.745,26732,9,33.559,4782,2,30.931,8295,3
2919,E01002890,Kensington and Chelsea 010C,E09000020,Kensington and Chelsea,8.969,25832,8,0.012,32737,10,0.009,32769,10,0.339,32658,10,-2.614,32815,10,0.31,11789,4,26.948,9316,3,39.726,4350,2
2920,E01002891,Kensington and Chelsea 010D,E09000020,Kensington and Chelsea,9.515,25103,8,0.023,31886,10,0.011,32731,10,0.948,32076,10,-2.195,32721,10,-0.35,21742,7,32.728,5248,2,42.898,3425,2
2921,E01002892,Kensington and Chelsea 010E,E09000020,Kensington and Chelsea,8.544,26365,9,0.024,31764,10,0.017,32494,10,0.569,32465,10,-2.635,32817,10,-0.95,28689,9,34.482,4328,2,37.638,5113,2
2922,E01002893,Kensington and Chelsea 017C,E09000020,Kensington and Chelsea,21.771,12935,4,0.126,12979,4,0.087,14795,5,7.1,24951,8,-0.314,20869,7,0.095,15195,5,37.43,3052,1,41.053,3925,2
2923,E01002894,Kensington and Chelsea 017D,E09000020,Kensington and Chelsea,19.923,14414,5,0.095,17124,6,0.086,15076,5,9.635,22230,7,-0.911,28067,9,0.378,10765,4,32.595,5332,2,44.885,2928,1
2924,E01002895,Kensington and Chelsea 020B,E09000020,Kensington and Chelsea,11.214,23084,8,0.02,32260,10,0.017,32496,10,4.35,28100,9,-2.537,32806,10,0.608,7618,3,26.338,9864,4,45.767,2724,1
2925,E01002896,Kensington and Chelsea 020C,E09000020,Kensington and Chelsea,10.304,24135,8,0.037,29330,9,0.018,32380,10,5.568,26640,9,-2.396,32790,10,0.264,12492,4,28.592,7968,3,39.053,4605,2
2926,E01002897,Kensington and Chelsea 020D,E09000020,Kensington and Chelsea,15.663,18277,6,0.093,17501,6,0.047,25512,8,1.242,31740,10,-0.54,23927,8,0.279,12253,4,31.755,5811,2,41.811,3711,2
2927,E01002898,Kensington and Chelsea 017E,E09000020,Kensington and Chelsea,9.458,25185,8,0.034,30078,10,0.013,32667,10,0.777,32268,10,-2.231,32736,10,0.037,16098,5,28.735,7868,3,41.752,3728,2
2928,E01002899,Kensington and Chelsea 018A,E09000020,Kensington and Chelsea,21.45,13213,5,0.135,11998,4,0.113,10605,4,5.284,26981,9,-0.886,27859,9,0.04,16053,5,32.203,5525,2,41.056,3921,2
2929,E01002900,Kensington and Chelsea 018B,E09000020,Kensington and Chelsea,8.274,26730,9,0.01,32776,10,0.008,32795,10,0.845,32192,10,-2.973,32836,10,0.326,11550,4,26.726,9540,3,34.948,6265,2
2930,E01002901,Kensington and Chelsea 018C,E09000020,Kensington and Chelsea,16.507,17464,6,0.072,21100,7,0.019,32367,10,4.584,27807,9,-1.321,30966,10,0.455,9695,3,31.462,5985,2,60.865,606,1
2931,E01002902,Kensington and Chelsea 018D,E09000020,Kensington and Chelsea,10.759,23591,8,0.049,26391,9,0.036,29174,9,0.797,32238,10,-2.098,32675,10,-0.064,17598,6,31.537,5947,2,39.515,4418,2
2932,E01002903,Kensington and Chelsea 018E,E09000020,Kensington and Chelsea,7.616,27528,9,0.01,32774,10,0.003,32840,10,0.864,32161,10,-2.972,32835,10,0.096,15181,5,24.541,11590,4,37.074,5356,2
2933,E01002904,Kensington and Chelsea 002A,E09000020,Kensington and Chelsea,45.079,3043,1,0.333,1373,1,0.228,1943,1,22.995,11905,4,0.619,7723,3,-0.077,17794,6,38.761,2568,1,27.58,10211,4
2934,E01002905,Kensington and Chelsea 002B,E09000020,Kensington and Chelsea,44.52,3154,1,0.294,2398,1,0.196,3325,2,14.428,17810,6,0.129,14040,5,1.525,983,1,38.834,2544,1,39.345,4479,2
2935,E01002906,Kensington and Chelsea 002C,E09000020,Kensington and Chelsea,33.044,6647,3,0.21,6079,2,0.158,5859,2,12.324,19639,6,0.406,10240,4,0.217,13229,5,40.016,2184,1,35.634,5959,2
2936,E01002907,Kensington and Chelsea 002D,E09000020,Kensington and Chelsea,52.561,1794,1,0.411,313,1,0.275,773,1,24.795,10947,4,0.595,7986,3,-0.212,19801,7,35.505,3853,2,29.29,9221,3
2937,E01002908,Kensington and Chelsea 003D,E09000020,Kensington and Chelsea,26.916,9637,3,0.157,9875,4,0.105,11683,4,4.688,27678,9,0.03,15550,5,0.722,6257,2,34.845,4150,2,46.405,2575,1
2938,E01002909,Kensington and Chelsea 003E,E09000020,Kensington and Chelsea,29.726,8155,3,0.193,7131,3,0.146,6931,3,7.526,24456,8,-0.343,21351,7,0.627,7356,3,38.279,2747,1,38.123,4943,2
2939,E01002910,Kensington and Chelsea 019C,E09000020,Kensington and Chelsea,16.317,17632,6,0.101,16102,5,0.065,20224,7,2.476,30339,10,-1.432,31469,10,0.359,11034,4,32.796,5196,2,37.285,5271,2
2940,E01002911,Kensington and Chelsea 019D,E09000020,Kensington and Chelsea,12.544,21556,7,0.025,31634,10,0.015,32587,10,1.516,31434,10,-2.709,32824,10,0.66,6974,3,26.063,10121,4,55.26,1161,1
2941,E01002912,Kensington and Chelsea 020E,E09000020,Kensington and Chelsea,13.905,20040,7,0.059,23912,8,0.032,30223,10,11.598,20326,7,-0.964,28540,9,0.036,16117,5,30.439,6649,3,46.513,2549,1
2942,E01002913,Kensington and Chelsea 021E,E09000020,Kensington and Chelsea,18.046,16091,5,0.107,15370,5,0.062,20914,7,3.343,29324,9,-1.152,29958,10,0.659,6980,3,31.768,5803,2,41.889,3690,2
2943,E01002914,Kensington and Chelsea 019E,E09000020,Kensington and Chelsea,8.875,25957,8,0.03,30788,10,0.012,32684,10,2.692,30107,10,-2.091,32666,10,-0.868,27955,9,33.113,5016,2,38.926,4639,2
2944,E01002915,Kingston upon Thames 014A,E09000021,Kingston upon Thames,8.064,26998,9,0.048,26703,9,0.047,25558,8,5.219,27067,9,-1.567,31906,10,-0.461,23246,8,26.65,9602,3,21.459,14217,5
2945,E01002916,Kingston upon Thames 014B,E09000021,Kingston upon Thames,8.236,26782,9,0.046,27247,9,0.054,23278,8,4.003,28542,9,-1.216,30399,10,0.365,10947,4,14.384,23780,8,22.678,13355,5
2946,E01002917,Kingston upon Thames 014C,E09000021,Kingston upon Thames,4.073,31433,10,0.035,29765,10,0.034,29734,10,1.978,30913,10,-1.63,32057,10,-0.547,24408,8,16.076,21563,7,16.781,17769,6
2947,E01002918,Kingston upon Thames 017A,E09000021,Kingston upon Thames,12.197,21946,7,0.068,21987,7,0.045,26416,9,15.533,16953,6,-0.897,27956,9,-0.629,25416,8,21.35,15078,5,41.128,3906,2
2948,E01002919,Kingston upon Thames 017B,E09000021,Kingston upon Thames,15.611,18341,6,0.119,13841,5,0.06,21405,7,8.715,23171,8,-0.676,25661,8,-0.105,18206,6,33.436,4856,2,24.157,12315,4
2949,E01002920,Kingston upon Thames 014D,E09000021,Kingston upon Thames,5.052,30459,10,0.039,28847,9,0.037,28917,9,1.976,30915,10,-1.154,29980,10,-0.564,24637,8,21.537,14862,5,13.748,20365,7
2950,E01002921,Kingston upon Thames 011A,E09000021,Kingston upon Thames,15.232,18698,6,0.096,16902,6,0.059,21805,7,10.803,21078,7,-0.141,18259,6,-0.142,18772,6,26.657,9598,3,31.071,8218,3
2951,E01002922,Kingston upon Thames 010A,E09000021,Kingston upon Thames,9.061,25712,8,0.063,23122,8,0.041,27588,9,0.762,32285,10,-0.882,27821,9,-0.301,21048,7,29.078,7588,3,22.321,13639,5
2952,E01002923,Kingston upon Thames 013A,E09000021,Kingston upon Thames,30.061,7999,3,0.221,5494,2,0.13,8555,3,22.698,12101,4,0.65,7394,3,-0.14,18739,6,32.579,5342,2,22.803,13259,5
2953,E01002924,Kingston upon Thames 014E,E09000021,Kingston upon Thames,3.339,32012,10,0.025,31625,10,0.033,29936,10,0.615,32430,10,-1.405,31360,10,-1.48,31724,10,18.148,18939,6,16.451,18027,6
2954,E01002925,Kingston upon Thames 013B,E09000021,Kingston upon Thames,11.459,22790,7,0.065,22534,7,0.049,25116,8,2.067,30814,10,-0.587,24547,8,-0.792,27220,9,26.784,9472,3,39.361,4472,2
2955,E01002926,Kingston upon Thames 010B,E09000021,Kingston upon Thames,7.351,27879,9,0.044,27579,9,0.037,28906,9,1.675,31242,10,-0.947,28383,9,-1.071,29623,10,26.429,9780,3,27.764,10098,4
2956,E01002927,Kingston upon Thames 008A,E09000021,Kingston upon Thames,12.635,21448,7,0.086,18456,6,0.064,20272,7,3.757,28813,9,-0.658,25451,8,-0.098,18100,6,30.041,6944,3,19.875,15384,5
2957,E01002928,Kingston upon Thames 008B,E09000021,Kingston upon Thames,16.639,17328,6,0.131,12430,4,0.09,14269,5,4.183,28308,9,-0.719,26113,8,-0.202,19656,6,23.033,13172,5,34.305,6550,2
2958,E01002929,Kingston upon Thames 007A,E09000021,Kingston upon Thames,8.833,26011,8,0.04,28591,9,0.046,25934,8,0.666,32378,10,-1.588,31955,10,0.378,10764,4,22.757,13463,5,28.851,9468,3
2959,E01002930,Kingston upon Thames 007B,E09000021,Kingston upon Thames,11.051,23273,8,0.087,18388,6,0.051,24274,8,7.117,24920,8,-1.159,30014,10,-0.162,19072,6,24.951,11158,4,24.028,12395,4
2960,E01002931,Kingston upon Thames 007C,E09000021,Kingston upon Thames,11.45,22804,7,0.072,21087,7,0.045,26353,9,1.604,31320,10,-1.38,31264,10,0.635,7267,3,18.871,18019,6,34.618,6421,2
2961,E01002932,Kingston upon Thames 006A,E09000021,Kingston upon Thames,26.643,9799,3,0.19,7276,3,0.135,7929,3,15.714,16818,6,0.158,13644,5,-0.237,20159,7,37.495,3020,1,17.254,17390,6
2962,E01002933,Kingston upon Thames 004A,E09000021,Kingston upon Thames,15.439,18511,6,0.121,13606,5,0.087,14916,5,4.131,28370,9,-0.051,16806,6,-0.615,25253,8,21.849,14504,5,25.58,11424,4
2963,E01002934,Kingston upon Thames 004B,E09000021,Kingston upon Thames,3.665,31781,10,0.031,30702,10,0.032,30052,10,1.031,31986,10,-1.521,31759,10,-0.981,28925,9,17.162,20234,7,17.903,16903,6
2964,E01002935,Kingston upon Thames 003A,E09000021,Kingston upon Thames,8.24,26771,9,0.061,23488,8,0.036,28919,9,1.145,31854,10,-1.635,32078,10,-0.083,17895,6,22.191,14103,5,29.433,9131,3
2965,E01002937,Kingston upon Thames 004D,E09000021,Kingston upon Thames,5.062,30452,10,0.031,30695,10,0.032,30019,10,1.595,31338,10,-1.277,30748,10,-0.59,24969,8,14.924,23130,8,28.865,9462,3
2966,E01002938,Kingston upon Thames 003B,E09000021,Kingston upon Thames,4.776,30727,10,0.039,28957,9,0.038,28610,9,1.172,31818,10,-1.606,31998,10,-0.869,27965,9,13.5,24823,8,26.611,10807,4
2967,E01002939,Kingston upon Thames 018A,E09000021,Kingston upon Thames,12.767,21310,7,0.094,17266,6,0.071,18441,6,15.518,16966,6,-0.727,26205,8,-0.158,19003,6,18.712,18217,6,18.652,16309,5
2968,E01002940,Kingston upon Thames 020A,E09000021,Kingston upon Thames,18.071,16076,5,0.114,14422,5,0.096,13281,5,18.418,14828,5,-0.211,19289,6,-0.268,20585,7,24.565,11566,4,24.553,12054,4
2969,E01002941,Kingston upon Thames 018B,E09000021,Kingston upon Thames,9.426,25233,8,0.061,23432,8,0.041,27579,9,8.587,23323,8,-0.865,27648,9,-0.237,20156,7,24.233,11900,4,24.488,12101,4
2970,E01002942,Kingston upon Thames 018C,E09000021,Kingston upon Thames,10.777,23570,8,0.068,21885,7,0.059,21825,7,16.226,16388,5,-0.562,24211,8,0.04,16045,5,12.761,25689,8,19.529,15656,5
2971,E01002943,Kingston upon Thames 020B,E09000021,Kingston upon Thames,16.752,17230,6,0.103,15959,5,0.082,15777,5,27.304,9691,3,-0.517,23663,8,-0.328,21446,7,25.144,10965,4,18.715,16256,5
2972,E01002944,Kingston upon Thames 019A,E09000021,Kingston upon Thames,13.363,20667,7,0.086,18501,6,0.061,21162,7,22.106,12471,4,-0.657,25437,8,-1.004,29125,9,30.744,6444,2,12.115,21877,7
2973,E01002945,Kingston upon Thames 019B,E09000021,Kingston upon Thames,9.082,25677,8,0.059,23953,8,0.045,26242,8,15.159,17244,6,-0.956,28463,9,-0.473,23403,8,21.44,14966,5,19.607,15595,5
2974,E01002946,Kingston upon Thames 019C,E09000021,Kingston upon Thames,8.721,26145,8,0.049,26378,9,0.047,25727,8,11.685,20244,7,-1.167,30081,10,-0.464,23281,8,25.6,10567,4,19.125,15946,5
2975,E01002947,Kingston upon Thames 019D,E09000021,Kingston upon Thames,7.288,27952,9,0.049,26479,9,0.034,29535,9,13.8,18331,6,-1.011,28916,9,-0.093,18026,6,15.333,22578,7,18.218,16641,6
2976,E01002948,Kingston upon Thames 020C,E09000021,Kingston upon Thames,17.875,16244,5,0.137,11827,4,0.091,14014,5,16.26,16360,5,-0.491,23306,8,0.175,13913,5,27.267,9019,3,10.713,23312,8
2977,E01002949,Kingston upon Thames 020D,E09000021,Kingston upon Thames,9.745,24825,8,0.081,19427,6,0.053,23748,8,11.942,19994,7,-1.312,30908,10,0.079,15433,5,17.649,19590,6,14.179,19963,7
2978,E01002950,Kingston upon Thames 020E,E09000021,Kingston upon Thames,17.972,16145,5,0.144,11040,4,0.078,16822,6,20.224,13641,5,-0.568,24301,8,-0.189,19482,6,30.853,6386,2,13.428,20648,7
2979,E01002951,Kingston upon Thames 003C,E09000021,Kingston upon Thames,5.416,30100,10,0.056,24648,8,0.03,30722,10,0.364,32637,10,-1.914,32531,10,-0.944,28639,9,20.817,15700,5,21.168,14428,5
2980,E01002952,Kingston upon Thames 002A,E09000021,Kingston upon Thames,6.26,29133,9,0.033,30280,10,0.029,30860,10,2.881,29883,10,-1.579,31929,10,-0.381,22194,7,29.561,7262,3,15.757,18627,6
2981,E01002953,Kingston upon Thames 002B,E09000021,Kingston upon Thames,7.065,28241,9,0.029,30966,10,0.024,31738,10,0.641,32401,10,-1.148,29932,10,-0.527,24156,8,35.069,4060,2,17.212,17432,6
2982,E01002954,Kingston upon Thames 003D,E09000021,Kingston upon Thames,12.215,21932,7,0.136,11900,4,0.043,26838,9,2.209,30648,10,-0.191,19000,6,-0.961,28782,9,24.581,11550,4,20.947,14598,5
2983,E01002955,Kingston upon Thames 002C,E09000021,Kingston upon Thames,14.326,19611,6,0.076,20230,7,0.048,25227,8,3.864,28691,9,-1.018,28971,9,-0.007,16796,6,41.23,1864,1,28.816,9501,3
2984,E01002956,Kingston upon Thames 002D,E09000021,Kingston upon Thames,7.327,27909,9,0.041,28346,9,0.022,31973,10,6.959,25087,8,-1.52,31757,10,-1.051,29482,9,32.416,5417,2,19.606,15596,5
2985,E01002957,Kingston upon Thames 003E,E09000021,Kingston upon Thames,14.322,19621,6,0.119,13827,5,0.066,19941,7,17.919,15198,5,-0.994,28764,9,-0.993,29031,9,31.273,6104,2,12.605,21411,7
2986,E01002958,Kingston upon Thames 008C,E09000021,Kingston upon Thames,6.841,28518,9,0.05,26155,8,0.038,28430,9,2.38,30436,10,-1.423,31431,10,-0.935,28564,9,17.811,19395,6,33.166,7123,3
2987,E01002959,Kingston upon Thames 002E,E09000021,Kingston upon Thames,3.101,32171,10,0.02,32261,10,0.022,32066,10,0.243,32727,10,-1.827,32423,10,-1.041,29423,9,20.021,16628,6,15.538,18780,6
2988,E01002960,Kingston upon Thames 006B,E09000021,Kingston upon Thames,6.07,29368,9,0.052,25787,8,0.026,31434,10,0.84,32200,10,-1.546,31833,10,-0.486,23583,8,20.024,16620,6,26.646,10778,4
2989,E01002961,Kingston upon Thames 008D,E09000021,Kingston upon Thames,7.367,27855,9,0.064,22865,7,0.056,22676,7,0.863,32165,10,-0.998,28803,9,-0.976,28893,9,18.271,18767,6,21.137,14453,5
2990,E01002962,Kingston upon Thames 006C,E09000021,Kingston upon Thames,12.943,21110,7,0.077,20154,7,0.048,25300,8,15.908,16652,6,-1.057,29273,9,-0.101,18140,6,23.532,12628,4,35.122,6186,2
2991,E01002963,Kingston upon Thames 007D,E09000021,Kingston upon Thames,9.886,24659,8,0.097,16779,6,0.039,28183,9,1.134,31862,10,-1.149,29938,10,-1.016,29223,9,26.938,9325,3,27.618,10183,4
2992,E01002964,Kingston upon Thames 005A,E09000021,Kingston upon Thames,17.289,16736,6,0.097,16833,6,0.052,24177,8,10.389,21465,7,-0.346,21396,7,0.835,5062,2,28.707,7887,3,31.232,8138,3
2993,E01002965,Kingston upon Thames 009A,E09000021,Kingston upon Thames,12.957,21096,7,0.094,17305,6,0.069,19148,6,1.64,31274,10,-0.857,27552,9,-0.61,25184,8,32.267,5488,2,23.819,12549,4
2994,E01002966,Kingston upon Thames 010C,E09000021,Kingston upon Thames,9.456,25187,8,0.066,22346,7,0.046,25998,8,1.716,31195,10,-1.009,28903,9,-0.577,24822,8,21.677,14682,5,35.237,6129,2
2995,E01002967,Kingston upon Thames 009B,E09000021,Kingston upon Thames,5.324,30191,10,0.036,29603,10,0.029,30897,10,0.597,32443,10,-1.272,30717,10,-0.774,27041,9,24.862,11267,4,19.887,15376,5
2996,E01002968,Kingston upon Thames 009C,E09000021,Kingston upon Thames,14.52,19427,6,0.058,24110,8,0.054,23403,8,3.301,29377,9,-1.011,28917,9,0.841,4993,2,31.28,6100,2,32.789,7303,3
2997,E01002969,Kingston upon Thames 005B,E09000021,Kingston upon Thames,40.913,4000,2,0.301,2177,1,0.194,3443,2,35.926,6459,2,0.698,6900,3,-0.092,18011,6,34.04,4559,2,20.864,14652,5
2998,E01002970,Kingston upon Thames 006D,E09000021,Kingston upon Thames,21.15,13439,5,0.124,13237,5,0.079,16612,6,16.113,16480,6,-0.19,18984,6,0.442,9882,4,38.025,2826,1,22.205,13717,5
2999,E01002971,Kingston upon Thames 005C,E09000021,Kingston upon Thames,12.432,21686,7,0.098,16593,6,0.055,23129,8,8.412,23510,8,-0.66,25471,8,-0.325,21390,7,23.539,12619,4,27.839,10050,4
3000,E01002972,Kingston upon Thames 005D,E09000021,Kingston upon Thames,13.608,20357,7,0.093,17349,6,0.053,23722,8,5.032,27257,9,-0.493,23328,8,-0.109,18271,6,24.328,11791,4,36.896,5433,2
3001,E01002973,Kingston upon Thames 006E,E09000021,Kingston upon Thames,23.106,11982,4,0.165,9174,3,0.094,13510,5,16.405,16264,5,-0.073,17144,6,0.273,12338,4,33.226,4977,2,24.708,11965,4
3002,E01002974,Kingston upon Thames 005E,E09000021,Kingston upon Thames,13.924,20020,7,0.113,14589,5,0.075,17562,6,2.597,30230,10,-0.94,28317,9,0.097,15166,5,24.833,11287,4,24.255,12252,4
3003,E01002975,Kingston upon Thames 012A,E09000021,Kingston upon Thames,12.123,22021,7,0.1,16292,5,0.059,21747,7,5.92,26250,8,-1.51,31729,10,-0.42,22700,7,27.727,8663,3,24.758,11935,4
3004,E01002976,Kingston upon Thames 015A,E09000021,Kingston upon Thames,8.143,26898,9,0.05,26202,8,0.042,27329,9,12.221,19747,7,-1.107,29646,10,-0.972,28873,9,25.914,10245,4,18.763,16220,5
3005,E01002977,Kingston upon Thames 012B,E09000021,Kingston upon Thames,18.446,15741,5,0.148,10639,4,0.098,12948,4,16.596,16119,5,-0.711,26031,8,-0.074,17759,6,26.181,10011,4,17.754,17004,6
3006,E01002978,Kingston upon Thames 015B,E09000021,Kingston upon Thames,7.414,27790,9,0.062,23219,8,0.053,23799,8,3.709,28866,9,-1.527,31775,10,-0.518,24031,8,16.851,20618,7,22.537,13454,5
3007,E01002979,Kingston upon Thames 015C,E09000021,Kingston upon Thames,9.478,25153,8,0.087,18356,6,0.064,20519,7,3.954,28586,9,-1.286,30786,10,-0.682,26014,8,19.618,17112,6,20.333,15029,5
3008,E01002980,Kingston upon Thames 012C,E09000021,Kingston upon Thames,7.43,27764,9,0.042,28195,9,0.049,25117,8,6.911,25134,8,-1.48,31633,10,-0.553,24493,8,24.264,11864,4,19.983,15306,5
3009,E01002981,Kingston upon Thames 012D,E09000021,Kingston upon Thames,11.94,22235,7,0.078,19853,7,0.057,22488,7,2.811,29966,10,-1.109,29673,10,-0.346,21692,7,32.293,5471,2,26.258,11012,4
3010,E01002982,Kingston upon Thames 015D,E09000021,Kingston upon Thames,13.639,20323,7,0.097,16840,6,0.063,20689,7,5.317,26947,9,-0.645,25274,8,-0.435,22891,7,32.003,5653,2,24.492,12097,4
3011,E01002983,Kingston upon Thames 015E,E09000021,Kingston upon Thames,7.399,27807,9,0.055,24999,8,0.038,28584,9,2.213,30642,10,-1.6,31984,10,-0.179,19334,6,27.262,9024,3,15.808,18578,6
3012,E01002984,Kingston upon Thames 012E,E09000021,Kingston upon Thames,17.185,16828,6,0.121,13595,5,0.092,13916,5,4.126,28375,9,-0.364,21655,7,-0.105,18210,6,23.267,12905,4,35.048,6222,2
3013,E01002985,Kingston upon Thames 007E,E09000021,Kingston upon Thames,11.766,22446,7,0.102,16039,5,0.036,29118,9,6.213,25946,8,-0.847,27483,9,-0.219,19891,7,24.373,11746,4,32.214,7609,3
3014,E01002986,Kingston upon Thames 008E,E09000021,Kingston upon Thames,12.627,21459,7,0.082,19231,6,0.065,20182,7,5.279,26991,9,-0.722,26145,8,-0.416,22649,7,29.005,7652,3,26.547,10837,4
3015,E01002987,Kingston upon Thames 011B,E09000021,Kingston upon Thames,18.608,15568,5,0.122,13491,5,0.11,10995,4,2.634,30184,10,0.157,13654,5,-0.303,21086,7,24.549,11581,4,28.293,9789,3
3016,E01002988,Kingston upon Thames 011C,E09000021,Kingston upon Thames,6.657,28712,9,0.027,31242,10,0.022,32031,10,8.078,23858,8,-1.142,29899,10,-0.64,25540,8,26.118,10067,4,23.782,12575,4
3017,E01002989,Kingston upon Thames 011D,E09000021,Kingston upon Thames,8.627,26262,8,0.033,30140,10,0.019,32304,10,0.157,32788,10,-1.59,31959,10,0.11,14988,5,19.235,17576,6,45.865,2702,1
3018,E01002990,Kingston upon Thames 009D,E09000021,Kingston upon Thames,7.626,27514,9,0.049,26319,9,0.032,30094,10,1.915,30988,10,-0.975,28621,9,-0.964,28798,9,26.031,10148,4,29.867,8895,3
3019,E01002991,Kingston upon Thames 009E,E09000021,Kingston upon Thames,7.648,27489,9,0.028,31117,10,0.027,31350,10,0.217,32752,10,-1.106,29630,10,-0.233,20111,7,27.184,9092,3,32.67,7375,3
3020,E01002992,Kingston upon Thames 010D,E09000021,Kingston upon Thames,6.631,28743,9,0.026,31479,10,0.016,32549,10,3.696,28883,9,-1.179,30163,10,-1.076,29657,10,32.673,5281,2,21.199,14406,5
3021,E01002993,Kingston upon Thames 013C,E09000021,Kingston upon Thames,10.174,24286,8,0.074,20799,7,0.04,27906,9,1.725,31188,10,-0.731,26262,8,-0.298,21018,7,26.046,10138,4,30.279,8639,3
3022,E01002994,Kingston upon Thames 016A,E09000021,Kingston upon Thames,7.883,27206,9,0.056,24637,8,0.035,29426,9,1.389,31591,10,-0.789,26890,9,-1.146,30139,10,31.733,5823,2,17.611,17128,6
3023,E01002995,Kingston upon Thames 013D,E09000021,Kingston upon Thames,5.88,29593,10,0.034,30076,10,0.031,30429,10,0.334,32661,10,-1.036,29099,9,-0.392,22336,7,23.804,12342,4,21.822,13968,5
3024,E01002996,Kingston upon Thames 016B,E09000021,Kingston upon Thames,7.571,27598,9,0.044,27603,9,0.049,24966,8,1.767,31143,10,-1.09,29520,9,-0.077,17796,6,19.515,17256,6,25.114,11714,4
3025,E01002997,Kingston upon Thames 016C,E09000021,Kingston upon Thames,8.337,26649,9,0.036,29553,9,0.05,24569,8,1.478,31479,10,-1.281,30765,10,-0.416,22642,7,23.388,12773,4,33.538,6933,3
3026,E01002998,Kingston upon Thames 016D,E09000021,Kingston upon Thames,14.437,19514,6,0.125,13093,4,0.061,21198,7,11.913,20015,7,-0.429,22487,7,-0.016,16927,6,21.79,14568,5,21.699,14043,5
3027,E01002999,Kingston upon Thames 013E,E09000021,Kingston upon Thames,14.372,19575,6,0.095,17131,6,0.056,22691,7,11.395,20529,7,-0.451,22784,7,0.263,12501,4,25.882,10284,4,25.306,11573,4
3028,E01003000,Kingston upon Thames 017C,E09000021,Kingston upon Thames,19.425,14887,5,0.138,11631,4,0.099,12730,4,17.809,15265,5,-0.426,22463,7,0.277,12283,4,26.331,9871,4,16.989,17597,6
3029,E01003001,Kingston upon Thames 017D,E09000021,Kingston upon Thames,12.804,21262,7,0.068,21936,7,0.048,25312,8,11.744,20201,7,-0.869,27691,9,0.846,4920,2,22.472,13777,5,20.765,14722,5
3030,E01003002,Kingston upon Thames 016E,E09000021,Kingston upon Thames,17.542,16518,6,0.13,12557,4,0.076,17194,6,12.293,19672,6,-0.699,25918,8,-0.131,18609,6,32.024,5641,2,26.043,11135,4
3031,E01003003,Kingston upon Thames 017E,E09000021,Kingston upon Thames,15.301,18639,6,0.103,15952,5,0.063,20744,7,8.14,23804,8,-0.661,25483,8,0.305,11861,4,22.903,13321,5,35.512,6010,2
3032,E01003004,Kingston upon Thames 018D,E09000021,Kingston upon Thames,10.869,23478,8,0.062,23245,8,0.038,28331,9,11.619,20308,7,-1.199,30281,10,0.013,16467,6,27.415,8900,3,27.797,10077,4
3033,E01003005,Kingston upon Thames 018E,E09000021,Kingston upon Thames,7.542,27643,9,0.05,26152,8,0.043,26921,9,13.874,18274,6,-1.321,30967,10,-0.91,28345,9,22.232,14043,5,16.929,17651,6
3034,E01003006,Kingston upon Thames 001A,E09000021,Kingston upon Thames,7.813,27297,9,0.064,22756,7,0.06,21510,7,1.049,31970,10,-1.005,28858,9,-0.54,24331,8,22.204,14090,5,12.632,21386,7
3035,E01003007,Kingston upon Thames 001B,E09000021,Kingston upon Thames,4.72,30778,10,0.05,26272,8,0.037,28876,9,1.389,31593,10,-1.871,32484,10,-0.208,19756,7,11.668,26932,9,16.682,17835,6
3036,E01003008,Kingston upon Thames 001C,E09000021,Kingston upon Thames,3.164,32136,10,0.021,32118,10,0.019,32330,10,0.917,32112,10,-1.459,31575,10,-0.548,24423,8,12.37,26157,8,20.678,14777,5
3037,E01003009,Kingston upon Thames 001D,E09000021,Kingston upon Thames,9.258,25452,8,0.081,19294,6,0.059,21725,7,1.885,31019,10,-1.219,30417,10,-0.727,26533,9,25.072,11037,4,16.958,17628,6
3038,E01003010,Kingston upon Thames 001E,E09000021,Kingston upon Thames,4.323,31189,10,0.024,31789,10,0.03,30635,10,0.413,32597,10,-1.266,30681,10,-0.227,20003,7,15.169,22776,7,21.451,14223,5
3039,E01003011,Kingston upon Thames 004E,E09000021,Kingston upon Thames,6.829,28534,9,0.05,26183,8,0.042,27196,9,0.369,32634,10,-1.543,31823,10,-0.384,22223,7,17.859,19322,6,29.345,9185,3
3040,E01033568,Kingston upon Thames 004F,E09000021,Kingston upon Thames,13.113,20938,7,0.066,22452,7,0.034,29616,10,6.535,25556,8,-1.422,31427,10,-0.22,19901,7,24.524,11606,4,55.337,1153,1
3041,E01033569,Kingston upon Thames 004G,E09000021,Kingston upon Thames,9.148,25602,8,0.073,20855,7,0.05,24559,8,1.308,31676,10,-1.147,29926,10,-0.364,21948,7,23.166,13020,4,25.235,11629,4
3042,E01003013,Lambeth 036A,E09000022,Lambeth,12.271,21865,7,0.029,30923,10,0.015,32583,10,1.054,31964,10,0.064,15030,5,0.039,16073,5,26.675,9583,3,48.038,2249,1
3043,E01003014,Lambeth 036B,E09000022,Lambeth,26.261,10007,4,0.141,11343,4,0.084,15522,5,20.544,13434,5,0.012,15815,5,1.184,2324,1,28.101,8347,3,38.483,4811,2
3044,E01003015,Lambeth 002A,E09000022,Lambeth,26.682,9771,3,0.192,7174,3,0.12,9696,3,13.621,18488,6,0.132,14003,5,-0.221,19929,7,30.212,6822,3,40.269,4178,2
3045,E01003016,Lambeth 036C,E09000022,Lambeth,13.265,20774,7,0.051,25908,8,0.035,29455,9,7.994,23949,8,-0.187,18948,6,-0.296,20984,7,33.821,4666,2,38.094,4949,2
3046,E01003017,Lambeth 036D,E09000022,Lambeth,23.436,11736,4,0.123,13336,5,0.102,12251,4,9.464,22400,7,0.138,13907,5,0.339,11339,4,28.307,8185,3,45.328,2817,1
3047,E01003018,Lambeth 020A,E09000022,Lambeth,22.512,12382,4,0.084,18910,6,0.054,23334,8,4.267,28208,9,0.219,12797,4,0.97,3762,2,25.898,10264,4,62.774,450,1
3048,E01003019,Lambeth 015A,E09000022,Lambeth,18.843,15377,5,0.114,14446,5,0.07,18901,6,3.255,29441,9,0.054,15167,5,0.599,7755,3,25.39,10757,4,37.759,5080,2
3049,E01003020,Lambeth 016A,E09000022,Lambeth,24.0,11385,4,0.122,13409,5,0.09,14221,5,7.577,24399,8,0.056,15148,5,1.237,2045,1,26.699,9560,3,37.517,5160,2
3050,E01003021,Lambeth 021A,E09000022,Lambeth,33.319,6537,2,0.184,7750,3,0.126,8965,3,17.378,15550,5,1.178,2999,1,0.703,6465,2,29.784,7119,3,36.365,5642,2
3051,E01003022,Lambeth 021B,E09000022,Lambeth,20.494,13937,5,0.122,13496,5,0.076,17241,6,6.689,25389,8,0.378,10611,4,0.072,15559,5,26.567,9652,3,41.223,3872,2
3052,E01003023,Lambeth 021C,E09000022,Lambeth,19.316,14996,5,0.114,14474,5,0.053,23622,8,7.119,24918,8,0.3,11641,4,0.201,13492,5,25.552,10618,4,47.215,2411,1
3053,E01003024,Lambeth 021D,E09000022,Lambeth,31.514,7290,3,0.222,5434,2,0.113,10572,4,13.335,18736,6,0.56,8390,3,0.949,3932,2,32.059,5618,2,31.736,7862,3
3054,E01003025,Lambeth 021E,E09000022,Lambeth,21.733,12965,4,0.15,10468,4,0.084,15529,5,13.812,18318,6,0.079,14825,5,0.349,11174,4,28.119,8323,3,30.744,8387,3
3055,E01003026,Lambeth 019A,E09000022,Lambeth,17.427,16610,6,0.075,20501,7,0.033,29911,10,4.582,27810,9,0.214,12859,4,0.894,4449,2,19.326,17489,6,50.542,1823,1
3056,E01003027,Lambeth 019B,E09000022,Lambeth,10.074,24423,8,0.023,31858,10,0.019,32369,10,0.819,32217,10,-0.758,26546,9,0.483,9304,3,18.564,18408,6,47.357,2381,1
3057,E01003028,Lambeth 019C,E09000022,Lambeth,19.787,14540,5,0.12,13650,5,0.07,18779,6,6.041,26126,8,0.458,9613,3,0.176,13899,5,23.454,12719,4,40.636,4060,2
3058,E01003029,Lambeth 017A,E09000022,Lambeth,19.197,15084,5,0.116,14210,5,0.071,18464,6,2.924,29826,10,0.443,9798,3,0.27,12398,4,27.979,8457,3,33.346,7032,3
3059,E01003030,Lambeth 019D,E09000022,Lambeth,16.656,17315,6,0.061,23594,8,0.036,29012,9,4.776,27578,9,-0.16,18535,6,0.639,7211,3,23.245,12935,4,57.98,857,1
3060,E01003031,Lambeth 023A,E09000022,Lambeth,23.596,11631,4,0.171,8724,3,0.09,14276,5,11.989,19947,7,0.529,8745,3,-0.229,20026,7,26.294,9894,4,36.297,5684,2
3061,E01003032,Lambeth 017B,E09000022,Lambeth,31.549,7269,3,0.202,6544,2,0.138,7616,3,4.724,27646,9,0.336,11129,4,0.6,7748,3,29.998,6973,3,52.484,1503,1
3062,E01003033,Lambeth 019E,E09000022,Lambeth,14.91,19006,6,0.078,19833,7,0.055,23177,8,2.914,29838,10,-0.365,21662,7,0.234,12960,4,22.521,13723,5,46.931,2463,1
3063,E01003034,Lambeth 012A,E09000022,Lambeth,18.498,15690,5,0.135,12012,4,0.077,16953,6,4.648,27731,9,-0.103,17620,6,0.04,16055,5,28.972,7685,3,32.706,7352,3
3064,E01003035,Lambeth 012B,E09000022,Lambeth,24.936,10802,4,0.122,13489,5,0.071,18569,6,4.396,28047,9,0.065,15005,5,1.722,527,1,24.271,11857,4,45.06,2885,1
3065,E01003036,Lambeth 012C,E09000022,Lambeth,24.245,11220,4,0.138,11728,4,0.096,13320,5,17.339,15577,5,0.287,11800,4,0.776,5671,2,25.188,10927,4,33.028,7190,3
3066,E01003037,Lambeth 013A,E09000022,Lambeth,38.342,4779,2,0.233,4842,2,0.165,5369,2,10.113,21711,7,1.445,1674,1,0.743,6026,2,27.51,8831,3,36.65,5518,2
3067,E01003038,Lambeth 013B,E09000022,Lambeth,14.932,18982,6,0.06,23615,8,0.031,30455,10,4.762,27593,9,-0.333,21162,7,0.661,6958,3,20.292,16306,5,53.881,1321,1
3068,E01003039,Lambeth 013C,E09000022,Lambeth,10.643,23724,8,0.041,28425,9,0.029,30807,10,4.572,27823,9,-0.498,23402,8,0.293,12029,4,23.293,12880,4,38.574,4766,2
3069,E01003040,Lambeth 013D,E09000022,Lambeth,21.291,13326,5,0.092,17652,6,0.069,19152,6,6.594,25494,8,-0.033,16508,6,0.66,6973,3,23.996,12147,4,59.745,707,1
3070,E01003041,Lambeth 017C,E09000022,Lambeth,34.66,6008,2,0.192,7165,3,0.111,10852,4,16.855,15918,5,0.621,7711,3,1.753,476,1,28.323,8174,3,40.318,4163,2
3071,E01003042,Lambeth 013E,E09000022,Lambeth,26.014,10188,4,0.155,10022,4,0.118,9978,4,8.649,23253,8,0.644,7447,3,0.471,9463,3,25.92,10242,4,35.085,6205,2
3072,E01003043,Lambeth 018A,E09000022,Lambeth,23.727,11557,4,0.157,9828,3,0.093,13844,5,5.048,27233,9,0.081,14795,5,0.671,6833,3,28.191,8268,3,39.594,4396,2
3073,E01003044,Lambeth 018B,E09000022,Lambeth,43.069,3464,2,0.271,3190,1,0.213,2590,1,16.471,16215,5,0.758,6306,2,-0.131,18605,6,37.928,2855,1,51.469,1669,1
3074,E01003045,Lambeth 011A,E09000022,Lambeth,38.842,4629,2,0.282,2809,1,0.166,5234,2,21.069,13089,4,0.491,9198,3,0.73,6180,2,31.557,5937,2,38.611,4748,2
3075,E01003046,Lambeth 009A,E09000022,Lambeth,33.936,6296,2,0.24,4494,2,0.151,6481,2,21.117,13068,4,0.176,13383,5,-0.004,16753,6,39.237,2416,1,36.831,5447,2
3076,E01003047,Lambeth 011B,E09000022,Lambeth,39.632,4378,2,0.238,4607,2,0.13,8479,3,14.578,17695,6,0.576,8218,3,2.063,161,1,35.586,3812,2,38.39,4843,2
3077,E01003048,Lambeth 009B,E09000022,Lambeth,37.906,4904,2,0.276,3019,1,0.165,5355,2,23.276,11739,4,0.492,9190,3,0.705,6454,2,30.581,6545,2,34.962,6260,2
3078,E01003049,Lambeth 011C,E09000022,Lambeth,39.746,4341,2,0.267,3330,2,0.149,6686,3,16.631,16092,5,0.772,6154,2,1.16,2455,1,34.589,4273,2,37.843,5050,2
3079,E01003050,Lambeth 016B,E09000022,Lambeth,27.883,9105,3,0.122,13413,5,0.066,19767,7,12.772,19237,6,0.051,15213,5,1.684,601,1,28.747,7857,3,54.378,1258,1
3080,E01003051,Lambeth 018C,E09000022,Lambeth,36.268,5442,2,0.221,5477,2,0.127,8885,3,17.496,15469,5,0.544,8579,3,1.258,1936,1,34.164,4492,2,43.131,3375,2
3081,E01003052,Lambeth 016C,E09000022,Lambeth,40.689,4060,2,0.278,2947,1,0.159,5803,2,20.334,13581,5,0.234,12607,4,1.113,2711,1,33.452,4842,2,49.463,2003,1
3082,E01003053,Lambeth 015B,E09000022,Lambeth,23.236,11901,4,0.08,19582,6,0.059,21740,7,7.604,24369,8,0.209,12935,4,1.59,810,1,22.924,13290,5,50.927,1755,1
3083,E01003054,Lambeth 015C,E09000022,Lambeth,21.766,12938,4,0.066,22265,7,0.037,28804,9,14.245,17953,6,0.507,9009,3,1.415,1304,1,21.474,14931,5,48.03,2251,1
3084,E01003055,Lambeth 016D,E09000022,Lambeth,34.093,6234,2,0.168,8978,3,0.102,12116,4,15.744,16793,6,0.595,7980,3,2.01,198,1,27.563,8788,3,45.176,2856,1
3085,E01003056,Lambeth 015D,E09000022,Lambeth,29.918,8059,3,0.17,8749,3,0.116,10168,4,7.662,24293,8,0.722,6656,3,0.098,15154,5,28.025,8411,3,59.298,747,1
3086,E01003057,Lambeth 017D,E09000022,Lambeth,36.558,5352,2,0.236,4717,2,0.164,5450,2,11.925,20006,7,0.939,4694,2,0.869,4702,2,29.864,7057,3,34.848,6308,2
3087,E01003058,Lambeth 015E,E09000022,Lambeth,24.327,11169,4,0.135,11967,4,0.076,17362,6,9.855,21989,7,0.323,11302,4,0.342,11288,4,25.382,10765,4,57.935,861,1
3088,E01003059,Lambeth 011D,E09000022,Lambeth,39.166,4517,2,0.231,4918,2,0.132,8309,3,26.114,10262,4,0.853,5428,2,0.47,9470,3,33.873,4636,2,59.898,694,1
3089,E01003060,Lambeth 011E,E09000022,Lambeth,36.815,5258,2,0.248,4100,2,0.129,8599,3,22.254,12373,4,0.243,12449,4,1.348,1549,1,30.388,6688,3,42.088,3638,2
3090,E01003061,Lambeth 011F,E09000022,Lambeth,37.895,4907,2,0.136,11886,4,0.097,13061,4,21.911,12601,4,0.367,10753,4,2.099,136,1,32.816,5187,2,80.291,9,1
3091,E01003062,Lambeth 033A,E09000022,Lambeth,22.44,12428,4,0.147,10731,4,0.084,15532,5,8.429,23491,8,-0.129,18035,6,0.681,6709,3,27.33,8965,3,39.605,4388,2
3092,E01003063,Lambeth 033B,E09000022,Lambeth,37.714,4968,2,0.246,4217,2,0.164,5427,2,16.789,15971,5,0.722,6660,3,0.691,6613,3,39.093,2455,1,31.829,7810,3
3093,E01003064,Lambeth 028A,E09000022,Lambeth,12.812,21253,7,0.059,24035,8,0.048,25454,8,4.238,28244,9,-0.5,23421,8,0.168,14031,5,22.666,13560,5,44.133,3118,1
3094,E01003065,Lambeth 031A,E09000022,Lambeth,41.077,3955,2,0.279,2910,1,0.195,3395,2,19.628,13999,5,1.066,3758,2,0.551,8390,3,32.076,5604,2,27.763,10099,4
3095,E01003066,Lambeth 028B,E09000022,Lambeth,37.398,5079,2,0.228,5090,2,0.151,6474,2,14.712,17575,6,1.058,3811,2,1.191,2285,1,28.67,7911,3,34.282,6560,2
3096,E01003067,Lambeth 033C,E09000022,Lambeth,20.479,13955,5,0.136,11840,4,0.081,16178,5,4.01,28529,9,0.073,14900,5,0.53,8673,3,22.916,13304,5,40.179,4205,2
3097,E01003068,Lambeth 031B,E09000022,Lambeth,28.816,8594,3,0.179,8126,3,0.107,11494,4,16.649,16079,5,0.341,11080,4,0.864,4753,2,27.467,8858,3,40.735,4035,2
3098,E01003069,Lambeth 033D,E09000022,Lambeth,32.698,6797,3,0.188,7469,3,0.137,7763,3,11.478,20444,7,0.386,10532,4,1.07,2999,1,30.051,6935,3,45.666,2754,1
3099,E01003070,Lambeth 033E,E09000022,Lambeth,43.799,3295,2,0.309,1959,1,0.189,3765,2,24.183,11246,4,0.897,5078,2,0.43,10036,4,39.151,2435,1,31.16,8175,3
3100,E01003071,Lambeth 018D,E09000022,Lambeth,16.108,17838,6,0.087,18312,6,0.052,24099,8,4.139,28357,9,-0.237,19674,6,0.339,11336,4,25.615,10548,4,45.143,2862,1
3101,E01003072,Lambeth 014A,E09000022,Lambeth,16.47,17496,6,0.099,16462,6,0.066,19803,7,0.991,32030,10,-0.237,19672,6,0.264,12482,4,24.914,11214,4,41.933,3680,2
3102,E01003073,Lambeth 014B,E09000022,Lambeth,30.231,7919,3,0.217,5710,2,0.133,8118,3,13.562,18536,6,0.169,13474,5,0.452,9746,3,26.253,9935,4,45.247,2834,1
3103,E01003074,Lambeth 018E,E09000022,Lambeth,24.577,11024,4,0.116,14185,5,0.088,14733,5,8.587,23324,8,-0.443,22684,7,1.591,808,1,25.314,10823,4,43.69,3244,1
3104,E01003075,Lambeth 009C,E09000022,Lambeth,42.602,3565,2,0.292,2449,1,0.204,2955,1,24.508,11079,4,0.796,5941,2,0.547,8437,3,31.436,6005,2,34.265,6571,3
3105,E01003076,Lambeth 014C,E09000022,Lambeth,18.536,15651,5,0.132,12317,4,0.08,16311,5,6.752,25300,8,-0.049,16758,6,0.064,15680,5,27.399,8913,3,31.191,8160,3
3106,E01003077,Lambeth 014D,E09000022,Lambeth,19.571,14746,5,0.121,13603,5,0.069,18999,6,5.566,26641,9,0.095,14594,5,0.227,13088,4,25.921,10239,4,44.504,3019,1
3107,E01003078,Lambeth 014E,E09000022,Lambeth,10.834,23508,8,0.061,23587,8,0.037,28636,9,1.176,31813,10,-0.645,25275,8,0.185,13767,5,19.694,17005,6,41.014,3940,2
3108,E01003079,Lambeth 027A,E09000022,Lambeth,30.785,7655,3,0.167,9024,3,0.121,9628,3,14.512,17754,6,0.521,8864,3,0.953,3894,2,31.855,5747,2,40.594,4076,2
3109,E01003080,Lambeth 027B,E09000022,Lambeth,18.517,15676,5,0.107,15404,5,0.075,17616,6,4.585,27806,9,-0.418,22367,7,0.362,10982,4,26.789,9468,3,45.089,2875,1
3110,E01003081,Lambeth 028C,E09000022,Lambeth,29.721,8157,3,0.182,7853,3,0.12,9702,3,8.786,23091,8,0.214,12874,4,0.776,5678,2,29.556,7266,3,50.088,1899,1
3111,E01003082,Lambeth 031C,E09000022,Lambeth,30.194,7936,3,0.209,6167,2,0.145,7003,3,9.996,21829,7,0.403,10286,4,0.646,7124,3,28.447,8076,3,33.404,7004,3
3112,E01003083,Lambeth 030A,E09000022,Lambeth,19.665,14658,5,0.113,14562,5,0.089,14509,5,3.72,28852,9,-0.025,16384,5,0.258,12592,4,27.11,9163,3,40.144,4218,2
3113,E01003084,Lambeth 030B,E09000022,Lambeth,19.315,14997,5,0.096,17020,6,0.069,19066,6,4.338,28119,9,-0.444,22696,7,0.686,6666,3,23.429,12734,4,53.99,1309,1
3114,E01003085,Lambeth 030C,E09000022,Lambeth,16.358,17595,6,0.078,19993,7,0.056,22576,7,9.219,22651,7,-0.561,24197,8,0.515,8869,3,28.112,8332,3,40.536,4091,2
3115,E01003086,Lambeth 031D,E09000022,Lambeth,31.39,7351,3,0.231,4943,2,0.153,6256,2,19.057,14353,5,0.382,10568,4,0.09,15283,5,32.162,5547,2,27.361,10336,4
3116,E01003087,Lambeth 031E,E09000022,Lambeth,42.482,3600,2,0.297,2296,1,0.18,4296,2,32.573,7592,3,1.341,2139,1,-0.099,18114,6,30.361,6708,3,28.225,9823,3
3117,E01003088,Lambeth 010A,E09000022,Lambeth,32.424,6905,3,0.177,8260,3,0.108,11314,4,10.836,21050,7,0.589,8080,3,1.366,1478,1,30.507,6604,3,45.855,2705,1
3118,E01003089,Lambeth 008A,E09000022,Lambeth,31.444,7326,3,0.225,5240,2,0.113,10608,4,17.799,15271,5,-0.098,17532,6,0.598,7781,3,33.175,4995,2,48.514,2167,1
3119,E01003090,Lambeth 012D,E09000022,Lambeth,25.416,10501,4,0.114,14437,5,0.073,18042,6,6.031,26128,8,0.514,8946,3,0.638,7225,3,27.992,8442,3,61.729,525,1
3120,E01003091,Lambeth 008B,E09000022,Lambeth,23.431,11741,4,0.17,8757,3,0.079,16542,6,11.709,20223,7,-0.086,17350,6,0.338,11363,4,29.823,7087,3,41.811,3710,2
3121,E01003092,Lambeth 008C,E09000022,Lambeth,36.627,5334,2,0.254,3843,2,0.14,7494,3,16.983,15828,5,1.196,2894,1,0.536,8589,3,31.182,6171,2,31.564,7955,3
3122,E01003093,Lambeth 010B,E09000022,Lambeth,33.26,6561,2,0.246,4223,2,0.145,7054,3,14.164,18020,6,0.175,13388,5,0.36,11015,4,34.189,4483,2,41.532,3781,2
3123,E01003094,Lambeth 010C,E09000022,Lambeth,30.432,7822,3,0.196,6906,3,0.103,12027,4,6.689,25390,8,0.582,8148,3,1.434,1242,1,25.303,10836,4,37.496,5174,2
3124,E01003095,Lambeth 012E,E09000022,Lambeth,19.761,14572,5,0.086,18514,6,0.055,23258,8,3.043,29678,10,-0.087,17361,6,1.289,1802,1,25.304,10834,4,43.804,3207,1
3125,E01003096,Lambeth 010D,E09000022,Lambeth,25.455,10488,4,0.096,16868,6,0.057,22375,7,6.706,25363,8,0.703,6853,3,0.949,3934,2,24.003,12139,4,65.015,298,1
3126,E01003097,Lambeth 006A,E09000022,Lambeth,32.154,7024,3,0.2,6689,3,0.144,7149,3,14.919,17409,6,0.894,5105,2,0.331,11483,4,30.081,6916,3,36.001,5803,2
3127,E01003098,Lambeth 005A,E09000022,Lambeth,23.401,11756,4,0.144,11033,4,0.076,17165,6,5.265,27007,9,0.041,15370,5,0.712,6375,2,26.436,9772,3,50.5,1830,1
3128,E01003099,Lambeth 005B,E09000022,Lambeth,26.601,9835,3,0.159,9712,3,0.082,15957,5,11.998,19937,7,-0.324,21023,7,1.385,1408,1,29.009,7647,3,43.453,3310,2
3129,E01003100,Lambeth 005C,E09000022,Lambeth,16.907,17071,6,0.055,25003,8,0.036,28921,9,7.175,24850,8,-0.118,17858,6,0.514,8891,3,24.909,11221,4,59.577,726,1
3130,E01003101,Lambeth 003A,E09000022,Lambeth,28.222,8915,3,0.187,7568,3,0.117,10086,4,15.818,16736,6,0.449,9733,3,0.492,9181,3,28.441,8079,3,35.928,5838,2
3131,E01003102,Lambeth 004A,E09000022,Lambeth,25.93,10233,4,0.131,12400,4,0.101,12339,4,3.85,28710,9,0.071,14938,5,0.893,4453,2,31.413,6019,2,49.58,1980,1
3132,E01003104,Lambeth 004C,E09000022,Lambeth,24.638,10988,4,0.118,13899,5,0.068,19376,6,6.463,25640,8,-0.236,19663,6,0.477,9388,3,30.832,6398,2,80.723,7,1
3133,E01003105,Lambeth 003B,E09000022,Lambeth,29.263,8374,3,0.217,5678,2,0.117,10035,4,9.048,22806,7,0.397,10378,4,0.433,9997,4,31.787,5787,2,37.592,5134,2
3134,E01003106,Lambeth 003C,E09000022,Lambeth,27.175,9487,3,0.177,8233,3,0.114,10444,4,5.416,26824,9,0.151,13718,5,0.531,8658,3,26.699,9561,3,50.789,1784,1
3135,E01003107,Lambeth 003D,E09000022,Lambeth,17.52,16537,6,0.108,15210,5,0.062,20934,7,7.935,24025,8,-0.334,21188,7,0.094,15216,5,24.217,11914,4,47.358,2378,1
3136,E01003108,Lambeth 002B,E09000022,Lambeth,33.192,6591,3,0.215,5805,2,0.149,6637,3,12.415,19563,6,0.424,10021,4,0.562,8237,3,33.459,4835,2,42.166,3616,2
3137,E01003109,Lambeth 003E,E09000022,Lambeth,27.59,9248,3,0.144,11022,4,0.089,14482,5,8.18,23753,8,0.333,11164,4,0.361,11005,4,34.149,4501,2,60.094,676,1
3138,E01003110,Lambeth 002C,E09000022,Lambeth,17.446,16598,6,0.099,16499,6,0.06,21565,7,5.085,27191,9,-0.001,16033,5,-0.075,17765,6,27.186,9091,3,46.01,2673,1
3139,E01003111,Lambeth 002D,E09000022,Lambeth,35.303,5781,2,0.254,3821,2,0.153,6261,2,25.979,10329,4,0.663,7262,3,-0.232,20104,7,31.509,5962,2,37.054,5368,2
3140,E01003112,Lambeth 002E,E09000022,Lambeth,29.912,8065,3,0.207,6259,2,0.142,7265,3,12.132,19825,7,0.303,11581,4,0.053,15851,5,32.188,5536,2,39.512,4419,2
3141,E01003113,Lambeth 032A,E09000022,Lambeth,23.176,11942,4,0.121,13620,5,0.074,17675,6,12.344,19613,6,0.034,15491,5,0.534,8613,3,27.281,9010,3,53.33,1387,1
3142,E01003114,Lambeth 032B,E09000022,Lambeth,22.363,12492,4,0.103,15930,5,0.067,19528,6,6.368,25758,8,-0.337,21232,7,0.863,4765,2,30.162,6844,3,56.7,994,1
3143,E01003115,Lambeth 034A,E09000022,Lambeth,20.481,13952,5,0.121,13617,5,0.076,17262,6,8.092,23846,8,-0.036,16550,6,0.412,10268,4,25.904,10259,4,44.365,3059,1
3144,E01003116,Lambeth 029A,E09000022,Lambeth,20.465,13964,5,0.097,16763,6,0.079,16539,6,4.763,27590,9,-0.03,16453,6,0.29,12090,4,35.336,3920,2,41.97,3670,2
3145,E01003117,Lambeth 029B,E09000022,Lambeth,22.2,12619,4,0.118,13916,5,0.075,17443,6,7.621,24350,8,-0.098,17531,6,0.635,7262,3,26.79,9467,3,52.401,1516,1
3146,E01003118,Lambeth 029C,E09000022,Lambeth,22.781,12194,4,0.146,10830,4,0.082,15955,5,4.04,28483,9,0.031,15532,5,0.763,5804,2,27.531,8808,3,41.865,3694,2
3147,E01003119,Lambeth 032C,E09000022,Lambeth,22.028,12753,4,0.09,17829,6,0.07,18772,6,6.324,25807,8,0.171,13446,5,0.559,8281,3,29.452,7337,3,56.054,1060,1
3148,E01003120,Lambeth 032D,E09000022,Lambeth,32.875,6716,3,0.149,10580,4,0.1,12545,4,13.05,18998,6,0.421,10052,4,0.476,9398,3,38.753,2572,1,80.32,8,1
3149,E01003121,Lambeth 006B,E09000022,Lambeth,32.792,6760,3,0.251,3951,2,0.154,6215,2,18.234,14965,5,0.593,8010,3,0.039,16064,5,29.036,7623,3,30.238,8670,3
3150,E01003122,Lambeth 004D,E09000022,Lambeth,25.76,10330,4,0.144,11025,4,0.078,16729,6,12.202,19765,7,0.95,4615,2,-0.602,25105,8,32.306,5464,2,46.378,2584,1
3151,E01003123,Lambeth 006C,E09000022,Lambeth,19.16,15107,5,0.104,15806,5,0.071,18396,6,2.154,30717,10,-0.262,20062,7,0.614,7531,3,23.084,13115,4,50.836,1775,1
3152,E01003124,Lambeth 006D,E09000022,Lambeth,29.873,8081,3,0.188,7467,3,0.099,12670,4,11.318,20598,7,0.107,14403,5,0.355,11089,4,33.833,4658,2,60.708,624,1
3153,E01003125,Lambeth 006E,E09000022,Lambeth,30.312,7884,3,0.232,4881,2,0.134,8095,3,18.2,14993,5,0.113,14319,5,0.417,10212,4,30.629,6510,2,32.391,7522,3
3154,E01003126,Lambeth 008D,E09000022,Lambeth,28.68,8668,3,0.192,7175,3,0.123,9362,3,12.255,19716,7,0.378,10614,4,0.401,10431,4,31.294,6089,2,37.751,5082,2
3155,E01003127,Lambeth 010E,E09000022,Lambeth,26.097,10122,4,0.124,13272,5,0.084,15403,5,8.977,22881,7,0.065,15010,5,0.847,4914,2,30.498,6612,3,57.863,869,1
3156,E01003128,Lambeth 008E,E09000022,Lambeth,34.369,6116,2,0.224,5296,2,0.136,7861,3,22.721,12086,4,0.551,8501,3,0.58,7988,3,36.209,3533,2,35.137,6176,2
3157,E01003129,Lambeth 004E,E09000022,Lambeth,24.33,11167,4,0.121,13611,5,0.068,19428,6,16.977,15830,5,-0.053,16826,6,0.339,11333,4,27.532,8805,3,63.813,374,1
3158,E01003130,Lambeth 026A,E09000022,Lambeth,17.362,16679,6,0.104,15810,5,0.064,20286,7,5.195,27091,9,-0.526,23757,8,0.452,9730,3,23.835,12313,4,45.696,2744,1
3159,E01003131,Lambeth 026B,E09000022,Lambeth,18.271,15900,5,0.07,21546,7,0.054,23374,8,4.01,28528,9,-0.692,25846,8,1.011,3434,2,24.753,11371,4,54.545,1238,1
3160,E01003132,Lambeth 024A,E09000022,Lambeth,32.169,7016,3,0.219,5585,2,0.148,6791,3,17.057,15768,5,0.798,5929,2,0.176,13903,5,30.036,6945,3,31.998,7713,3
3161,E01003133,Lambeth 027C,E09000022,Lambeth,24.483,11078,4,0.147,10784,4,0.092,13912,5,2.541,30279,10,0.302,11594,4,0.765,5780,2,26.603,9631,3,45.087,2876,1
3162,E01003134,Lambeth 027D,E09000022,Lambeth,19.56,14757,5,0.122,13483,5,0.086,15074,5,7.321,24689,8,0.055,15163,5,0.408,10319,4,23.633,12514,4,34.957,6261,2
3163,E01003135,Lambeth 026C,E09000022,Lambeth,31.583,7255,3,0.174,8452,3,0.119,9763,3,14.544,17727,6,0.793,5972,2,0.506,9003,3,25.397,10747,4,55.731,1094,1
3164,E01003136,Lambeth 022A,E09000022,Lambeth,23.279,11860,4,0.111,14845,5,0.071,18456,6,6.141,26023,8,-0.171,18689,6,0.087,15325,5,30.871,6371,2,70.689,92,1
3165,E01003137,Lambeth 022B,E09000022,Lambeth,29.29,8364,3,0.212,5975,2,0.106,11638,4,14.77,17535,6,0.221,12759,4,0.668,6877,3,32.26,5493,2,37.386,5224,2
3166,E01003138,Lambeth 026D,E09000022,Lambeth,10.639,23730,8,0.039,28852,9,0.026,31511,10,1.382,31602,10,-0.678,25687,8,0.149,14311,5,21.967,14366,5,48.228,2211,1
3167,E01003139,Lambeth 035A,E09000022,Lambeth,13.474,20521,7,0.079,19735,7,0.049,24930,8,13.634,18479,6,-0.503,23452,8,-0.098,18111,6,25.416,10730,4,32.686,7367,3
3168,E01003140,Lambeth 035B,E09000022,Lambeth,16.888,17091,6,0.13,12563,4,0.061,21213,7,11.863,20074,7,-0.114,17803,6,-0.307,21148,7,26.408,9799,3,31.762,7853,3
3169,E01003141,Lambeth 034B,E09000022,Lambeth,24.037,11366,4,0.142,11273,4,0.096,13316,5,8.983,22875,7,-0.13,18061,6,0.353,11126,4,30.356,6712,3,49.227,2032,1
3170,E01003142,Lambeth 035C,E09000022,Lambeth,18.167,15996,5,0.121,13602,5,0.065,20049,7,17.464,15493,5,-0.237,19667,6,-0.14,18733,6,25.029,11078,4,37.985,4993,2
3171,E01003143,Lambeth 035D,E09000022,Lambeth,28.82,8591,3,0.213,5929,2,0.142,7263,3,18.261,14950,5,-0.051,16800,6,0.16,14169,5,29.922,7021,3,33.832,6775,3
3172,E01003144,Lambeth 034C,E09000022,Lambeth,17.38,16659,6,0.078,19941,7,0.054,23480,8,2.693,30106,10,-0.032,16492,6,0.929,4139,2,25.148,10960,4,40.21,4191,2
3173,E01003145,Lambeth 034D,E09000022,Lambeth,23.589,11635,4,0.109,15110,5,0.069,19155,6,10.597,21267,7,-0.001,16040,5,0.585,7931,3,29.47,7322,3,60.352,655,1
3174,E01003146,Lambeth 035E,E09000022,Lambeth,25.101,10705,4,0.179,8134,3,0.108,11277,4,12.947,19092,6,0.166,13537,5,0.109,15003,5,29.651,7210,3,35.617,5963,2
3175,E01003147,Lambeth 034E,E09000022,Lambeth,20.607,13846,5,0.149,10548,4,0.097,13151,5,8.439,23475,8,-0.512,23584,8,0.203,13434,5,25.997,10182,4,37.937,5011,2
3176,E01003148,Lambeth 032E,E09000022,Lambeth,18.954,15274,5,0.123,13383,5,0.077,17109,6,5.04,27249,9,-0.206,19216,6,0.017,16418,5,25.981,10193,4,45.37,2808,1
3177,E01003149,Lambeth 030D,E09000022,Lambeth,15.204,18720,6,0.094,17327,6,0.065,20005,7,3.236,29461,9,-0.57,24330,8,-0.756,26840,9,31.109,6212,2,40.805,4013,2
3178,E01003150,Lambeth 032F,E09000022,Lambeth,26.483,9888,4,0.186,7643,3,0.104,11829,4,10.254,21586,7,0.252,12301,4,0.414,10247,4,33.09,5027,2,34.894,6292,2
3179,E01003151,Lambeth 026E,E09000022,Lambeth,33.077,6636,3,0.254,3866,2,0.139,7574,3,19.234,14235,5,0.561,8377,3,0.201,13474,5,33.735,4709,2,28.704,9558,3
3180,E01003152,Lambeth 027E,E09000022,Lambeth,13.041,21006,7,0.067,22156,7,0.045,26313,9,3.189,29519,9,-0.758,26551,9,-0.093,18027,6,24.473,11656,4,48.813,2114,1
3181,E01003153,Lambeth 029D,E09000022,Lambeth,14.764,19158,6,0.075,20577,7,0.038,28445,9,4.441,27985,9,-0.282,20377,7,0.427,10069,4,24.496,11636,4,45.936,2688,1
3182,E01003154,Lambeth 030E,E09000022,Lambeth,28.223,8914,3,0.202,6554,2,0.139,7553,3,13.331,18743,6,0.446,9763,3,0.102,15102,5,28.313,8179,3,30.821,8356,3
3183,E01003155,Lambeth 029E,E09000022,Lambeth,19.058,15185,5,0.096,16964,6,0.072,18303,6,4.067,28457,9,-0.513,23608,8,0.865,4752,2,24.069,12064,4,46.832,2489,1
3184,E01003156,Lambeth 023B,E09000022,Lambeth,18.606,15573,5,0.109,15120,5,0.075,17502,6,1.894,31009,10,0.482,9305,3,-0.028,17108,6,22.563,13682,5,40.544,4087,2
3185,E01003157,Lambeth 023C,E09000022,Lambeth,13.822,20129,7,0.094,17298,6,0.049,24875,8,1.675,31243,10,-0.451,22780,7,0.386,10658,4,18.983,17887,6,40.375,4140,2
3186,E01003158,Lambeth 023D,E09000022,Lambeth,7.631,27507,9,0.037,29349,9,0.03,30582,10,4.354,28092,9,-0.422,22402,7,-0.402,22466,7,16.502,21032,7,34.042,6665,3
3187,E01003159,Lambeth 022C,E09000022,Lambeth,36.226,5458,2,0.236,4724,2,0.152,6347,2,18.918,14459,5,0.699,6895,3,0.756,5871,2,33.851,4650,2,35.864,5865,2
3188,E01003160,Lambeth 022D,E09000022,Lambeth,29.257,8375,3,0.192,7181,3,0.095,13371,5,21.92,12589,4,-0.223,19464,6,0.025,16309,5,38.301,2736,1,52.324,1532,1
3189,E01003161,Lambeth 023E,E09000022,Lambeth,18.917,15308,5,0.128,12817,4,0.068,19288,6,4.184,28307,9,0.362,10832,4,0.276,12306,4,25.105,11001,4,33.899,6740,3
3190,E01003162,Lambeth 022E,E09000022,Lambeth,27.304,9410,3,0.193,7123,3,0.108,11315,4,25.952,10340,4,0.259,12197,4,0.093,15226,5,29.343,7405,3,32.09,7668,3
3191,E01003163,Lambeth 023F,E09000022,Lambeth,15.132,18787,6,0.097,16760,6,0.057,22303,7,2.114,30771,10,-0.376,21813,7,0.608,7616,3,23.878,12270,4,33.317,7044,3
3192,E01003164,Lambeth 025A,E09000022,Lambeth,28.097,8977,3,0.152,10342,4,0.092,13871,5,8.592,23318,8,0.07,14940,5,0.914,4263,2,30.347,6720,3,58.053,853,1
3193,E01003165,Lambeth 025B,E09000022,Lambeth,22.312,12526,4,0.155,10043,4,0.096,13227,5,4.525,27874,9,-0.472,23046,8,0.51,8940,3,28.116,8327,3,42.624,3501,2
3194,E01003166,Lambeth 028D,E09000022,Lambeth,17.894,16219,5,0.125,13146,5,0.069,18934,6,6.528,25567,8,-0.678,25689,8,0.206,13389,5,27.934,8501,3,40.347,4151,2
3195,E01003167,Lambeth 028E,E09000022,Lambeth,14.506,19446,6,0.065,22691,7,0.058,22140,7,0.929,32104,10,-0.365,21661,7,0.323,11596,4,25.556,10611,4,43.796,3208,1
3196,E01003168,Lambeth 025C,E09000022,Lambeth,40.412,4141,2,0.258,3690,2,0.175,4639,2,24.72,10978,4,0.693,6953,3,0.871,4678,2,33.377,4890,2,38.347,4861,2
3197,E01003169,Lambeth 025D,E09000022,Lambeth,23.435,11737,4,0.127,12930,4,0.1,12594,4,5.496,26719,9,0.081,14804,5,0.743,6020,2,28.254,8222,3,41.466,3806,2
3198,E01003170,Lambeth 025E,E09000022,Lambeth,12.457,21658,7,0.072,21062,7,0.043,26971,9,0.782,32259,10,-0.52,23701,8,0.641,7187,3,22.939,13276,5,32.558,7434,3
3199,E01003171,Lambeth 020B,E09000022,Lambeth,25.368,10536,4,0.138,11642,4,0.086,15109,5,11.585,20350,7,0.3,11630,4,0.462,9606,3,26.369,9838,3,55.164,1173,1
3200,E01003172,Lambeth 024B,E09000022,Lambeth,30.645,7715,3,0.233,4852,2,0.131,8349,3,19.054,14355,5,0.353,10940,4,0.071,15579,5,32.923,5124,2,31.774,7846,3
3201,E01003173,Lambeth 020C,E09000022,Lambeth,15.409,18535,6,0.074,20806,7,0.051,24409,8,4.271,28205,9,-0.436,22586,7,0.668,6869,3,21.268,15185,5,46.141,2641,1
3202,E01003174,Lambeth 024C,E09000022,Lambeth,33.582,6425,2,0.261,3538,2,0.145,7000,3,22.537,12217,4,0.346,11019,4,0.419,10177,4,30.829,6399,2,29.43,9133,3
3203,E01003175,Lambeth 024D,E09000022,Lambeth,36.013,5531,2,0.243,4356,2,0.169,5035,2,26.79,9923,4,0.564,8354,3,0.335,11424,4,32.558,5349,2,31.339,8085,3
3204,E01003176,Lambeth 016E,E09000022,Lambeth,35.216,5818,2,0.239,4563,2,0.107,11507,4,13.955,18200,6,0.148,13748,5,1.703,567,1,31.652,5873,2,42.707,3479,2
3205,E01003177,Lambeth 020D,E09000022,Lambeth,25.703,10365,4,0.138,11648,4,0.08,16223,5,8.952,22914,7,0.123,14137,5,0.699,6516,2,27.495,8839,3,59.133,760,1
3206,E01003178,Lambeth 020E,E09000022,Lambeth,21.709,12993,4,0.092,17533,6,0.066,19849,7,5.123,27155,9,-0.103,17614,6,0.768,5758,2,24.2,11935,4,62.665,456,1
3207,E01003179,Lambeth 024E,E09000022,Lambeth,30.956,7576,3,0.251,3970,2,0.128,8742,3,27.617,9557,3,0.067,14993,5,0.008,16546,6,31.923,5704,2,29.187,9278,3
3208,E01003180,Lambeth 005D,E09000022,Lambeth,22.411,12452,4,0.145,10924,4,0.103,11959,4,6.834,25216,8,0.104,14450,5,0.518,8821,3,26.629,9617,3,32.811,7288,3
3209,E01003181,Lambeth 007A,E09000022,Lambeth,37.286,5124,2,0.254,3837,2,0.156,6039,2,10.01,21808,7,0.639,7510,3,1.081,2928,1,30.392,6685,3,40.56,4083,2
3210,E01003182,Lambeth 009D,E09000022,Lambeth,26.612,9827,3,0.164,9326,3,0.121,9595,3,11.864,20072,7,0.04,15397,5,0.537,8578,3,32.028,5637,2,37.474,5183,2
3211,E01003183,Lambeth 005E,E09000022,Lambeth,28.803,8600,3,0.187,7512,3,0.126,8983,3,10.447,21412,7,0.413,10152,4,0.227,13079,4,31.821,5765,2,41.849,3697,2
3212,E01003184,Lambeth 007B,E09000022,Lambeth,33.439,6491,2,0.252,3940,2,0.153,6295,2,20.192,13663,5,0.362,10822,4,0.443,9861,4,29.901,7036,3,31.352,8080,3
3213,E01003185,Lambeth 007C,E09000022,Lambeth,27.075,9547,3,0.177,8259,3,0.102,12196,4,8.505,23401,8,0.712,6757,3,0.622,7423,3,25.949,10215,4,37.378,5229,2
3214,E01003186,Lambeth 007D,E09000022,Lambeth,19.78,14548,5,0.109,15045,5,0.069,19017,6,3.007,29733,10,-0.346,21382,7,0.725,6231,2,26.932,9336,3,47.821,2287,1
3215,E01003187,Lambeth 007E,E09000022,Lambeth,35.754,5622,2,0.26,3587,2,0.141,7440,3,15.285,17138,6,0.48,9322,3,0.596,7803,3,30.856,6384,2,46.569,2529,1
3216,E01003188,Lambeth 009E,E09000022,Lambeth,38.438,4753,2,0.239,4571,2,0.169,5046,2,15.781,16767,6,0.531,8729,3,1.281,1836,1,31.774,5798,2,38.143,4935,2
3217,E01032582,Lambeth 036E,E09000022,Lambeth,29.583,8211,3,0.155,10027,4,0.083,15654,5,11.653,20284,7,0.496,9147,3,0.027,16267,5,32.4,5425,2,91.602,1,1
3218,E01033207,Lambeth 004F,E09000022,Lambeth,38.088,4844,2,0.22,5515,2,0.154,6199,2,11.0,20889,7,1.01,4162,2,0.767,5765,2,33.237,4970,2,50.85,1773,1
3219,E01033208,Lambeth 004G,E09000022,Lambeth,18.819,15397,5,0.086,18487,6,0.051,24270,8,1.67,31255,10,-0.848,27487,9,0.085,15343,5,28.15,8300,3,76.757,22,1
3220,E01003189,Lewisham 034A,E09000023,Lewisham,43.296,3400,2,0.266,3349,2,0.208,2766,1,29.435,8807,3,0.708,6795,3,0.578,8014,3,39.647,2305,1,31.309,8099,3
3221,E01003190,Lewisham 034B,E09000023,Lewisham,34.703,5993,2,0.232,4876,2,0.137,7794,3,21.988,12551,4,0.503,9043,3,0.899,4395,2,37.819,2894,1,24.453,12125,4
3222,E01003191,Lewisham 034C,E09000023,Lewisham,34.906,5923,2,0.221,5488,2,0.148,6724,3,32.785,7517,3,0.326,11260,4,0.232,12991,4,40.417,2073,1,30.76,8380,3
3223,E01003192,Lewisham 034D,E09000023,Lewisham,48.716,2371,1,0.284,2765,1,0.208,2765,1,34.555,6924,3,0.809,5813,2,0.902,4368,2,51.005,215,1,23.698,12634,4
3224,E01003193,Lewisham 029A,E09000023,Lewisham,31.206,7450,3,0.16,9652,3,0.114,10445,4,23.628,11545,4,0.193,13172,5,1.16,2456,1,37.918,2863,1,32.714,7347,3
3225,E01003194,Lewisham 029B,E09000023,Lewisham,34.535,6054,2,0.232,4873,2,0.145,7035,3,26.41,10097,4,0.281,11894,4,0.518,8812,3,39.506,2349,1,28.817,9499,3
3226,E01003195,Lewisham 029C,E09000023,Lewisham,20.602,13849,5,0.131,12370,4,0.077,17032,6,11.175,20733,7,-0.147,18342,6,0.002,16651,6,33.314,4929,2,37.469,5186,2
3227,E01003196,Lewisham 029D,E09000023,Lewisham,42.358,3631,2,0.23,4970,2,0.166,5247,2,38.089,5881,2,0.801,5896,2,1.16,2459,1,34.737,4201,2,38.984,4623,2
3228,E01003197,Lewisham 029E,E09000023,Lewisham,43.555,3348,2,0.29,2533,1,0.195,3400,2,39.267,5570,2,0.415,10132,4,0.605,7686,3,39.125,2447,1,29.792,8935,3
3229,E01003198,Lewisham 009A,E09000023,Lewisham,18.605,15575,5,0.138,11732,4,0.096,13163,5,5.266,27006,9,-0.178,18803,6,-0.045,17364,6,26.736,9532,3,28.427,9706,3
3230,E01003199,Lewisham 007A,E09000023,Lewisham,13.477,20519,7,0.084,18809,6,0.058,22109,7,2.639,30176,10,-0.624,25013,8,0.41,10294,4,27.841,8570,3,26.52,10854,4
3231,E01003200,Lewisham 009B,E09000023,Lewisham,11.58,22667,7,0.043,27917,9,0.028,31167,10,1.215,31772,10,-0.827,27269,9,0.654,7037,3,26.207,9981,4,39.591,4398,2
3232,E01003201,Lewisham 007B,E09000023,Lewisham,28.226,8912,3,0.163,9406,3,0.123,9324,3,11.883,20052,7,-0.255,19953,7,0.901,4381,2,31.507,5963,2,44.659,2979,1
3233,E01003202,Lewisham 009C,E09000023,Lewisham,9.192,25548,8,0.04,28539,9,0.027,31315,10,1.517,31431,10,-0.948,28393,9,0.138,14511,5,21.002,15499,5,41.139,3901,2
3234,E01003203,Lewisham 009D,E09000023,Lewisham,24.646,10983,4,0.183,7839,3,0.092,13893,5,7.187,24828,8,0.119,14215,5,0.118,14842,5,34.054,4549,2,38.423,4833,2
3235,E01003204,Lewisham 007C,E09000023,Lewisham,20.796,13701,5,0.126,13038,4,0.076,17164,6,14.765,17536,6,0.131,14021,5,0.504,9023,3,31.188,6168,2,25.141,11688,4
3236,E01003205,Lewisham 007D,E09000023,Lewisham,36.269,5441,2,0.241,4419,2,0.143,7214,3,32.876,7479,3,0.478,9353,3,0.505,9017,3,37.057,3178,1,31.802,7830,3
3237,E01003206,Lewisham 007E,E09000023,Lewisham,14.285,19655,6,0.086,18458,6,0.059,21843,7,7.45,24536,8,-0.694,25861,8,-0.412,22592,7,32.301,5468,2,33.12,7148,3
3238,E01003207,Lewisham 005A,E09000023,Lewisham,36.749,5288,2,0.233,4840,2,0.144,7113,3,22.324,12335,4,0.35,10980,4,0.927,4161,2,38.408,2698,1,38.373,4850,2
3239,E01003209,Lewisham 005B,E09000023,Lewisham,25.793,10315,4,0.145,10953,4,0.097,13111,4,10.111,21716,7,0.168,13500,5,0.269,12411,4,44.414,1162,1,32.525,7452,3
3240,E01003210,Lewisham 005C,E09000023,Lewisham,22.25,12574,4,0.105,15563,5,0.073,17923,6,9.306,22566,7,-0.229,19558,6,0.692,6599,3,34.581,4277,2,46.387,2580,1
3241,E01003211,Lewisham 008B,E09000023,Lewisham,23.374,11780,4,0.131,12446,4,0.1,12605,4,9.463,22402,7,-0.033,16512,6,0.555,8330,3,30.952,6310,2,39.251,4522,2
3242,E01003212,Lewisham 005D,E09000023,Lewisham,22.918,12114,4,0.13,12572,4,0.077,16938,6,8.896,22976,7,0.019,15710,5,0.688,6634,3,31.156,6184,2,42.707,3480,2
3243,E01003213,Lewisham 008C,E09000023,Lewisham,20.821,13684,5,0.121,13550,5,0.072,18140,6,6.198,25969,8,0.019,15717,5,0.885,4537,2,32.642,5305,2,28.253,9810,3
3244,E01003214,Lewisham 008D,E09000023,Lewisham,26.267,10004,4,0.15,10491,4,0.097,13004,4,14.154,18026,6,0.086,14723,5,0.635,7268,3,35.091,4050,2,39.472,4432,2
3245,E01003215,Lewisham 005E,E09000023,Lewisham,24.827,10868,4,0.104,15733,5,0.052,24152,8,14.841,17470,6,-0.073,17139,6,1.009,3454,2,38.984,2485,1,50.863,1769,1
3246,E01003216,Lewisham 025A,E09000023,Lewisham,22.725,12238,4,0.13,12535,4,0.106,11643,4,10.354,21496,7,0.102,14475,5,0.231,13020,4,34.512,4317,2,29.764,8952,3
3247,E01003217,Lewisham 022A,E09000023,Lewisham,20.989,13562,5,0.131,12366,4,0.079,16618,6,12.363,19602,6,-0.16,18532,6,0.117,14862,5,25.837,10325,4,46.628,2523,1
3248,E01003218,Lewisham 022B,E09000023,Lewisham,15.773,18170,6,0.111,14779,5,0.067,19665,6,6.254,25893,8,-0.074,17167,6,-0.217,19872,7,22.699,13531,5,35.344,6078,2
3249,E01003219,Lewisham 025B,E09000023,Lewisham,18.336,15835,5,0.122,13396,5,0.083,15641,5,12.592,19408,6,-0.526,23756,8,-0.369,22006,7,29.38,7388,3,35.312,6091,2
3250,E01003220,Lewisham 022C,E09000023,Lewisham,25.046,10734,4,0.153,10223,4,0.106,11541,4,10.197,21639,7,0.339,11104,4,0.184,13779,5,28.808,7805,3,42.053,3652,2
3251,E01003221,Lewisham 025C,E09000023,Lewisham,31.619,7242,3,0.173,8548,3,0.135,8003,3,11.826,20116,7,0.171,13457,5,0.532,8645,3,44.426,1158,1,40.331,4159,2
3252,E01003222,Lewisham 022D,E09000023,Lewisham,22.103,12694,4,0.128,12804,4,0.097,13126,4,12.77,19238,6,-0.055,16872,6,0.045,15973,5,30.176,6840,3,40.44,4125,2
3253,E01003223,Lewisham 025D,E09000023,Lewisham,16.79,17192,6,0.091,17697,6,0.064,20337,7,8.298,23638,8,-0.526,23755,8,0.514,8893,3,32.602,5325,2,29.96,8836,3
3254,E01003224,Lewisham 022E,E09000023,Lewisham,22.095,12703,4,0.148,10641,4,0.103,12047,4,13.172,18896,6,-0.394,22046,7,-0.368,21999,7,26.347,9858,4,45.932,2690,1
3255,E01003225,Lewisham 015A,E09000023,Lewisham,9.432,25222,8,0.061,23547,8,0.046,25919,8,4.358,28086,9,-0.595,24656,8,-0.577,24815,8,21.52,14879,5,31.379,8064,3
3256,E01003226,Lewisham 019A,E09000023,Lewisham,16.774,17209,6,0.091,17674,6,0.061,21120,7,4.695,27663,9,-0.227,19532,6,0.077,15455,5,26.055,10127,4,46.946,2461,1
3257,E01003227,Lewisham 019B,E09000023,Lewisham,14.713,19214,6,0.092,17527,6,0.057,22514,7,4.485,27931,9,-0.373,21780,7,-0.11,18293,6,23.896,12249,4,42.478,3533,2
3258,E01003228,Lewisham 019C,E09000023,Lewisham,18.146,16022,5,0.091,17731,6,0.069,19005,6,6.182,25979,8,0.052,15191,5,0.182,13813,5,22.83,13390,5,48.588,2151,1
3259,E01003229,Lewisham 019D,E09000023,Lewisham,32.515,6878,3,0.24,4523,2,0.162,5555,2,18.294,14927,5,0.273,12002,4,0.056,15791,5,36.198,3538,2,25.833,11274,4
3260,E01003230,Lewisham 019E,E09000023,Lewisham,21.999,12776,4,0.156,9947,4,0.114,10460,4,12.215,19751,7,-0.198,19106,6,-0.081,17866,6,30.527,6588,3,27.005,10542,4
3261,E01003231,Lewisham 015B,E09000023,Lewisham,23.637,11609,4,0.127,12898,4,0.092,13957,5,9.561,22307,7,0.301,11614,4,0.246,12780,4,29.494,7308,3,46.315,2596,1
3262,E01003232,Lewisham 015C,E09000023,Lewisham,12.297,21837,7,0.078,19920,7,0.067,19616,6,4.317,28143,9,-0.398,22099,7,-0.051,17434,6,23.032,13174,5,25.535,11455,4
3263,E01003233,Lewisham 015D,E09000023,Lewisham,16.337,17613,6,0.1,16304,5,0.07,18690,6,10.997,20893,7,-0.468,22983,7,-0.285,20837,7,24.236,11896,4,41.118,3909,2
3264,E01003235,Lewisham 038A,E09000023,Lewisham,28.429,8806,3,0.186,7612,3,0.124,9188,3,16.531,16175,5,0.166,13530,5,0.555,8318,3,36.097,3585,2,27.402,10309,4
3265,E01003236,Lewisham 037A,E09000023,Lewisham,36.793,5272,2,0.221,5445,2,0.156,6060,2,32.172,7751,3,0.258,12209,4,0.417,10208,4,37.806,2900,1,43.09,3383,2
3266,E01003237,Lewisham 037B,E09000023,Lewisham,30.552,7764,3,0.198,6767,3,0.122,9487,3,28.481,9195,3,-0.135,18145,6,0.479,9365,3,37.53,3007,1,33.557,6925,3
3267,E01003238,Lewisham 037C,E09000023,Lewisham,36.619,5339,2,0.24,4488,2,0.165,5326,2,30.309,8432,3,0.465,9526,3,0.51,8942,3,35.093,4048,2,30.341,8607,3
3268,E01003239,Lewisham 037D,E09000023,Lewisham,34.432,6092,2,0.241,4453,2,0.132,8220,3,28.436,9216,3,0.205,13003,4,0.183,13789,5,37.984,2840,1,39.317,4498,2
3269,E01003240,Lewisham 038B,E09000023,Lewisham,32.442,6899,3,0.205,6377,2,0.132,8302,3,21.849,12642,4,0.149,13744,5,0.807,5333,2,37.803,2903,1,32.538,7447,3
3270,E01003241,Lewisham 038C,E09000023,Lewisham,33.099,6627,3,0.196,6920,3,0.14,7507,3,18.206,14986,5,0.294,11708,4,0.752,5917,2,45.114,1038,1,24.835,11888,4
3271,E01003243,Lewisham 038D,E09000023,Lewisham,37.508,5046,2,0.22,5521,2,0.136,7901,3,29.244,8882,3,0.363,10816,4,0.729,6189,2,44.132,1219,1,40.253,4180,2
3272,E01003244,Lewisham 001A,E09000023,Lewisham,29.181,8412,3,0.244,4294,2,0.137,7789,3,11.433,20481,7,0.018,15734,5,0.002,16646,6,37.883,2879,1,21.829,13965,5
3273,E01003245,Lewisham 001B,E09000023,Lewisham,35.294,5786,2,0.267,3311,2,0.15,6593,3,19.586,14030,5,0.258,12198,4,0.245,12792,4,42.533,1533,1,26.482,10883,4
3274,E01003246,Lewisham 002A,E09000023,Lewisham,40.956,3988,2,0.302,2147,1,0.156,5999,2,14.465,17780,6,0.415,10133,4,0.729,6185,2,41.28,1840,1,42.659,3491,2
3275,E01003247,Lewisham 001C,E09000023,Lewisham,18.036,16096,5,0.099,16471,6,0.053,23757,8,5.033,27256,9,-0.177,18783,6,-0.047,17386,6,33.122,5013,2,48.066,2243,1
3276,E01003248,Lewisham 002B,E09000023,Lewisham,30.754,7672,3,0.226,5208,2,0.117,10007,4,12.619,19378,6,0.034,15483,5,0.762,5820,2,38.851,2538,1,31.354,8078,3
3277,E01003249,Lewisham 001D,E09000023,Lewisham,24.548,11039,4,0.185,7679,3,0.104,11909,4,7.884,24064,8,0.485,9264,3,-0.482,23518,8,38.481,2663,1,19.37,15759,5
3278,E01003250,Lewisham 001E,E09000023,Lewisham,30.08,7991,3,0.195,6995,3,0.104,11940,4,12.129,19829,7,0.305,11561,4,0.256,12628,4,38.225,2760,1,48.589,2150,1
3279,E01003251,Lewisham 002C,E09000023,Lewisham,28.185,8929,3,0.191,7239,3,0.1,12554,4,24.146,11270,4,0.159,13621,5,0.393,10563,4,39.399,2375,1,24.938,11825,4
3280,E01003252,Lewisham 002D,E09000023,Lewisham,39.521,4413,2,0.317,1761,1,0.156,6000,2,25.96,10335,4,0.342,11075,4,0.545,8466,3,37.952,2847,1,26.846,10653,4
3281,E01003253,Lewisham 002E,E09000023,Lewisham,35.924,5562,2,0.22,5509,2,0.152,6416,2,22.877,11985,4,0.203,13015,4,1.166,2434,1,39.073,2462,1,27.873,10031,4
3282,E01003254,Lewisham 021A,E09000023,Lewisham,12.229,21913,7,0.059,23943,8,0.038,28512,9,3.999,28546,9,-0.682,25738,8,0.353,11114,4,23.475,12698,4,41.865,3695,2
3283,E01003255,Lewisham 021B,E09000023,Lewisham,17.513,16542,6,0.106,15496,5,0.058,21986,7,7.457,24526,8,-0.573,24358,8,0.301,11920,4,30.517,6597,3,41.429,3821,2
3284,E01003256,Lewisham 028A,E09000023,Lewisham,30.358,7863,3,0.174,8489,3,0.134,8090,3,11.748,20197,7,0.393,10431,4,0.85,4880,2,38.204,2769,1,28.871,9456,3
3285,E01003257,Lewisham 028B,E09000023,Lewisham,21.897,12841,4,0.138,11687,4,0.09,14280,5,9.031,22830,7,0.167,13513,5,0.077,15459,5,36.301,3498,2,27.904,10009,4
3286,E01003258,Lewisham 028C,E09000023,Lewisham,31.215,7446,3,0.236,4702,2,0.124,9209,3,17.851,15240,5,0.322,11313,4,0.063,15702,5,44.544,1135,1,18.645,16317,5
3287,E01003259,Lewisham 028D,E09000023,Lewisham,21.089,13495,5,0.142,11257,4,0.079,16596,6,6.453,25649,8,-0.122,17922,6,0.595,7806,3,29.56,7264,3,35.295,6100,2
3288,E01003260,Lewisham 021C,E09000023,Lewisham,14.438,19513,6,0.093,17437,6,0.073,17949,6,3.152,29561,10,-0.682,25741,8,-0.246,20292,7,32.497,5378,2,26.687,10755,4
3289,E01003261,Lewisham 021D,E09000023,Lewisham,15.644,18301,6,0.096,16887,6,0.072,18231,6,4.104,28407,9,-0.655,25402,8,0.041,16025,5,27.822,8584,3,37.066,5360,2
3290,E01003262,Lewisham 021E,E09000023,Lewisham,19.131,15134,5,0.109,15084,5,0.078,16879,6,4.809,27540,9,-0.145,18301,6,0.228,13063,4,31.281,6099,2,39.183,4554,2
3291,E01003263,Lewisham 023A,E09000023,Lewisham,28.062,8997,3,0.192,7159,3,0.119,9776,3,17.17,15687,5,0.282,11880,4,0.553,8356,3,33.514,4811,2,25.111,11717,4
3292,E01003264,Lewisham 031A,E09000023,Lewisham,26.433,9917,4,0.174,8511,3,0.121,9570,3,17.791,15282,5,0.421,10055,4,0.02,16376,5,34.261,4448,2,23.044,13094,4
3293,E01003265,Lewisham 031B,E09000023,Lewisham,29.476,8272,3,0.206,6285,2,0.124,9216,3,22.675,12119,4,0.028,15587,5,0.23,13041,4,36.372,3473,2,31.704,7880,3
3294,E01003266,Lewisham 031C,E09000023,Lewisham,39.337,4473,2,0.24,4485,2,0.181,4261,2,28.076,9367,3,0.621,7708,3,-0.034,17193,6,50.038,312,1,20.286,15067,5
3295,E01003267,Lewisham 031D,E09000023,Lewisham,35.121,5847,2,0.214,5869,2,0.176,4572,2,24.902,10881,4,0.335,11143,4,0.423,10119,4,38.893,2520,1,27.515,10257,4
3296,E01003268,Lewisham 023B,E09000023,Lewisham,22.889,12132,4,0.143,11168,4,0.1,12628,4,11.104,20805,7,-0.135,18140,6,0.257,12602,4,30.536,6583,3,39.126,4576,2
3297,E01003269,Lewisham 023C,E09000023,Lewisham,27.67,9214,3,0.165,9240,3,0.112,10804,4,15.26,17158,6,0.111,14340,5,0.141,14467,5,47.167,681,1,25.154,11682,4
3298,E01003270,Lewisham 023D,E09000023,Lewisham,11.532,22714,7,0.065,22665,7,0.052,24113,8,6.024,26136,8,-0.784,26830,9,-0.306,21144,7,29.748,7144,3,29.345,9184,3
3299,E01003271,Lewisham 023E,E09000023,Lewisham,8.783,26075,8,0.048,26767,9,0.037,28815,9,8.043,23891,8,-0.885,27845,9,-0.198,19584,6,25.085,11024,4,25.721,11337,4
3300,E01003272,Lewisham 014A,E09000023,Lewisham,18.848,15368,5,0.107,15339,5,0.078,16765,6,2.481,30333,10,-0.269,20183,7,0.091,15261,5,30.61,6523,2,44.706,2970,1
3301,E01003273,Lewisham 011A,E09000023,Lewisham,17.073,16925,6,0.103,15935,5,0.053,23876,8,9.458,22412,7,-0.505,23480,8,0.06,15743,5,36.033,3622,2,35.68,5948,2
3302,E01003274,Lewisham 014B,E09000023,Lewisham,17.032,16957,6,0.12,13688,5,0.075,17393,6,3.854,28704,9,-0.198,19111,6,0.16,14159,5,27.419,8898,3,30.531,8495,3
3303,E01003275,Lewisham 014C,E09000023,Lewisham,30.622,7727,3,0.228,5081,2,0.145,7066,3,15.999,16583,6,0.41,10199,4,-0.329,21449,7,39.438,2363,1,21.689,14050,5
3304,E01003276,Lewisham 014D,E09000023,Lewisham,20.711,13770,5,0.129,12584,4,0.096,13221,5,4.551,27846,9,-0.226,19517,6,0.597,7784,3,27.502,8835,3,34.885,6296,2
3305,E01003277,Lewisham 011B,E09000023,Lewisham,22.253,12566,4,0.135,12007,4,0.092,13904,5,4.916,27397,9,0.197,13106,4,0.376,10786,4,32.958,5106,2,33.957,6714,3
3306,E01003278,Lewisham 011C,E09000023,Lewisham,26.151,10084,4,0.173,8602,3,0.093,13749,5,10.551,21312,7,0.345,11035,4,0.637,7234,3,30.336,6729,3,38.335,4869,2
3307,E01003279,Lewisham 011D,E09000023,Lewisham,16.265,17690,6,0.093,17422,6,0.06,21456,7,2.176,30693,10,-0.097,17526,6,0.076,15488,5,26.206,9984,4,43.559,3286,2
3308,E01003280,Lewisham 016A,E09000023,Lewisham,26.957,9617,3,0.182,7920,3,0.123,9361,3,21.196,13026,4,0.349,10987,4,-0.164,19098,6,34.088,4529,2,24.842,11883,4
3309,E01003281,Lewisham 016B,E09000023,Lewisham,17.245,16775,6,0.082,19260,6,0.07,18698,6,4.214,28272,9,-0.052,16811,6,0.559,8273,3,29.764,7129,3,32.806,7293,3
3310,E01003282,Lewisham 013A,E09000023,Lewisham,23.443,11731,4,0.134,12120,4,0.081,16048,5,20.704,13327,5,0.126,14103,5,0.425,10087,4,34.149,4502,2,31.197,8159,3
3311,E01003283,Lewisham 013B,E09000023,Lewisham,11.31,22979,7,0.052,25740,8,0.036,29131,9,0.816,32222,10,-0.867,27670,9,0.02,16381,5,25.421,10722,4,45.985,2678,1
3312,E01003284,Lewisham 013C,E09000023,Lewisham,19.337,14973,5,0.111,14753,5,0.073,17991,6,13.405,18681,6,-0.313,20849,7,0.212,13296,5,29.383,7385,3,39.464,4435,2
3313,E01003285,Lewisham 016C,E09000023,Lewisham,13.687,20277,7,0.084,18883,6,0.045,26526,9,10.217,21615,7,-0.8,27006,9,0.416,10216,4,26.043,10143,4,32.009,7702,3
3314,E01003286,Lewisham 013D,E09000023,Lewisham,30.194,7935,3,0.214,5846,2,0.134,8101,3,14.403,17826,6,0.528,8760,3,0.464,9567,3,33.355,4902,2,25.218,11640,4
3315,E01003287,Lewisham 016D,E09000023,Lewisham,12.552,21549,7,0.072,21040,7,0.063,20730,7,1.403,31572,10,-0.654,25386,8,-0.032,17169,6,21.786,14574,5,38.545,4781,2
3316,E01003288,Lewisham 012A,E09000023,Lewisham,30.802,7648,3,0.206,6305,2,0.111,10829,4,12.704,19311,6,0.426,9996,4,0.532,8653,3,39.0,2482,1,36.885,5434,2
3317,E01003290,Lewisham 012C,E09000023,Lewisham,45.854,2875,1,0.272,3153,1,0.195,3387,2,16.175,16431,6,1.515,1411,1,0.728,6203,2,39.27,2410,1,34.015,6683,3
3318,E01003291,Lewisham 012D,E09000023,Lewisham,44.99,3061,1,0.285,2712,1,0.222,2191,1,24.727,10975,4,1.055,3837,2,0.633,7288,3,36.631,3357,2,25.03,11762,4
3319,E01003292,Lewisham 017A,E09000023,Lewisham,20.574,13870,5,0.111,14873,5,0.065,20004,7,7.994,23948,8,0.144,13821,5,0.73,6177,2,28.915,7724,3,38.54,4783,2
3320,E01003293,Lewisham 017B,E09000023,Lewisham,28.053,9001,3,0.152,10335,4,0.107,11421,4,15.041,17325,6,0.143,13839,5,0.689,6621,3,33.643,4752,2,45.457,2793,1
3321,E01003295,Lewisham 017D,E09000023,Lewisham,29.292,8362,3,0.179,8069,3,0.115,10272,4,13.691,18427,6,0.312,11466,4,0.01,16514,6,36.015,3633,2,48.528,2164,1
3322,E01003296,Lewisham 012E,E09000023,Lewisham,28.631,8690,3,0.12,13668,5,0.061,21241,7,15.734,16805,6,-0.128,18031,6,1.053,3132,1,41.651,1744,1,61.194,579,1
3323,E01003297,Lewisham 003A,E09000023,Lewisham,29.363,8320,3,0.122,13435,5,0.065,20065,7,12.425,19552,6,0.884,5187,2,0.357,11063,4,60.537,12,1,36.754,5479,2
3324,E01003298,Lewisham 039A,E09000023,Lewisham,32.141,7030,3,0.222,5378,2,0.13,8493,3,9.544,22329,7,0.135,13950,5,0.322,11621,4,50.14,301,1,25.222,11638,4
3325,E01003299,Lewisham 003B,E09000023,Lewisham,32.981,6679,3,0.185,7702,3,0.132,8249,3,10.925,20968,7,0.312,11455,4,1.03,3298,2,35.178,4004,2,46.557,2535,1
3326,E01003300,Lewisham 039B,E09000023,Lewisham,33.853,6321,2,0.25,3998,2,0.155,6135,2,17.636,15368,5,0.426,9997,4,0.209,13334,5,38.462,2672,1,24.924,11832,4
3327,E01003301,Lewisham 003C,E09000023,Lewisham,25.746,10338,4,0.131,12390,4,0.063,20754,7,9.544,22327,7,0.002,15973,5,0.786,5576,2,46.726,767,1,40.889,3982,2
3328,E01003302,Lewisham 003D,E09000023,Lewisham,31.65,7226,3,0.209,6154,2,0.103,12075,4,14.254,17947,6,0.196,13114,4,0.87,4689,2,46.779,754,1,27.465,10277,4
3329,E01003303,Lewisham 039C,E09000023,Lewisham,40.126,4228,2,0.252,3945,2,0.138,7676,3,14.031,18139,6,0.506,9015,3,1.718,541,1,38.944,2499,1,37.662,5107,2
3330,E01003304,Lewisham 039D,E09000023,Lewisham,35.961,5552,2,0.203,6480,2,0.117,10093,4,18.737,14602,5,0.03,15544,5,1.216,2157,1,42.367,1573,1,49.793,1945,1
3331,E01003305,Lewisham 003E,E09000023,Lewisham,43.327,3393,2,0.271,3176,1,0.171,4932,2,14.988,17365,6,0.849,5454,2,0.988,3620,2,44.294,1188,1,39.291,4505,2
3332,E01003307,Lewisham 024A,E09000023,Lewisham,19.336,14975,5,0.126,13036,4,0.087,14900,5,7.122,24912,8,-0.319,20957,7,0.048,15912,5,28.032,8406,3,39.216,4539,2
3333,E01003308,Lewisham 024B,E09000023,Lewisham,23.433,11739,4,0.149,10616,4,0.104,11924,4,8.931,22938,7,-0.128,18025,6,0.335,11420,4,29.313,7431,3,41.216,3873,2
3334,E01003309,Lewisham 027A,E09000023,Lewisham,32.138,7032,3,0.247,4181,2,0.115,10324,4,21.888,12613,4,0.129,14054,5,0.823,5184,2,35.443,3874,2,27.144,10447,4
3335,E01003310,Lewisham 027B,E09000023,Lewisham,29.569,8220,3,0.185,7649,3,0.135,7933,3,9.735,22114,7,0.203,13024,4,0.822,5196,2,35.417,3887,2,31.264,8125,3
3336,E01003311,Lewisham 027C,E09000023,Lewisham,17.357,16689,6,0.094,17284,6,0.077,17094,6,5.946,26223,8,-0.501,23431,8,0.278,12262,4,25.19,10924,4,43.571,3281,1
3337,E01003312,Lewisham 027D,E09000023,Lewisham,17.586,16478,6,0.099,16443,6,0.077,16906,6,8.77,23119,8,-0.213,19327,6,0.112,14953,5,29.412,7369,3,33.712,6847,3
3338,E01003313,Lewisham 027E,E09000023,Lewisham,35.351,5772,2,0.24,4528,2,0.14,7517,3,23.626,11547,4,0.169,13479,5,0.976,3715,2,40.942,1949,1,24.651,11994,4
3339,E01003314,Lewisham 024C,E09000023,Lewisham,17.09,16906,6,0.102,16094,5,0.071,18624,6,4.904,27414,9,-0.295,20576,7,0.168,14033,5,24.904,11226,4,42.654,3492,2
3340,E01003315,Lewisham 024D,E09000023,Lewisham,27.35,9376,3,0.168,8937,3,0.085,15300,5,10.522,21339,7,0.63,7598,3,0.575,8055,3,29.269,7461,3,46.607,2527,1
3341,E01003316,Lewisham 024E,E09000023,Lewisham,17.224,16797,6,0.111,14875,5,0.055,23144,8,5.466,26757,9,-0.156,18481,6,0.284,12179,4,24.353,11769,4,44.322,3071,1
3342,E01003317,Lewisham 020A,E09000023,Lewisham,28.027,9020,3,0.133,12228,4,0.09,14206,5,8.77,23117,8,-0.046,16712,6,0.783,5609,2,36.99,3201,1,59.903,692,1
3343,E01003318,Lewisham 020B,E09000023,Lewisham,47.114,2640,1,0.226,5204,2,0.202,3041,1,14.951,17392,6,0.784,6051,2,1.239,2034,1,43.606,1299,1,60.311,661,1
3344,E01003319,Lewisham 018A,E09000023,Lewisham,31.239,7432,3,0.191,7257,3,0.125,9020,3,22.921,11962,4,0.007,15890,5,0.739,6070,2,35.708,3770,2,38.391,4841,2
3345,E01003320,Lewisham 018B,E09000023,Lewisham,35.069,5862,2,0.237,4671,2,0.143,7206,3,14.568,17706,6,0.635,7548,3,0.67,6851,3,37.532,3005,1,34.125,6622,3
3346,E01003321,Lewisham 020C,E09000023,Lewisham,32.198,7006,3,0.183,7788,3,0.164,5430,2,13.3,18780,6,0.459,9603,3,0.502,9059,3,31.21,6152,2,41.369,3835,2
3347,E01003322,Lewisham 020D,E09000023,Lewisham,24.37,11144,4,0.14,11406,4,0.098,12917,4,11.379,20539,7,0.322,11308,4,-0.326,21402,7,30.02,6957,3,48.818,2110,1
3348,E01003323,Lewisham 018C,E09000023,Lewisham,34.133,6210,2,0.191,7260,3,0.152,6359,2,13.034,19009,6,0.497,9131,3,0.536,8597,3,34.031,4563,2,51.597,1645,1
3349,E01003324,Lewisham 020E,E09000023,Lewisham,37.075,5192,2,0.205,6388,2,0.145,7067,3,17.124,15725,5,0.38,10590,4,1.235,2065,1,37.811,2898,1,45.637,2759,1
3350,E01003325,Lewisham 018D,E09000023,Lewisham,36.329,5420,2,0.193,7071,3,0.121,9575,3,18.871,14492,5,0.477,9366,3,0.822,5199,2,36.18,3546,2,62.745,452,1
3351,E01003326,Lewisham 035A,E09000023,Lewisham,28.866,8566,3,0.2,6658,3,0.113,10566,4,8.953,22907,7,0.612,7792,3,0.26,12549,4,27.41,8903,3,45.203,2849,1
3352,E01003327,Lewisham 035B,E09000023,Lewisham,16.422,17542,6,0.084,18963,6,0.066,19867,7,7.391,24599,8,-0.42,22380,7,0.218,13215,5,29.258,7469,3,38.962,4628,2
3353,E01003328,Lewisham 035C,E09000023,Lewisham,26.287,9994,4,0.164,9296,3,0.113,10693,4,7.289,24725,8,0.131,14010,5,0.344,11254,4,40.592,2028,1,31.78,7842,3
3354,E01003329,Lewisham 033A,E09000023,Lewisham,19.169,15104,5,0.111,14808,5,0.079,16453,6,10.653,21215,7,-0.137,18175,6,0.493,9164,3,28.113,8330,3,31.654,7910,3
3355,E01003330,Lewisham 033B,E09000023,Lewisham,34.114,6223,2,0.229,5033,2,0.14,7506,3,18.074,15090,5,-0.122,17927,6,0.562,8247,3,47.683,605,1,30.666,8430,3
3356,E01003331,Lewisham 033C,E09000023,Lewisham,26.871,9668,3,0.183,7836,3,0.128,8730,3,9.293,22585,7,0.401,10319,4,0.421,10166,4,33.518,4805,2,23.091,13066,4
3357,E01003332,Lewisham 033D,E09000023,Lewisham,27.507,9292,3,0.17,8817,3,0.101,12405,4,12.74,19276,6,0.557,8433,3,0.594,7819,3,41.215,1868,1,19.098,15961,5
3358,E01003333,Lewisham 035D,E09000023,Lewisham,24.816,10875,4,0.131,12384,4,0.09,14266,5,23.95,11382,4,-0.054,16854,6,0.319,11658,4,29.248,7477,3,46.505,2555,1
3359,E01003334,Lewisham 033E,E09000023,Lewisham,28.809,8598,3,0.176,8320,3,0.122,9498,3,13.292,18786,6,0.29,11771,4,0.604,7696,3,36.002,3643,2,34.063,6657,3
3360,E01003335,Lewisham 035E,E09000023,Lewisham,33.691,6377,2,0.246,4211,2,0.149,6667,3,19.59,14023,5,0.364,10794,4,0.707,6436,2,33.857,4644,2,24.944,11820,4
3361,E01003336,Lewisham 010A,E09000023,Lewisham,34.034,6255,2,0.276,3022,1,0.161,5621,2,17.002,15810,5,0.38,10598,4,0.021,16363,5,33.957,4589,2,26.591,10815,4
3362,E01003337,Lewisham 010B,E09000023,Lewisham,33.273,6555,2,0.238,4629,2,0.162,5587,2,32.031,7808,3,0.221,12766,4,-0.209,19765,7,35.316,3931,2,24.154,12319,4
3363,E01003338,Lewisham 006A,E09000023,Lewisham,34.64,6016,2,0.216,5771,2,0.125,9061,3,22.219,12401,4,0.243,12445,4,1.237,2047,1,37.349,3076,1,33.187,7114,3
3364,E01003339,Lewisham 006B,E09000023,Lewisham,26.452,9904,4,0.156,9915,4,0.105,11702,4,8.327,23608,8,0.035,15475,5,0.817,5243,2,35.594,3808,2,36.712,5498,2
3365,E01003340,Lewisham 006C,E09000023,Lewisham,18.948,15279,5,0.095,17121,6,0.059,21872,7,3.61,28993,9,-0.496,23381,8,0.546,8456,3,35.745,3751,2,44.74,2963,1
3366,E01003341,Lewisham 006D,E09000023,Lewisham,20.72,13761,5,0.104,15752,5,0.071,18409,6,2.346,30476,10,-0.107,17689,6,0.313,11744,4,28.76,7845,3,57.059,955,1
3367,E01003342,Lewisham 010C,E09000023,Lewisham,19.498,14816,5,0.104,15753,5,0.071,18555,6,9.689,22174,7,0.275,11982,4,-0.337,21557,7,30.912,6345,2,40.822,4008,2
3368,E01003343,Lewisham 006E,E09000023,Lewisham,21.817,12904,4,0.143,11205,4,0.084,15481,5,9.412,22460,7,-0.285,20425,7,0.121,14796,5,31.794,5782,2,43.505,3292,2
3369,E01003344,Lewisham 010D,E09000023,Lewisham,19.594,14722,5,0.136,11910,4,0.089,14524,5,5.724,26472,9,-0.264,20089,7,-0.12,18434,6,29.443,7345,3,37.657,5109,2
3370,E01003345,Lewisham 010E,E09000023,Lewisham,16.681,17292,6,0.119,13747,5,0.061,21364,7,9.592,22269,7,-0.095,17494,6,-0.297,21000,7,28.747,7856,3,32.335,7557,3
3371,E01003346,Lewisham 026A,E09000023,Lewisham,34.426,6095,2,0.215,5787,2,0.145,7043,3,22.575,12198,4,-0.135,18136,6,1.007,3472,2,37.919,2861,1,36.502,5579,2
3372,E01003347,Lewisham 030A,E09000023,Lewisham,44.725,3111,1,0.334,1344,1,0.215,2481,1,26.294,10160,4,0.647,7418,3,0.283,12200,4,39.998,2190,1,17.89,16911,6
3373,E01003348,Lewisham 030B,E09000023,Lewisham,25.742,10341,4,0.156,9920,4,0.094,13507,5,19.243,14228,5,-0.09,17415,6,0.727,6215,2,34.99,4093,2,31.929,7758,3
3374,E01003349,Lewisham 026B,E09000023,Lewisham,33.222,6581,3,0.207,6244,2,0.127,8903,3,34.866,6810,3,0.523,8830,3,-0.331,21475,7,44.931,1073,1,24.584,12032,4
3375,E01003350,Lewisham 030C,E09000023,Lewisham,33.849,6323,2,0.215,5811,2,0.153,6275,2,22.799,12032,4,0.304,11574,4,0.431,10028,4,41.498,1778,1,27.25,10391,4
3376,E01003351,Lewisham 026C,E09000023,Lewisham,37.163,5161,2,0.228,5066,2,0.142,7304,3,28.389,9235,3,0.596,7973,3,0.289,12106,4,37.977,2842,1,46.321,2594,1
3377,E01003352,Lewisham 030D,E09000023,Lewisham,30.959,7572,3,0.214,5855,2,0.123,9378,3,22.285,12353,4,0.006,15909,5,0.691,6601,3,41.168,1882,1,21.929,13896,5
3378,E01003353,Lewisham 030E,E09000023,Lewisham,21.578,13110,4,0.131,12402,4,0.074,17751,6,13.349,18720,6,-0.12,17899,6,0.432,10008,4,29.129,7551,3,41.508,3790,2
3379,E01003354,Lewisham 026D,E09000023,Lewisham,22.059,12732,4,0.13,12501,4,0.093,13797,5,8.327,23605,8,-0.207,19230,6,0.054,15826,5,39.1,2453,1,34.473,6482,2
3380,E01032564,Lewisham 037E,E09000023,Lewisham,40.061,4245,2,0.275,3048,1,0.18,4310,2,25.77,10431,4,0.501,9078,3,0.478,9369,3,39.189,2428,1,32.355,7547,3
3381,E01032565,Lewisham 038E,E09000023,Lewisham,37.246,5131,2,0.222,5399,2,0.151,6458,2,27.841,9462,3,0.442,9811,3,0.361,11002,4,46.655,786,1,33.946,6722,3
3382,E01032579,Lewisham 039E,E09000023,Lewisham,36.046,5514,2,0.218,5654,2,0.144,7117,3,15.895,16663,6,0.546,8555,3,1.195,2262,1,40.467,2058,1,28.193,9844,3
3383,E01033320,Lewisham 017E,E09000023,Lewisham,21.872,12864,4,0.125,13090,4,0.105,11666,4,7.185,24832,8,-0.143,18275,6,0.133,14603,5,32.41,5420,2,38.222,4913,2
3384,E01033322,Lewisham 017F,E09000023,Lewisham,22.616,12310,4,0.119,13752,5,0.068,19329,6,8.653,23246,8,0.001,16007,5,-0.25,20348,7,39.614,2317,1,51.493,1665,1
3385,E01033324,Lewisham 008E,E09000023,Lewisham,32.623,6828,3,0.198,6758,3,0.124,9235,3,13.041,19003,6,0.259,12196,4,0.893,4458,2,30.728,6455,2,52.934,1454,1
3386,E01033325,Lewisham 008F,E09000023,Lewisham,19.826,14504,5,0.045,27478,9,0.013,32656,10,7.561,24414,8,-0.139,18221,6,-0.575,24788,8,43.497,1326,1,84.098,2,1
3387,E01033327,Lewisham 012F,E09000023,Lewisham,33.686,6379,2,0.139,11621,4,0.101,12319,4,6.939,25101,8,0.424,10024,4,1.67,635,1,33.824,4665,2,62.106,493,1
3388,E01033341,Lewisham 012G,E09000023,Lewisham,31.554,7263,3,0.182,7915,3,0.112,10825,4,15.809,16743,6,0.214,12865,4,0.986,3640,2,35.79,3733,2,45.103,2872,1
3389,E01003355,Merton 009A,E09000024,Merton,8.667,26208,8,0.045,27267,9,0.03,30694,10,1.01,32011,10,-0.656,25418,8,-0.317,21274,7,17.347,19992,7,42.469,3536,2
3390,E01003356,Merton 009B,E09000024,Merton,5.985,29487,9,0.047,26779,9,0.035,29317,9,0.743,32298,10,-1.309,30896,10,-0.842,27724,9,16.116,21527,7,31.034,8238,3
3391,E01003357,Merton 012A,E09000024,Merton,27.022,9578,3,0.226,5189,2,0.121,9593,3,17.35,15567,5,0.387,10519,4,-0.071,17706,6,24.535,11600,4,27.287,10372,4
3392,E01003358,Merton 009C,E09000024,Merton,5.46,30058,10,0.034,29998,10,0.026,31449,10,1.704,31211,10,-0.991,28742,9,-0.316,21262,7,15.518,22335,7,27.93,9994,4
3393,E01003359,Merton 006A,E09000024,Merton,16.015,17931,6,0.128,12749,4,0.06,21475,7,5.783,26404,9,-0.131,18091,6,-0.016,16933,6,18.386,18627,6,38.683,4729,2
3394,E01003360,Merton 006B,E09000024,Merton,7.498,27696,9,0.038,29006,9,0.033,29986,10,2.037,30853,10,-0.82,27204,9,0.113,14923,5,15.374,22512,7,33.216,7095,3
3395,E01003361,Merton 015A,E09000024,Merton,9.475,25156,8,0.086,18576,6,0.051,24428,8,3.425,29219,9,-0.732,26268,8,-0.722,26468,9,18.275,18760,6,27.156,10440,4
3396,E01003362,Merton 021A,E09000024,Merton,8.165,26874,9,0.061,23457,8,0.043,26957,9,3.35,29310,9,-0.742,26379,9,-0.49,23639,8,20.091,16533,6,26.303,10988,4
3397,E01003363,Merton 021B,E09000024,Merton,5.943,29530,9,0.04,28680,9,0.033,29866,10,5.839,26344,9,-1.241,30545,10,-0.047,17385,6,17.918,19240,6,18.006,16805,6
3398,E01003364,Merton 021C,E09000024,Merton,6.669,28695,9,0.052,25585,8,0.034,29550,9,3.214,29492,9,-0.883,27827,9,-1.146,30147,10,23.124,13076,4,22.901,13203,5
3399,E01003365,Merton 021D,E09000024,Merton,6.803,28557,9,0.065,22654,7,0.043,27061,9,3.494,29137,9,-1.193,30246,10,-0.349,21733,7,16.115,21528,7,19.418,15735,5
3400,E01003366,Merton 016A,E09000024,Merton,18.396,15790,5,0.105,15622,5,0.07,18786,6,17.569,15416,5,-0.028,16429,6,0.235,12947,4,22.134,14175,5,36.476,5592,2
3401,E01003367,Merton 005A,E09000024,Merton,14.43,19521,6,0.068,21982,7,0.031,30418,10,1.872,31031,10,-0.661,25482,8,0.359,11031,4,24.436,11693,4,55.804,1090,1
3402,E01003368,Merton 008A,E09000024,Merton,16.576,17401,6,0.105,15687,5,0.063,20540,7,8.799,23080,8,-0.404,22166,7,0.222,13155,5,29.12,7563,3,33.272,7067,3
3403,E01003369,Merton 005B,E09000024,Merton,12.297,21838,7,0.069,21635,7,0.044,26708,9,3.322,29359,9,-0.21,19277,6,-0.443,23023,8,18.67,18272,6,46.526,2545,1
3404,E01003370,Merton 005C,E09000024,Merton,13.142,20897,7,0.082,19278,6,0.044,26674,9,3.307,29370,9,-0.19,18990,6,0.086,15340,5,20.415,16159,5,40.532,4093,2
3405,E01003371,Merton 005D,E09000024,Merton,12.515,21593,7,0.079,19695,6,0.055,22948,7,4.194,28292,9,-0.333,21168,7,0.176,13905,5,18.481,18513,6,33.881,6749,3
3406,E01003372,Merton 008B,E09000024,Merton,26.568,9855,4,0.173,8574,3,0.119,9816,3,16.915,15876,5,0.172,13437,5,0.625,7398,3,29.059,7600,3,29.217,9263,3
3407,E01003373,Merton 018A,E09000024,Merton,33.12,6620,3,0.245,4264,2,0.161,5677,2,31.999,7824,3,0.495,9160,3,-0.01,16836,6,30.606,6528,2,16.524,17967,6
3408,E01003374,Merton 022A,E09000024,Merton,31.166,7469,3,0.219,5620,2,0.137,7810,3,28.541,9172,3,0.267,12086,4,0.466,9527,3,26.596,9634,3,32.565,7432,3
3409,E01003375,Merton 022B,E09000024,Merton,19.139,15124,5,0.12,13743,5,0.066,19749,7,15.487,16993,6,-0.205,19203,6,0.331,11470,4,28.623,7952,3,34.275,6561,2
3410,E01003376,Merton 012B,E09000024,Merton,25.138,10678,4,0.183,7809,3,0.121,9520,3,21.03,13121,4,0.279,11920,4,0.094,15212,5,24.709,11420,4,23.496,12784,4
3411,E01003377,Merton 012C,E09000024,Merton,31.291,7399,3,0.242,4399,2,0.149,6708,3,28.74,9083,3,0.253,12297,4,-0.122,18472,6,33.833,4659,2,16.209,18235,6
3412,E01003378,Merton 018B,E09000024,Merton,18.396,15791,5,0.131,12382,4,0.076,17153,6,10.402,21453,7,-0.102,17608,6,0.073,15540,5,21.862,14490,5,36.531,5563,2
3413,E01003379,Merton 018C,E09000024,Merton,31.137,7481,3,0.221,5469,2,0.113,10656,4,22.899,11973,4,0.473,9425,3,0.505,9012,3,31.881,5732,2,34.391,6518,2
3414,E01003380,Merton 011A,E09000024,Merton,5.789,29688,10,0.034,30042,10,0.027,31354,10,0.498,32518,10,-1.002,28832,9,-0.564,24634,8,19.724,16976,6,29.5,9099,3
3415,E01003381,Merton 016B,E09000024,Merton,7.91,27169,9,0.038,29190,9,0.025,31627,10,2.262,30575,10,-0.659,25457,8,-0.904,28278,9,19.573,17171,6,41.671,3750,2
3416,E01003382,Merton 011B,E09000024,Merton,7.547,27635,9,0.051,25950,8,0.022,32045,10,1.049,31967,10,-1.0,28814,9,-0.58,24852,8,20.762,15763,5,36.199,5732,2
3417,E01003383,Merton 009D,E09000024,Merton,6.668,28697,9,0.029,30969,10,0.016,32568,10,0.859,32174,10,-1.11,29675,10,0.203,13449,5,17.59,19675,6,31.944,7748,3
3418,E01003384,Merton 009E,E09000024,Merton,8.033,27029,9,0.046,27168,9,0.03,30505,10,0.529,32496,10,-0.626,25046,8,0.116,14878,5,16.2,21424,7,33.793,6801,3
3419,E01003385,Merton 011C,E09000024,Merton,3.811,31665,10,0.024,31719,10,0.018,32441,10,0.13,32804,10,-1.619,32040,10,-1.015,29214,9,13.55,24755,8,29.285,9224,3
3420,E01003386,Merton 013A,E09000024,Merton,15.919,18023,6,0.102,15983,5,0.062,20945,7,13.186,18885,6,-0.875,27765,9,0.367,10930,4,28.952,7706,3,27.714,10127,4
3421,E01003387,Merton 014A,E09000024,Merton,30.21,7930,3,0.185,7690,3,0.132,8327,3,25.073,10791,4,-0.143,18281,6,0.814,5265,2,35.967,3658,2,28.736,9543,3
3422,E01003388,Merton 013B,E09000024,Merton,25.835,10292,4,0.188,7473,3,0.09,14316,5,17.218,15655,5,0.003,15949,5,1.163,2447,1,22.963,13254,5,28.825,9493,3
3423,E01003389,Merton 013C,E09000024,Merton,22.957,12084,4,0.116,14169,5,0.082,15929,5,14.497,17762,6,0.261,12169,4,0.968,3780,2,26.406,9802,3,33.235,7083,3
3424,E01003390,Merton 018D,E09000024,Merton,33.578,6427,2,0.254,3824,2,0.15,6601,3,22.564,12204,4,0.286,11813,4,0.621,7431,3,27.468,8856,3,31.653,7911,3
3425,E01003391,Merton 014B,E09000024,Merton,38.478,4736,2,0.276,3006,1,0.173,4768,2,24.578,11049,4,0.187,13249,5,0.15,14303,5,49.079,442,1,19.166,15915,5
3426,E01003392,Merton 013D,E09000024,Merton,17.066,16933,6,0.098,16634,6,0.052,24138,8,13.332,18740,6,-0.589,24573,8,1.077,2951,1,20.812,15703,5,31.931,7755,3
3427,E01003393,Merton 008C,E09000024,Merton,14.033,19916,7,0.075,20584,7,0.053,23860,8,9.602,22259,7,-0.078,17231,6,-0.117,18386,6,24.238,11895,4,35.599,5972,2
3428,E01003394,Merton 007A,E09000024,Merton,16.083,17864,6,0.114,14407,5,0.061,21169,7,11.728,20213,7,-0.329,21103,7,0.242,12848,4,22.661,13566,5,32.016,7697,3
3429,E01003395,Merton 007B,E09000024,Merton,11.9,22275,7,0.084,18895,6,0.053,23808,8,11.659,20272,7,-1.027,29043,9,0.468,9497,3,19.279,17538,6,20.861,14654,5
3430,E01003396,Merton 007C,E09000024,Merton,12.299,21834,7,0.082,19236,6,0.051,24286,8,6.445,25660,8,-1.014,28946,9,0.168,14032,5,19.758,16932,6,36.944,5411,2
3431,E01003397,Merton 007D,E09000024,Merton,14.111,19838,7,0.105,15690,5,0.072,18213,6,8.147,23793,8,-0.765,26623,9,-0.051,17439,6,20.679,15854,5,31.013,8246,3
3432,E01003398,Merton 007E,E09000024,Merton,15.226,18705,6,0.093,17377,6,0.065,19994,7,10.862,21024,7,-0.484,23186,8,0.361,10999,4,20.283,16320,5,33.896,6742,3
3433,E01003399,Merton 011D,E09000024,Merton,9.054,25722,8,0.047,26974,9,0.042,27202,9,0.683,32358,10,-0.407,22205,7,-1.038,29405,9,32.731,5245,2,22.204,13721,5
3434,E01003400,Merton 003A,E09000024,Merton,6.798,28565,9,0.029,30931,10,0.022,31972,10,1.224,31755,10,-1.161,30038,10,0.334,11440,4,17.088,20331,7,30.151,8715,3
3435,E01003401,Merton 004A,E09000024,Merton,4.061,31444,10,0.038,28989,9,0.02,32264,10,0.436,32576,10,-1.108,29664,10,-0.762,26921,9,17.635,19607,6,18.874,16143,5
3436,E01003402,Merton 004B,E09000024,Merton,4.692,30815,10,0.028,31118,10,0.021,32173,10,0.371,32632,10,-1.829,32430,10,-1.059,29535,9,15.153,22798,7,33.75,6824,3
3437,E01003403,Merton 004C,E09000024,Merton,5.764,29724,10,0.035,29794,10,0.017,32468,10,1.049,31969,10,-1.295,30830,10,-1.02,29259,9,22.311,13950,5,31.157,8178,3
3438,E01003404,Merton 004D,E09000024,Merton,8.846,25994,8,0.06,23781,8,0.03,30707,10,2.648,30165,10,-0.67,25584,8,-0.838,27677,9,33.044,5052,2,20.081,15223,5
3439,E01003405,Merton 018E,E09000024,Merton,25.671,10386,4,0.197,6854,3,0.117,10043,4,21.453,12886,4,-0.218,19408,6,0.651,7062,3,24.207,11929,4,24.309,12218,4
3440,E01003406,Merton 008D,E09000024,Merton,22.95,12088,4,0.175,8447,3,0.089,14447,5,20.795,13274,5,-0.049,16755,6,0.09,15274,5,32.79,5202,2,21.249,14367,5
3441,E01003407,Merton 008E,E09000024,Merton,11.858,22329,7,0.096,16871,6,0.04,27736,9,8.557,23347,8,-0.716,26090,8,-0.304,21110,7,26.757,9502,3,26.801,10681,4
3442,E01003408,Merton 012D,E09000024,Merton,11.874,22311,7,0.079,19733,7,0.05,24649,8,4.945,27364,9,-0.372,21767,7,0.076,15477,5,22.918,13300,5,28.335,9765,3
3443,E01003409,Merton 013E,E09000024,Merton,24.464,11085,4,0.17,8761,3,0.104,11931,4,22.647,12141,4,-0.054,16846,6,0.199,13510,5,24.771,11343,4,35.727,5930,2
3444,E01003410,Merton 012E,E09000024,Merton,21.572,13118,4,0.175,8433,3,0.106,11571,4,18.279,14939,5,-0.13,18052,6,-0.479,23482,8,26.578,9646,3,23.366,12871,4
3445,E01003411,Merton 014C,E09000024,Merton,16.046,17900,6,0.103,15921,5,0.073,18119,6,15.533,16954,6,-0.421,22397,7,0.245,12787,4,23.13,13072,4,25.982,11169,4
3446,E01003412,Merton 014D,E09000024,Merton,22.716,12249,4,0.149,10559,4,0.1,12597,4,19.617,14007,5,-0.114,17802,6,0.637,7240,3,27.602,8761,3,21.668,14071,5
3447,E01003413,Merton 017A,E09000024,Merton,15.38,18563,6,0.092,17659,6,0.071,18427,6,13.533,18564,6,-0.549,24037,8,0.273,12349,4,22.137,14167,5,30.285,8636,3
3448,E01003414,Merton 017B,E09000024,Merton,13.702,20261,7,0.091,17779,6,0.065,20135,7,12.914,19114,6,-0.898,27963,9,0.446,9825,3,18.736,18189,6,25.37,11542,4
3449,E01003415,Merton 017C,E09000024,Merton,19.747,14583,5,0.143,11204,4,0.088,14604,5,12.914,19113,6,0.234,12596,4,0.028,16254,5,17.205,20170,7,32.836,7273,3
3450,E01003416,Merton 017D,E09000024,Merton,14.135,19804,7,0.095,17105,6,0.07,18654,6,12.534,19472,6,-0.454,22819,7,0.318,11670,4,19.338,17473,6,21.347,14294,5
3451,E01003417,Merton 025A,E09000024,Merton,9.198,25536,8,0.05,26127,8,0.049,24978,8,14.881,17433,6,-0.901,27987,9,0.12,14813,5,14.078,24143,8,22.763,13293,5
3452,E01003418,Merton 025B,E09000024,Merton,6.707,28652,9,0.034,30001,10,0.035,29208,9,15.946,16627,6,-0.884,27835,9,-0.413,22607,7,13.744,24531,8,20.548,14866,5
3453,E01003419,Merton 025C,E09000024,Merton,11.324,22958,7,0.062,23278,8,0.053,23891,8,15.727,16813,6,-0.661,25478,8,-0.401,22446,7,22.158,14149,5,28.593,9612,3
3454,E01003420,Merton 025D,E09000024,Merton,9.184,25563,8,0.06,23780,8,0.036,29107,9,13.356,18711,6,-0.721,26137,8,-0.251,20370,7,18.992,17873,6,25.702,11348,4
3455,E01003421,Merton 021E,E09000024,Merton,9.848,24701,8,0.084,18823,6,0.064,20394,7,7.674,24284,8,-0.604,24756,8,-0.338,21561,7,16.752,20749,7,13.153,20906,7
3456,E01003422,Merton 025E,E09000024,Merton,9.163,25586,8,0.059,23979,8,0.053,23755,8,11.729,20210,7,-0.524,23727,8,0.039,16079,5,14.405,23757,8,16.321,18122,6
3457,E01003423,Merton 011E,E09000024,Merton,5.847,29630,10,0.041,28343,9,0.04,27845,9,0.942,32088,10,-1.79,32363,10,-1.078,29670,10,15.705,22068,7,32.547,7442,3
3458,E01003424,Merton 015B,E09000024,Merton,3.788,31683,10,0.025,31606,10,0.021,32131,10,0.186,32773,10,-1.554,31854,10,-0.617,25269,8,11.953,26613,9,27.077,10494,4
3459,E01003425,Merton 015C,E09000024,Merton,4.046,31463,10,0.029,31059,10,0.021,32127,10,0.435,32577,10,-1.347,31098,10,-0.478,23475,8,14.92,23137,8,23.784,12573,4
3460,E01003426,Merton 015D,E09000024,Merton,10.223,24238,8,0.062,23257,8,0.037,28656,9,2.058,30824,10,-1.274,30727,10,0.735,6112,2,15.357,22536,7,32.63,7393,3
3461,E01003427,Merton 023A,E09000024,Merton,14.092,19865,7,0.106,15463,5,0.054,23436,8,5.667,26536,9,-0.786,26854,9,-0.163,19078,6,25.251,10874,4,37.597,5131,2
3462,E01003428,Merton 015E,E09000024,Merton,9.369,25298,8,0.063,23010,8,0.044,26696,9,0.933,32102,10,-0.709,26012,8,-0.757,26859,9,22.415,13834,5,35.265,6114,2
3463,E01003429,Merton 019A,E09000024,Merton,14.234,19712,7,0.117,14046,5,0.076,17311,6,12.71,19304,6,-1.09,29528,9,-0.338,21563,7,20.338,16244,5,26.905,10613,4
3464,E01003430,Merton 019B,E09000024,Merton,30.873,7614,3,0.228,5109,2,0.142,7277,3,16.508,16194,5,-0.189,18970,6,0.35,11158,4,44.004,1239,1,19.321,15797,5
3465,E01003431,Merton 019C,E09000024,Merton,29.36,8324,3,0.201,6576,3,0.133,8170,3,18.759,14586,5,-0.007,16126,5,0.398,10475,4,36.544,3395,2,29.266,9242,3
3466,E01003432,Merton 019D,E09000024,Merton,40.359,4161,2,0.299,2231,1,0.178,4440,2,25.329,10657,4,0.464,9542,3,0.784,5599,2,33.239,4968,2,29.245,9253,3
3467,E01003433,Merton 019E,E09000024,Merton,17.62,16455,6,0.129,12619,4,0.078,16745,6,11.564,20364,7,-0.497,23385,8,0.562,8228,3,21.302,15136,5,26.835,10663,4
3468,E01003434,Merton 017E,E09000024,Merton,13.002,21055,7,0.092,17609,6,0.067,19471,6,12.037,19900,7,-0.987,28711,9,-0.038,17265,6,18.301,18726,6,29.698,8991,3
3469,E01003435,Merton 014E,E09000024,Merton,17.599,16472,6,0.134,12083,4,0.071,18619,6,14.344,17870,6,-0.974,28616,9,0.517,8832,3,18.327,18702,6,35.104,6195,2
3470,E01003436,Merton 023B,E09000024,Merton,25.62,10411,4,0.165,9159,3,0.111,10892,4,20.718,13322,5,-0.073,17140,6,0.387,10650,4,31.206,6154,2,32.374,7538,3
3471,E01003437,Merton 022C,E09000024,Merton,16.002,17944,6,0.104,15761,5,0.067,19453,6,8.95,22919,7,-0.414,22305,7,0.338,11352,4,24.133,12008,4,31.938,7751,3
3472,E01003438,Merton 024A,E09000024,Merton,26.908,9642,3,0.182,7876,3,0.132,8247,3,22.354,12317,4,-0.07,17095,6,0.275,12317,4,23.103,13093,4,37.553,5147,2
3473,E01003439,Merton 023C,E09000024,Merton,27.369,9363,3,0.157,9829,3,0.092,14010,5,17.132,15717,5,-0.031,16471,6,0.857,4825,2,27.74,8657,3,51.314,1694,1
3474,E01003440,Merton 022D,E09000024,Merton,23.077,11998,4,0.186,7604,3,0.118,9966,4,14.729,17564,6,-0.357,21549,7,0.162,14127,5,25.501,10660,4,27.102,10477,4
3475,E01003441,Merton 022E,E09000024,Merton,22.89,12131,4,0.161,9522,3,0.11,10984,4,17.348,15572,5,0.194,13145,5,0.129,14667,5,27.188,9088,3,20.737,14733,5
3476,E01003442,Merton 010A,E09000024,Merton,5.222,30296,10,0.031,30583,10,0.019,32315,10,2.371,30452,10,-1.431,31463,10,-1.118,29975,10,29.026,7630,3,15.66,18689,6
3477,E01003443,Merton 010B,E09000024,Merton,4.549,30966,10,0.031,30680,10,0.03,30528,10,0.373,32631,10,-1.418,31413,10,-0.244,20252,7,10.333,28296,9,26.74,10719,4
3478,E01003444,Merton 010C,E09000024,Merton,5.39,30129,10,0.033,30251,10,0.023,31903,10,0.965,32055,10,-1.664,32140,10,-0.346,21681,7,13.81,24454,8,33.249,7079,3
3479,E01003445,Merton 010D,E09000024,Merton,9.449,25201,8,0.065,22603,7,0.046,26155,8,2.499,30314,10,-0.991,28751,9,0.168,14035,5,23.35,12820,4,23.522,12767,4
3480,E01003446,Merton 016C,E09000024,Merton,10.115,24364,8,0.079,19801,7,0.051,24392,8,1.734,31183,10,-0.744,26400,9,-0.419,22682,7,22.564,13681,5,28.772,9525,3
3481,E01003447,Merton 016D,E09000024,Merton,24.427,11113,4,0.158,9790,3,0.109,11144,4,10.714,21167,7,0.43,9946,4,0.033,16171,5,34.002,4572,2,26.845,10655,4
3482,E01003448,Merton 023D,E09000024,Merton,24.584,11020,4,0.144,11086,4,0.1,12496,4,19.195,14263,5,-0.055,16860,6,0.111,14960,5,24.407,11714,4,50.92,1758,1
3483,E01003449,Merton 024B,E09000024,Merton,18.476,15717,5,0.136,11844,4,0.071,18503,6,12.365,19601,6,-0.177,18784,6,0.228,13072,4,21.958,14381,5,35.12,6189,2
3484,E01003450,Merton 024C,E09000024,Merton,28.091,8982,3,0.182,7859,3,0.136,7887,3,23.711,11489,4,0.023,15645,5,0.345,11232,4,22.992,13222,5,39.576,4403,2
3485,E01003451,Merton 024D,E09000024,Merton,12.612,21481,7,0.07,21480,7,0.05,24617,8,13.976,18184,6,-0.715,26070,8,0.388,10637,4,18.642,18311,6,31.097,8203,3
3486,E01003452,Merton 024E,E09000024,Merton,27.017,9580,3,0.194,7039,3,0.14,7455,3,19.584,14032,5,-0.115,17818,6,-0.106,18224,6,31.347,6051,2,29.27,9241,3
3487,E01003453,Merton 023E,E09000024,Merton,24.369,11146,4,0.155,10018,4,0.113,10703,4,16.65,16078,5,-0.308,20779,7,0.662,6951,3,21.0,15501,5,40.974,3952,2
3488,E01003454,Merton 003B,E09000024,Merton,5.551,29968,10,0.054,25275,8,0.039,28037,9,0.86,32173,10,-0.957,28475,9,-0.748,26764,9,15.673,22118,7,20.363,15007,5
3489,E01003455,Merton 005E,E09000024,Merton,10.995,23343,8,0.08,19613,6,0.05,24828,8,2.759,30020,10,-0.335,21207,7,-0.093,18031,6,20.423,16153,5,28.798,9515,3
3490,E01003456,Merton 003C,E09000024,Merton,12.785,21283,7,0.072,21132,7,0.087,14813,5,0.562,32472,10,-0.659,25463,8,0.063,15703,5,18.117,18969,6,31.813,7821,3
3491,E01003457,Merton 006C,E09000024,Merton,5.546,29971,10,0.026,31408,10,0.024,31753,10,0.288,32697,10,-0.885,27847,9,-0.448,23090,8,11.753,26828,9,35.129,6182,2
3492,E01003458,Merton 006D,E09000024,Merton,6.013,29454,9,0.041,28263,9,0.031,30275,10,0.826,32209,10,-0.956,28464,9,-0.408,22545,7,15.246,22690,7,30.139,8722,3
3493,E01003459,Merton 006E,E09000024,Merton,16.068,17877,6,0.149,10605,4,0.08,16268,5,6.12,26046,8,0.05,15237,5,-0.195,19556,6,18.668,18278,6,18.111,16729,6
3494,E01003460,Merton 002A,E09000024,Merton,9.005,25790,8,0.072,21079,7,0.036,29087,9,1.148,31850,10,-1.396,31326,10,0.198,13543,5,25.58,10579,4,20.569,14849,5
3495,E01003461,Merton 004E,E09000024,Merton,3.716,31737,10,0.026,31478,10,0.017,32456,10,1.413,31561,10,-1.82,32408,10,-0.441,22990,7,15.165,22782,7,21.445,14228,5
3496,E01003462,Merton 002B,E09000024,Merton,6.885,28468,9,0.049,26453,9,0.028,31089,10,1.332,31644,10,-1.377,31249,10,-0.873,27993,9,29.786,7116,3,21.146,14445,5
3497,E01003463,Merton 010E,E09000024,Merton,4.307,31211,10,0.019,32303,10,0.012,32693,10,0.605,32440,10,-1.835,32447,10,-0.916,28398,9,20.372,16210,5,26.696,10749,4
3498,E01003464,Merton 002C,E09000024,Merton,6.098,29339,9,0.026,31532,10,0.023,31891,10,0.607,32436,10,-0.764,26615,9,-0.537,24285,8,27.387,8927,3,21.022,14548,5
3499,E01003465,Merton 002D,E09000024,Merton,4.686,30822,10,0.014,32631,10,0.012,32686,10,1.783,31120,10,-1.889,32506,10,0.059,15758,5,19.979,16680,6,18.627,16332,5
3500,E01003466,Merton 020A,E09000024,Merton,4.599,30901,10,0.042,28083,9,0.033,29960,10,1.389,31594,10,-1.342,31075,10,-0.656,25721,8,15.513,22344,7,21.087,14491,5
3501,E01003467,Merton 020B,E09000024,Merton,7.121,28169,9,0.055,24839,8,0.055,23048,8,1.559,31385,10,-1.106,29632,10,-0.63,25428,8,17.798,19416,6,21.829,13963,5
3502,E01003468,Merton 020C,E09000024,Merton,4.513,31001,10,0.032,30436,10,0.032,30090,10,2.219,30634,10,-1.53,31785,10,-0.57,24726,8,12.606,25882,8,26.062,11128,4
3503,E01003469,Merton 020D,E09000024,Merton,16.013,17934,6,0.122,13497,5,0.066,19897,7,7.06,24991,8,-0.824,27239,9,-0.06,17555,6,32.827,5178,2,27.415,10300,4
3504,E01003470,Merton 020E,E09000024,Merton,9.521,25091,8,0.08,19514,6,0.037,28689,9,3.221,29483,9,-1.319,30952,10,-0.219,19884,7,23.726,12413,4,28.73,9545,3
3505,E01003471,Merton 016E,E09000024,Merton,8.051,27014,9,0.064,22778,7,0.036,28990,9,1.768,31139,10,-0.917,28122,9,-0.172,19240,6,23.968,12178,4,21.045,14532,5
3506,E01003472,Merton 001A,E09000024,Merton,3.806,31671,10,0.018,32414,10,0.022,31993,10,0.233,32736,10,-1.232,30500,10,-0.735,26636,9,7.05,30942,10,30.434,8560,3
3507,E01003473,Merton 001B,E09000024,Merton,5.269,30253,10,0.037,29425,9,0.028,31169,10,0.288,32696,10,-1.107,29652,10,-0.299,21033,7,12.733,25716,8,29.367,9169,3
3508,E01003474,Merton 001C,E09000024,Merton,4.548,30969,10,0.017,32462,10,0.017,32505,10,0.013,32844,10,-1.487,31655,10,-0.177,19307,6,15.618,22206,7,27.064,10504,4
3509,E01003475,Merton 001D,E09000024,Merton,17.36,16682,6,0.124,13161,5,0.054,23446,8,4.318,28142,9,-0.922,28171,9,0.231,13010,4,26.813,9444,3,48.968,2082,1
3510,E01003476,Merton 003D,E09000024,Merton,11.723,22492,7,0.093,17478,6,0.057,22262,7,2.003,30893,10,-0.511,23576,8,-0.151,18901,6,21.707,14656,5,27.909,10004,4
3511,E01003477,Merton 003E,E09000024,Merton,8.595,26305,9,0.058,24287,8,0.052,23992,8,0.252,32719,10,-0.551,24064,8,-0.132,18625,6,16.071,21574,7,27.375,10328,4
3512,E01003478,Merton 001E,E09000024,Merton,6.496,28880,9,0.042,28136,9,0.043,27076,9,0.298,32687,10,-0.968,28571,9,-0.612,25214,8,11.865,26702,9,33.922,6731,3
3513,E01003479,Newham 035A,E09000025,Newham,30.088,7984,3,0.156,9917,4,0.112,10776,4,14.178,18005,6,-0.493,23339,8,0.946,3975,2,63.896,6,1,23.094,13062,4
3514,E01003480,Newham 033A,E09000025,Newham,24.019,11375,4,0.129,12609,4,0.071,18475,6,22.099,12477,4,-0.337,21237,7,0.104,15069,5,52.989,108,1,19.083,15975,5
3515,E01003481,Newham 035B,E09000025,Newham,28.627,8693,3,0.157,9860,4,0.108,11301,4,19.381,14157,5,0.321,11323,4,-0.316,21272,7,64.159,5,1,15.493,18813,6
3516,E01003482,Newham 033B,E09000025,Newham,27.209,9464,3,0.109,15103,5,0.061,21217,7,14.298,17901,6,-0.06,16938,6,0.489,9223,3,57.969,23,1,47.623,2323,1
3517,E01003483,Newham 032A,E09000025,Newham,37.192,5149,2,0.237,4675,2,0.143,7182,3,24.626,11036,4,0.219,12792,4,0.669,6860,3,57.766,25,1,16.33,18114,6
3518,E01003484,Newham 032B,E09000025,Newham,22.723,12241,4,0.151,10428,4,0.068,19326,6,12.473,19519,6,-0.158,18510,6,0.067,15627,5,48.69,485,1,20.374,14998,5
3519,E01003485,Newham 035C,E09000025,Newham,24.091,11327,4,0.129,12691,4,0.068,19254,6,14.777,17529,6,-0.102,17606,6,0.706,6449,2,49.321,412,1,18.997,16043,5
3520,E01003486,Newham 033C,E09000025,Newham,47.765,2519,1,0.294,2412,1,0.206,2853,1,27.832,9468,3,0.641,7486,3,1.199,2237,1,48.623,495,1,21.49,14197,5
3521,E01003487,Newham 033D,E09000025,Newham,43.594,3338,2,0.298,2261,1,0.201,3074,1,29.007,8968,3,0.653,7361,3,0.101,15118,5,48.236,545,1,17.039,17558,6
3522,E01003488,Newham 019A,E09000025,Newham,40.69,4059,2,0.268,3282,1,0.177,4510,2,24.699,10990,4,0.347,11012,4,0.646,7121,3,49.498,393,1,21.35,14292,5
3523,E01003489,Newham 019B,E09000025,Newham,34.363,6119,2,0.236,4705,2,0.118,9926,4,21.799,12670,4,0.009,15872,5,0.577,8032,3,50.876,224,1,25.56,11437,4
3524,E01003490,Newham 019C,E09000025,Newham,31.017,7543,3,0.212,5991,2,0.093,13702,5,23.332,11710,4,-0.068,17065,6,0.29,12079,4,49.789,350,1,30.586,8468,3
3525,E01003491,Newham 022A,E09000025,Newham,29.506,8256,3,0.186,7609,3,0.083,15663,5,14.984,17368,6,-0.43,22509,7,0.547,8439,3,47.616,612,1,45.903,2696,1
3526,E01003492,Newham 025A,E09000025,Newham,24.941,10800,4,0.114,14389,5,0.059,21656,7,21.226,13008,4,-0.144,18298,6,0.336,11389,4,46.709,770,1,43.686,3247,1
3527,E01003493,Newham 025B,E09000025,Newham,27.328,9393,3,0.157,9908,4,0.09,14302,5,19.267,14214,5,-0.345,21373,7,0.411,10288,4,48.452,519,1,33.128,7140,3
3528,E01003494,Newham 025C,E09000025,Newham,21.333,13284,5,0.113,14602,5,0.056,22694,7,19.303,14190,5,-0.751,26481,9,0.105,15051,5,43.189,1390,1,40.542,4088,2
3529,E01003495,Newham 025D,E09000025,Newham,17.983,16134,5,0.103,15850,5,0.056,22569,7,12.793,19222,6,-0.603,24750,8,-0.269,20606,7,39.295,2405,1,36.284,5691,2
3530,E01003496,Newham 027A,E09000025,Newham,28.548,8737,3,0.185,7699,3,0.123,9364,3,12.787,19228,6,-0.053,16839,6,0.365,10946,4,48.013,564,1,18.425,16488,6
3531,E01003497,Newham 034A,E09000025,Newham,33.279,6552,2,0.198,6806,3,0.111,10891,4,26.39,10105,4,0.264,12135,4,0.708,6427,2,47.399,642,1,27.908,10006,4
3532,E01003498,Newham 027B,E09000025,Newham,33.218,6586,3,0.193,7080,3,0.118,9883,4,20.096,13712,5,0.253,12288,4,0.892,4475,2,50.404,277,1,18.682,16284,5
3533,E01003499,Newham 030A,E09000025,Newham,40.608,4081,2,0.247,4182,2,0.141,7400,3,22.394,12299,4,0.485,9265,3,0.991,3597,2,50.15,300,1,34.666,6388,2
3534,E01003500,Newham 027C,E09000025,Newham,34.325,6133,2,0.183,7786,3,0.125,9082,3,20.174,13675,5,0.41,10198,4,0.625,7399,3,52.009,149,1,29.179,9283,3
3535,E01003501,Newham 030B,E09000025,Newham,36.283,5437,2,0.215,5783,2,0.141,7359,3,24.032,11325,4,0.076,14854,5,0.925,4181,2,50.136,302,1,24.057,12375,4
3536,E01003502,Newham 030C,E09000025,Newham,36.469,5384,2,0.23,4987,2,0.111,10831,4,21.271,12986,4,0.009,15871,5,1.062,3056,1,49.474,398,1,36.791,5462,2
3537,E01003503,Newham 030D,E09000025,Newham,39.386,4459,2,0.226,5213,2,0.167,5198,2,20.593,13399,5,0.368,10745,4,1.232,2080,1,43.227,1380,1,32.899,7254,3
3538,E01003506,Newham 034D,E09000025,Newham,45.294,3005,1,0.289,2564,1,0.172,4869,2,23.231,11775,4,0.898,5060,2,0.888,4506,2,51.417,183,1,23.583,12725,4
3539,E01003507,Newham 031A,E09000025,Newham,33.98,6282,2,0.159,9696,3,0.097,13042,4,21.693,12744,4,0.368,10742,4,0.819,5223,2,47.536,624,1,50.171,1886,1
3540,E01003508,Newham 031B,E09000025,Newham,36.928,5231,2,0.187,7569,3,0.099,12724,4,24.859,10905,4,0.361,10845,4,1.409,1325,1,49.223,424,1,38.229,4912,2
3541,E01003509,Newham 031C,E09000025,Newham,35.443,5736,2,0.197,6836,3,0.12,9639,3,21.979,12556,4,0.287,11805,4,0.688,6636,3,43.193,1387,1,50.915,1761,1
3542,E01003511,Newham 036A,E09000025,Newham,35.284,5790,2,0.198,6778,3,0.107,11500,4,26.675,9988,4,0.641,7492,3,0.916,4251,2,49.844,341,1,21.39,14270,5
3543,E01003512,Newham 036B,E09000025,Newham,35.298,5783,2,0.201,6628,3,0.123,9316,3,24.936,10865,4,0.348,11005,4,0.948,3947,2,48.458,517,1,26.344,10961,4
3544,E01003513,Newham 035D,E09000025,Newham,22.174,12640,4,0.111,14743,5,0.06,21471,7,11.716,20218,7,-0.362,21616,7,0.412,10270,4,56.407,40,1,20.376,14996,5
3545,E01003514,Newham 036C,E09000025,Newham,36.673,5315,2,0.198,6791,3,0.155,6159,2,24.058,11314,4,0.59,8064,3,0.314,11721,4,55.12,65,1,21.443,14230,5
3546,E01003515,Newham 036D,E09000025,Newham,47.7,2533,1,0.284,2747,1,0.169,5066,2,25.337,10653,4,0.833,5600,2,1.678,614,1,49.907,335,1,23.951,12453,4
3547,E01003516,Newham 032C,E09000025,Newham,39.917,4284,2,0.25,4038,2,0.159,5753,2,27.052,9799,3,0.48,9325,3,0.323,11598,4,51.721,166,1,28.578,9621,3
3548,E01003517,Newham 036E,E09000025,Newham,46.731,2706,1,0.284,2728,1,0.17,5000,2,20.305,13598,5,1.202,2857,1,1.269,1885,1,47.295,661,1,26.21,11039,4
3549,E01003518,Newham 032D,E09000025,Newham,22.636,12298,4,0.118,13950,5,0.071,18577,6,14.172,18009,6,-0.334,21180,7,0.004,16609,6,55.575,54,1,21.309,14325,5
3550,E01003519,Newham 032E,E09000025,Newham,29.409,8298,3,0.163,9400,3,0.096,13173,5,24.268,11201,4,0.146,13783,5,0.158,14196,5,52.351,134,1,24.425,12144,4
3551,E01003520,Newham 018A,E09000025,Newham,26.667,9784,3,0.147,10740,4,0.068,19217,6,15.055,17314,6,-0.562,24204,8,1.075,2963,1,50.015,316,1,27.189,10427,4
3552,E01003521,Newham 018B,E09000025,Newham,28.488,8772,3,0.1,16257,5,0.051,24531,8,13.164,18898,6,-0.505,23476,8,1.053,3128,1,50.999,217,1,61.302,568,1
3553,E01003522,Newham 018C,E09000025,Newham,31.365,7371,3,0.183,7793,3,0.083,15692,5,17.49,15473,5,0.021,15681,5,0.387,10646,4,55.523,56,1,41.69,3745,2
3554,E01003523,Newham 024A,E09000025,Newham,31.507,7292,3,0.183,7801,3,0.108,11360,4,17.82,15259,5,0.12,14189,5,0.532,8650,3,50.47,269,1,31.777,7843,3
3555,E01003524,Newham 019D,E09000025,Newham,28.552,8734,3,0.147,10805,4,0.087,14783,5,22.598,12181,4,-0.655,25405,8,0.094,15222,5,49.397,406,1,49.404,2010,1
3556,E01003525,Newham 018D,E09000025,Newham,30.664,7708,3,0.149,10617,4,0.061,21237,7,17.133,15716,5,-0.815,27165,9,1.282,1828,1,50.507,264,1,51.26,1704,1
3557,E01003526,Newham 018E,E09000025,Newham,30.073,7996,3,0.168,8969,3,0.094,13650,5,17.289,15608,5,0.073,14905,5,0.329,11503,4,51.547,173,1,36.339,5657,2
3558,E01003527,Newham 024B,E09000025,Newham,19.947,14394,5,0.092,17572,6,0.063,20551,7,14.682,17602,6,-0.568,24294,8,0.211,13318,5,41.542,1765,1,37.79,5072,2
3559,E01003528,Newham 005A,E09000025,Newham,30.372,7853,3,0.212,5983,2,0.115,10283,4,19.974,13776,5,-0.293,20546,7,-0.142,18759,6,55.136,63,1,21.134,14457,5
3560,E01003529,Newham 010A,E09000025,Newham,23.37,11784,4,0.149,10573,4,0.067,19467,6,14.846,17463,6,-0.669,25575,8,-0.149,18878,6,50.354,280,1,31.17,8168,3
3561,E01003530,Newham 010B,E09000025,Newham,21.945,12818,4,0.142,11285,4,0.07,18667,6,13.855,18288,6,-0.558,24153,8,-0.099,18119,6,48.698,483,1,23.696,12637,4
3562,E01003531,Newham 010C,E09000025,Newham,29.192,8410,3,0.183,7802,3,0.086,15096,5,14.232,17961,6,-0.307,20759,7,0.808,5326,2,49.383,408,1,32.977,7214,3
3563,E01003532,Newham 010D,E09000025,Newham,25.259,10613,4,0.152,10320,4,0.069,18965,6,11.321,20596,7,-0.555,24131,8,0.546,8449,3,46.08,876,1,42.094,3635,2
3564,E01003533,Newham 011A,E09000025,Newham,27.567,9258,3,0.158,9813,3,0.089,14503,5,16.616,16104,5,-0.221,19454,6,0.354,11103,4,47.505,628,1,38.197,4922,2
3565,E01003534,Newham 010E,E09000025,Newham,25.169,10661,4,0.146,10825,4,0.076,17239,6,19.488,14091,5,-0.558,24160,8,-0.078,17808,6,49.546,383,1,35.745,5922,2
3566,E01003535,Newham 023A,E09000025,Newham,42.56,3580,2,0.259,3655,2,0.171,4911,2,32.201,7740,3,0.453,9674,3,0.473,9436,3,53.111,105,1,29.988,8820,3
3567,E01003536,Newham 023B,E09000025,Newham,29.531,8245,3,0.178,8193,3,0.099,12687,4,21.691,12748,4,-0.151,18419,6,0.525,8730,3,46.549,794,1,33.755,6821,3
3568,E01003537,Newham 024C,E09000025,Newham,25.312,10573,4,0.144,11074,4,0.072,18170,6,15.711,16820,6,-0.01,16168,5,0.16,14165,5,43.543,1311,1,42.354,3570,2
3569,E01003538,Newham 029A,E09000025,Newham,32.047,7064,3,0.189,7385,3,0.103,11992,4,23.097,11846,4,0.058,15101,5,0.539,8549,3,49.602,380,1,33.598,6899,3
3570,E01003539,Newham 029B,E09000025,Newham,27.345,9378,3,0.166,9078,3,0.086,15087,5,18.691,14638,5,-0.123,17948,6,0.486,9267,3,46.238,853,1,31.985,7722,3
3571,E01003540,Newham 029C,E09000025,Newham,38.68,4673,2,0.218,5655,2,0.127,8855,3,25.129,10763,4,0.445,9778,3,0.551,8389,3,54.091,81,1,41.782,3719,2
3572,E01003541,Newham 029D,E09000025,Newham,27.163,9496,3,0.155,10036,4,0.076,17134,6,18.816,14539,5,-0.367,21686,7,0.444,9850,3,54.698,70,1,29.116,9313,3
3573,E01003542,Newham 024D,E09000025,Newham,32.819,6748,3,0.21,6064,2,0.125,9129,3,21.596,12801,4,0.183,13300,5,0.367,10926,4,47.117,686,1,29.95,8843,3
3574,E01003543,Newham 001A,E09000025,Newham,23.221,11912,4,0.142,11312,4,0.08,16403,5,9.818,22024,7,-0.118,17857,6,0.1,15129,5,47.077,695,1,26.848,10652,4
3575,E01003544,Newham 001B,E09000025,Newham,28.703,8651,3,0.134,12097,4,0.077,16912,6,20.971,13155,5,0.07,14947,5,0.744,6011,2,47.775,598,1,39.686,4364,2
3576,E01003545,Newham 006A,E09000025,Newham,27.152,9504,3,0.149,10612,4,0.094,13575,5,14.361,17860,6,0.127,14085,5,0.483,9300,3,49.33,411,1,23.977,12440,4
3577,E01003546,Newham 001C,E09000025,Newham,33.531,6455,2,0.202,6527,2,0.113,10574,4,17.723,15321,5,0.306,11543,4,0.875,4637,2,49.763,357,1,25.236,11626,4
3578,E01003547,Newham 007A,E09000025,Newham,18.936,15291,5,0.102,16025,5,0.082,15819,5,9.249,22624,7,-0.528,23776,8,-0.033,17192,6,41.206,1870,1,27.054,10510,4
3579,E01003548,Newham 006B,E09000025,Newham,22.286,12546,4,0.12,13715,5,0.062,20978,7,15.852,16701,6,-0.498,23400,8,0.346,11219,4,48.377,526,1,29.231,9260,3
3580,E01003549,Newham 006C,E09000025,Newham,25.608,10418,4,0.145,10923,4,0.091,14114,5,14.224,17965,6,-0.078,17224,6,0.311,11768,4,48.305,535,1,25.789,11300,4
3581,E01003550,Newham 001D,E09000025,Newham,26.959,9615,3,0.169,8876,3,0.084,15415,5,15.365,17071,6,-0.292,20532,7,-0.094,18054,6,50.832,228,1,35.046,6223,2
3582,E01003551,Newham 009A,E09000025,Newham,34.983,5894,2,0.173,8576,3,0.118,9979,4,10.929,20965,7,0.881,5214,2,0.688,6637,3,52.534,126,1,33.738,6832,3
3583,E01003552,Newham 016A,E09000025,Newham,29.808,8113,3,0.175,8444,3,0.112,10770,4,16.287,16340,5,-0.134,18130,6,0.301,11917,4,47.853,585,1,37.465,5187,2
3584,E01003553,Newham 009B,E09000025,Newham,35.838,5596,2,0.231,4955,2,0.131,8366,3,12.39,19584,6,0.498,9121,3,0.772,5713,2,46.691,776,1,34.468,6483,2
3585,E01003554,Newham 009C,E09000025,Newham,21.902,12839,4,0.108,15162,5,0.064,20432,7,10.738,21142,7,-0.083,17304,6,0.528,8696,3,44.966,1063,1,30.873,8329,3
3586,E01003555,Newham 007B,E09000025,Newham,25.848,10282,4,0.13,12531,4,0.076,17180,6,12.063,19884,7,-0.111,17756,6,0.87,4682,2,44.69,1111,1,36.697,5505,2
3587,E01003556,Newham 008A,E09000025,Newham,42.29,3646,2,0.255,3809,2,0.128,8783,3,21.586,12813,4,0.229,12659,4,1.549,930,1,49.584,382,1,41.68,3748,2
3588,E01003557,Newham 006D,E09000025,Newham,36.797,5271,2,0.203,6454,2,0.124,9217,3,11.364,20550,7,0.313,11448,4,1.101,2792,1,51.226,198,1,39.492,4428,2
3589,E01003558,Newham 008B,E09000025,Newham,38.255,4804,2,0.217,5724,2,0.114,10470,4,24.024,11330,4,0.228,12675,4,1.285,1815,1,50.404,276,1,36.212,5722,2
3590,E01003559,Newham 009D,E09000025,Newham,20.714,13767,5,0.104,15700,5,0.058,21953,7,8.585,23328,8,-0.109,17711,6,0.299,11942,4,46.87,734,1,29.679,9006,3
3591,E01003560,Newham 011B,E09000025,Newham,28.024,9022,3,0.177,8277,3,0.102,12167,4,21.031,13118,4,-0.378,21836,7,-0.085,17916,6,49.728,359,1,30.008,8804,3
3592,E01003561,Newham 007C,E09000025,Newham,23.743,11544,4,0.141,11323,4,0.069,18944,6,17.589,15404,5,-0.54,23929,8,0.23,13034,4,49.249,420,1,28.09,9901,4
3593,E01003562,Newham 014A,E09000025,Newham,25.879,10266,4,0.144,11076,4,0.072,18136,6,18.945,14439,5,-0.536,23882,8,0.16,14172,5,52.035,147,1,35.095,6200,2
3594,E01003563,Newham 011C,E09000025,Newham,27.104,9532,3,0.165,9162,3,0.082,15834,5,25.579,10530,4,-0.538,23899,8,-0.002,16712,6,50.031,314,1,31.88,7786,3
3595,E01003564,Newham 014B,E09000025,Newham,27.393,9354,3,0.162,9503,3,0.092,13914,5,14.044,18130,6,-0.187,18954,6,0.348,11193,4,50.606,255,1,29.95,8842,3
3596,E01003565,Newham 014C,E09000025,Newham,25.412,10503,4,0.158,9768,3,0.064,20488,7,14.138,18040,6,0.121,14175,5,0.209,13336,5,49.829,344,1,28.672,9575,3
3597,E01003566,Newham 014D,E09000025,Newham,30.414,7833,3,0.158,9823,3,0.094,13612,5,19.2,14259,5,-0.093,17457,6,0.846,4929,2,49.919,333,1,34.787,6336,2
3598,E01003567,Newham 007D,E09000025,Newham,32.133,7033,3,0.21,6105,2,0.106,11564,4,22.357,12315,4,0.04,15387,5,0.311,11780,4,49.633,373,1,32.117,7649,3
3599,E01003568,Newham 017A,E09000025,Newham,24.045,11361,4,0.139,11601,4,0.081,16157,5,12.708,19307,6,-0.06,16944,6,0.079,15430,5,47.572,619,1,28.559,9637,3
3600,E01003569,Newham 017B,E09000025,Newham,27.715,9189,3,0.162,9472,3,0.076,17127,6,15.008,17353,6,-0.316,20902,7,0.846,4922,2,50.267,290,1,29.686,8997,3
3601,E01003570,Newham 008C,E09000025,Newham,31.336,7384,3,0.164,9322,3,0.08,16287,5,22.616,12170,4,0.077,14845,5,0.894,4446,2,50.739,237,1,35.531,6001,2
3602,E01003571,Newham 008D,E09000025,Newham,27.983,9039,3,0.177,8288,3,0.089,14477,5,16.775,15985,5,-0.023,16355,5,0.195,13589,5,51.639,170,1,24.936,11826,4
3603,E01003572,Newham 008E,E09000025,Newham,27.781,9158,3,0.183,7849,3,0.101,12312,4,19.958,13788,5,-0.075,17185,6,0.075,15501,5,47.347,650,1,24.496,12094,4
3604,E01003573,Newham 017C,E09000025,Newham,27.069,9549,3,0.147,10781,4,0.082,15870,5,20.11,13705,5,0.207,12969,4,-0.012,16873,6,49.999,323,1,30.123,8733,3
3605,E01003574,Newham 017D,E09000025,Newham,29.332,8339,3,0.184,7772,3,0.093,13821,5,17.462,15496,5,-0.088,17373,6,0.142,14444,5,50.279,288,1,35.71,5939,2
3606,E01003575,Newham 005B,E09000025,Newham,29.833,8100,3,0.195,6952,3,0.113,10617,4,26.712,9966,4,-0.43,22512,7,0.299,11936,4,47.077,696,1,25.562,11436,4
3607,E01003576,Newham 002A,E09000025,Newham,38.074,4849,2,0.228,5062,2,0.14,7501,3,25.343,10648,4,0.303,11586,4,0.882,4561,2,49.846,340,1,29.19,9277,3
3608,E01003577,Newham 005C,E09000025,Newham,40.868,4012,2,0.251,3961,2,0.156,6025,2,23.405,11669,4,0.604,7878,3,0.585,7927,3,53.528,92,1,28.927,9420,3
3609,E01003578,Newham 003A,E09000025,Newham,26.188,10059,4,0.13,12550,4,0.057,22295,7,24.142,11271,4,-0.228,19540,6,0.497,9118,3,49.475,396,1,38.35,4860,2
3610,E01003579,Newham 004A,E09000025,Newham,28.483,8778,3,0.15,10513,4,0.092,13998,5,29.379,8833,3,-0.106,17660,6,0.073,15529,5,46.943,723,1,37.294,5267,2
3611,E01003580,Newham 005D,E09000025,Newham,32.832,6741,3,0.196,6907,3,0.115,10353,4,25.658,10484,4,-0.191,19010,6,0.288,12131,4,50.276,289,1,37.197,5314,2
3612,E01003581,Newham 002B,E09000025,Newham,26.783,9714,3,0.147,10807,4,0.08,16445,6,24.742,10972,4,-0.445,22713,7,0.222,13158,5,49.811,346,1,33.625,6883,3
3613,E01003582,Newham 002C,E09000025,Newham,30.905,7600,3,0.197,6823,3,0.112,10721,4,26.742,9944,4,-0.198,19104,6,0.198,13537,5,47.793,594,1,30.322,8618,3
3614,E01003583,Newham 002D,E09000025,Newham,28.482,8779,3,0.171,8742,3,0.089,14513,5,21.118,13067,4,0.023,15653,5,-0.003,16721,6,47.803,591,1,37.064,5363,2
3615,E01003584,Newham 003B,E09000025,Newham,29.49,8266,3,0.181,7984,3,0.115,10339,4,12.468,19525,6,-0.05,16778,6,0.701,6502,2,46.048,884,1,29.165,9292,3
3616,E01003585,Newham 004B,E09000025,Newham,27.968,9049,3,0.156,9991,4,0.078,16672,6,25.001,10826,4,-0.047,16734,6,0.236,12929,4,51.321,189,1,29.037,9360,3
3617,E01003586,Newham 003C,E09000025,Newham,29.95,8043,3,0.173,8542,3,0.092,13997,5,20.026,13749,5,0.093,14619,5,0.441,9903,4,48.324,533,1,36.421,5614,2
3618,E01003587,Newham 004C,E09000025,Newham,28.048,9006,3,0.192,7185,3,0.095,13459,5,15.868,16689,6,-0.308,20770,7,0.383,10694,4,49.972,327,1,23.644,12674,4
3619,E01003588,Newham 011D,E09000025,Newham,29.189,8411,3,0.183,7842,3,0.094,13610,5,19.016,14388,5,0.017,15745,5,-0.013,16889,6,51.46,178,1,30.488,8523,3
3620,E01003589,Newham 011E,E09000025,Newham,26.805,9696,3,0.165,9187,3,0.074,17714,6,19.662,13973,5,-0.074,17164,6,0.228,13078,4,50.361,279,1,28.085,9903,4
3621,E01003590,Newham 003D,E09000025,Newham,38.34,4780,2,0.226,5199,2,0.141,7367,3,17.846,15242,5,0.569,8297,3,0.907,4329,2,52.119,141,1,26.257,11015,4
3622,E01003591,Newham 004D,E09000025,Newham,34.139,6209,2,0.21,6082,2,0.118,9930,4,23.442,11647,4,-0.066,17017,6,0.256,12623,4,51.663,169,1,38.208,4919,2
3623,E01003592,Newham 022B,E09000025,Newham,34.378,6110,2,0.2,6664,3,0.119,9858,4,15.428,17032,6,0.561,8376,3,0.609,7604,3,47.425,638,1,37.307,5262,2
3624,E01003593,Newham 027D,E09000025,Newham,32.672,6804,3,0.216,5747,2,0.124,9148,3,17.674,15352,5,0.298,11666,4,-0.1,18125,6,52.71,116,1,23.801,12566,4
3625,E01003594,Newham 026A,E09000025,Newham,29.213,8396,3,0.19,7294,3,0.111,10944,4,14.9,17425,6,0.011,15834,5,0.159,14186,5,49.317,414,1,26.613,10805,4
3626,E01003595,Newham 026B,E09000025,Newham,29.76,8140,3,0.183,7798,3,0.105,11743,4,18.514,14765,5,0.256,12236,4,-0.146,18806,6,48.418,523,1,32.765,7315,3
3627,E01003596,Newham 016B,E09000025,Newham,25.24,10626,4,0.146,10897,4,0.074,17741,6,17.976,15146,5,0.08,14816,5,0.152,14265,5,48.007,565,1,28.03,9934,4
3628,E01003597,Newham 016C,E09000025,Newham,25.676,10384,4,0.169,8831,3,0.079,16627,6,18.282,14934,5,-0.29,20503,7,0.114,14915,5,48.586,503,1,27.734,10118,4
3629,E01003598,Newham 021A,E09000025,Newham,31.237,7435,3,0.234,4787,2,0.125,9111,3,18.333,14886,5,0.049,15257,5,-0.328,21439,7,48.802,472,1,22.126,13767,5
3630,E01003599,Newham 022C,E09000025,Newham,31.152,7477,3,0.201,6616,3,0.102,12226,4,21.49,12858,4,-0.18,18841,6,0.545,8474,3,50.708,242,1,27.226,10402,4
3631,E01003600,Newham 021B,E09000025,Newham,34.336,6130,2,0.204,6404,2,0.131,8377,3,22.996,11903,4,0.214,12861,4,0.64,7198,3,48.966,458,1,27.521,10251,4
3632,E01003601,Newham 028A,E09000025,Newham,37.186,5153,2,0.204,6435,2,0.134,8099,3,24.832,10925,4,0.408,10227,4,0.995,3564,2,46.319,836,1,35.92,5841,2
3633,E01003602,Newham 026C,E09000025,Newham,26.11,10115,4,0.147,10752,4,0.08,16342,5,16.437,16238,5,0.082,14787,5,0.461,9616,3,46.838,740,1,29.069,9342,3
3634,E01003603,Newham 028B,E09000025,Newham,22.804,12180,4,0.136,11884,4,0.064,20361,7,15.648,16862,6,-0.312,20823,7,0.048,15918,5,45.855,911,1,34.815,6325,2
3635,E01003604,Newham 031D,E09000025,Newham,35.681,5642,2,0.201,6595,3,0.111,10873,4,21.235,13001,4,0.319,11367,4,0.773,5700,2,49.658,368,1,41.459,3809,2
3636,E01003605,Newham 028C,E09000025,Newham,29.461,8278,3,0.169,8848,3,0.104,11850,4,22.402,12296,4,-0.33,21128,7,0.182,13814,5,48.543,508,1,38.208,4918,2
3637,E01003606,Newham 022D,E09000025,Newham,28.551,8735,3,0.146,10877,4,0.084,15465,5,20.552,13428,5,-0.37,21721,7,0.948,3952,2,47.67,606,1,34.724,6362,2
3638,E01003607,Newham 026D,E09000025,Newham,30.506,7786,3,0.184,7708,3,0.11,11025,4,13.307,18773,6,-0.021,16317,5,0.512,8918,3,50.177,299,1,31.719,7870,3
3639,E01003608,Newham 028D,E09000025,Newham,23.936,11406,4,0.099,16380,5,0.053,23839,8,11.154,20748,7,-0.332,21145,7,0.879,4591,2,46.228,857,1,45.645,2758,1
3640,E01003609,Newham 037A,E09000025,Newham,23.035,12030,4,0.143,11157,4,0.073,17989,6,9.487,22372,7,0.054,15175,5,0.181,13828,5,49.62,376,1,16.028,18403,6
3641,E01003611,Newham 037C,E09000025,Newham,31.396,7348,3,0.249,4096,2,0.134,8080,3,18.53,14751,5,0.221,12760,4,-0.444,23042,8,45.509,970,1,15.606,18733,6
3642,E01003615,Newham 013C,E09000025,Newham,27.328,9394,3,0.165,9222,3,0.093,13828,5,12.309,19654,6,0.196,13118,4,0.125,14728,5,47.21,675,1,33.447,6979,3
3643,E01003616,Newham 012A,E09000025,Newham,29.41,8296,3,0.165,9201,3,0.085,15157,5,16.725,16024,5,0.229,12657,4,0.995,3557,2,45.298,1004,1,29.857,8901,3
3644,E01003617,Newham 012B,E09000025,Newham,30.044,8005,3,0.14,11493,4,0.071,18476,6,10.899,20988,7,-0.243,19773,7,1.269,1880,1,49.212,427,1,47.787,2293,1
3645,E01003618,Newham 012C,E09000025,Newham,26.797,9706,3,0.121,13549,5,0.06,21537,7,10.809,21076,7,-0.291,20513,7,1.064,3032,1,44.213,1206,1,52.45,1509,1
3646,E01003619,Newham 012D,E09000025,Newham,35.297,5784,2,0.194,7028,3,0.097,13081,4,10.21,21626,7,0.643,7462,3,0.895,4435,2,52.994,107,1,40.129,4227,2
3647,E01003621,Newham 023C,E09000025,Newham,23.076,12000,4,0.147,10721,4,0.064,20516,7,21.996,12543,4,-0.243,19758,7,-0.161,19047,6,46.879,732,1,25.728,11334,4
3648,E01003622,Newham 023D,E09000025,Newham,33.739,6357,2,0.178,8216,3,0.115,10265,4,23.275,11741,4,0.022,15669,5,0.901,4382,2,50.617,254,1,32.419,7508,3
3649,E01003623,Newham 023E,E09000025,Newham,31.385,7356,3,0.179,8078,3,0.117,9989,4,25.28,10683,4,0.114,14299,5,0.412,10267,4,48.628,493,1,26.278,11003,4
3650,E01003624,Newham 024E,E09000025,Newham,31.648,7229,3,0.195,6936,3,0.119,9766,3,23.375,11690,4,0.106,14420,5,0.413,10250,4,47.342,651,1,26.582,10821,4
3651,E01003625,Newham 015A,E09000025,Newham,28.623,8697,3,0.14,11454,4,0.082,15927,5,17.968,15152,5,-0.289,20492,7,0.48,9343,3,56.762,35,1,39.197,4547,2
3652,E01003626,Newham 015B,E09000025,Newham,23.921,11413,4,0.111,14855,5,0.072,18345,6,10.116,21708,7,0.005,15934,5,0.111,14963,5,50.494,265,1,35.721,5933,2
3653,E01003627,Newham 015C,E09000025,Newham,28.43,8805,3,0.193,7119,3,0.087,14862,5,18.591,14705,5,0.161,13600,5,0.11,14980,5,46.657,785,1,30.996,8254,3
3654,E01003628,Newham 015D,E09000025,Newham,21.405,13234,5,0.125,13158,5,0.06,21567,7,11.355,20556,7,-0.332,21156,7,0.231,13022,4,47.209,676,1,29.174,9288,3
3655,E01003629,Newham 015E,E09000025,Newham,26.957,9618,3,0.163,9361,3,0.069,18936,6,17.232,15644,5,-0.375,21801,7,-0.109,18265,6,49.609,377,1,46.276,2604,1
3656,E01003630,Newham 021C,E09000025,Newham,29.832,8101,3,0.208,6192,2,0.112,10763,4,16.998,15813,5,-0.069,17069,6,0.441,9898,4,45.869,909,1,25.882,11242,4
3657,E01003631,Newham 020A,E09000025,Newham,27.243,9440,3,0.176,8342,3,0.088,14597,5,16.727,16021,5,-0.198,19105,6,0.266,12454,4,44.495,1148,1,37.668,5105,2
3658,E01003632,Newham 020B,E09000025,Newham,20.975,13571,5,0.121,13616,5,0.07,18661,6,14.515,17751,6,-0.477,23099,8,-0.061,17568,6,45.727,936,1,28.393,9729,3
3659,E01003633,Newham 020C,E09000025,Newham,39.451,4440,2,0.249,4050,2,0.175,4614,2,22.676,12117,4,0.416,10119,4,0.518,8811,3,50.671,248,1,20.376,14997,5
3660,E01003634,Newham 020D,E09000025,Newham,31.094,7499,3,0.184,7763,3,0.119,9840,3,21.625,12789,4,0.285,11823,4,0.037,16106,5,51.563,172,1,21.034,14540,5
3661,E01003635,Newham 016D,E09000025,Newham,24.619,10995,4,0.128,12721,4,0.083,15608,5,10.884,21003,7,-0.495,23352,8,1.066,3021,1,43.47,1336,1,28.078,9907,4
3662,E01003636,Newham 020E,E09000025,Newham,32.341,6945,3,0.213,5941,2,0.107,11427,4,16.989,15824,5,0.155,13661,5,1.02,3364,2,46.343,829,1,22.836,13238,5
3663,E01003637,Newham 021D,E09000025,Newham,21.981,12791,4,0.11,14933,5,0.064,20469,7,9.125,22732,7,-0.065,17011,6,0.438,9933,4,46.459,809,1,31.294,8112,3
3664,E01033574,Newham 034F,E09000025,Newham,17.02,16967,6,0.018,32422,10,0.006,32820,10,5.701,26497,9,-0.02,16306,5,-0.1,18131,6,53.843,86,1,38.723,4710,2
3665,E01033575,Newham 034G,E09000025,Newham,20.08,14272,5,0.022,32063,10,0.008,32797,10,4.604,27783,9,0.242,12460,4,0.147,14365,5,51.203,200,1,53.667,1344,1
3666,E01033576,Newham 034H,E09000025,Newham,24.456,11093,4,0.1,16296,5,0.043,27111,9,5.945,26224,8,-0.093,17467,6,1.026,3330,2,50.326,284,1,41.52,3785,2
3667,E01033577,Newham 037E,E09000025,Newham,18.966,15262,5,0.116,14172,5,0.056,22784,7,12.624,19376,6,-0.346,21403,7,-0.173,19262,6,47.66,607,1,17.717,17037,6
3668,E01033578,Newham 013E,E09000025,Newham,27.216,9454,3,0.093,17455,6,0.053,23800,8,13.632,18482,6,0.133,13996,5,0.195,13596,5,55.88,49,1,58.915,780,1
3669,E01033579,Newham 013F,E09000025,Newham,21.114,13477,5,0.054,25166,8,0.026,31476,10,7.245,24759,8,-0.067,17038,6,0.334,11431,4,55.869,51,1,48.107,2234,1
3670,E01033580,Newham 037F,E09000025,Newham,8.919,25889,8,0.03,30743,10,0.019,32354,10,5.015,27280,9,-0.364,21654,7,-0.39,22315,7,37.008,3193,1,14.778,19415,6
3671,E01033581,Newham 037G,E09000025,Newham,34.941,5906,2,0.195,7001,3,0.117,9999,4,14.175,18007,6,0.5,9092,3,0.99,3605,2,56.066,43,1,22.362,13611,5
3672,E01033582,Newham 037H,E09000025,Newham,14.606,19333,6,0.039,28743,9,0.019,32314,10,6.795,25258,8,-0.641,25223,8,0.076,15486,5,51.802,161,1,23.947,12456,4
3673,E01033583,Newham 013G,E09000025,Newham,27.315,9402,3,0.127,12924,4,0.054,23320,8,11.259,20658,7,-0.291,20517,7,1.629,724,1,47.054,703,1,35.917,5843,2
3674,E01033584,Newham 034I,E09000025,Newham,41.55,3844,2,0.278,2931,1,0.133,8216,3,22.827,12015,4,0.554,8464,3,1.097,2828,1,52.077,144,1,22.833,13241,5
3675,E01033585,Newham 034J,E09000025,Newham,41.668,3823,2,0.255,3814,2,0.152,6415,2,19.914,13822,5,0.366,10776,4,1.13,2617,1,47.815,589,1,40.349,4149,2
3676,E01033586,Newham 013H,E09000025,Newham,34.463,6075,2,0.201,6605,3,0.097,13057,4,11.565,20363,7,0.126,14088,5,0.343,11274,4,57.349,29,1,53.968,1311,1
3677,E01003638,Redbridge 017A,E09000026,Redbridge,17.693,16400,5,0.139,11611,4,0.093,13824,5,12.109,19845,7,-0.773,26718,9,-0.032,17167,6,29.089,7581,3,18.616,16340,5
3678,E01003639,Redbridge 013A,E09000026,Redbridge,20.275,14102,5,0.126,13000,4,0.092,13872,5,12.831,19181,6,-0.285,20420,7,0.383,10698,4,34.124,4512,2,20.874,14645,5
3679,E01003640,Redbridge 013B,E09000026,Redbridge,17.809,16305,5,0.091,17799,6,0.063,20588,7,11.459,20458,7,-0.753,26500,9,0.829,5124,2,32.46,5397,2,29.361,9175,3
3680,E01003641,Redbridge 013C,E09000026,Redbridge,14.28,19658,6,0.12,13634,5,0.066,19806,7,9.37,22504,7,-0.937,28294,9,0.107,15029,5,23.9,12242,4,23.107,13052,4
3681,E01003642,Redbridge 013D,E09000026,Redbridge,16.546,17430,6,0.127,12926,4,0.083,15684,5,10.483,21377,7,-0.752,26482,9,0.1,15136,5,27.856,8557,3,20.657,14789,5
3682,E01003643,Redbridge 017B,E09000026,Redbridge,11.343,22934,7,0.075,20424,7,0.05,24830,8,7.063,24989,8,-0.676,25663,8,0.168,14041,5,23.977,12164,4,24.099,12345,4
3683,E01003644,Redbridge 017C,E09000026,Redbridge,12.62,21466,7,0.093,17364,6,0.064,20508,7,9.294,22583,7,-1.256,30642,10,0.055,15809,5,27.388,8925,3,17.7,17048,6
3684,E01003645,Redbridge 017D,E09000026,Redbridge,19.419,14895,5,0.107,15364,5,0.055,22996,8,8.672,23221,8,0.056,15143,5,0.188,13709,5,29.573,7252,3,47.843,2283,1
3685,E01003646,Redbridge 012A,E09000026,Redbridge,12.374,21747,7,0.094,17218,6,0.045,26197,8,7.317,24695,8,-1.283,30774,10,0.339,11341,4,27.394,8918,3,23.076,13080,4
3686,E01003647,Redbridge 015A,E09000026,Redbridge,13.468,20532,7,0.088,18159,6,0.052,24118,8,6.494,25609,8,-1.188,30219,10,0.651,7065,3,26.139,10054,4,25.557,11439,4
3687,E01003648,Redbridge 012B,E09000026,Redbridge,7.595,27567,9,0.063,22941,7,0.042,27375,9,7.349,24653,8,-0.838,27382,9,-0.263,20527,7,17.195,20184,7,17.844,16948,6
3688,E01003649,Redbridge 012C,E09000026,Redbridge,9.01,25780,8,0.084,18896,6,0.045,26249,8,4.919,27394,9,-0.861,27597,9,-0.536,24266,8,24.438,11687,4,15.442,18851,6
3689,E01003650,Redbridge 015B,E09000026,Redbridge,16.216,17738,6,0.134,12157,4,0.084,15340,5,6.832,25219,8,-0.333,21173,7,0.077,15457,5,23.381,12784,4,20.086,15218,5
3690,E01003651,Redbridge 012D,E09000026,Redbridge,11.315,22972,7,0.081,19378,6,0.046,25903,8,2.931,29813,10,-1.085,29480,9,0.367,10928,4,27.198,9079,3,22.032,13824,5
3691,E01003652,Redbridge 015C,E09000026,Redbridge,8.078,26981,9,0.066,22450,7,0.05,24615,8,4.587,27805,9,-1.386,31286,10,-0.081,17859,6,19.08,17770,6,18.348,16551,6
3692,E01003653,Redbridge 015D,E09000026,Redbridge,14.35,19591,6,0.093,17388,6,0.057,22356,7,7.131,24904,8,-1.251,30608,10,0.652,7050,3,26.796,9460,3,26.48,10887,4
3693,E01003654,Redbridge 004A,E09000026,Redbridge,18.26,15907,5,0.125,13076,4,0.082,15884,5,11.037,20856,7,-0.345,21374,7,0.64,7206,3,23.687,12452,4,23.925,12472,4
3694,E01003655,Redbridge 004B,E09000026,Redbridge,10.104,24380,8,0.063,22955,7,0.049,24993,8,5.622,26586,9,-0.997,28795,9,0.57,8138,3,18.601,18360,6,21.062,14520,5
3695,E01003656,Redbridge 005A,E09000026,Redbridge,27.96,9053,3,0.161,9530,3,0.121,9539,3,25.992,10323,4,-0.158,18504,6,0.768,5760,2,36.3,3499,2,24.167,12311,4
3696,E01003657,Redbridge 005B,E09000026,Redbridge,12.312,21818,7,0.072,21145,7,0.067,19529,6,13.897,18255,6,-1.341,31070,10,0.297,11966,4,23.42,12742,4,17.612,17127,6
3697,E01003658,Redbridge 004C,E09000026,Redbridge,22.802,12182,4,0.162,9421,3,0.116,10196,4,20.488,13475,5,-0.15,18385,6,0.323,11608,4,26.709,9552,3,17.571,17152,6
3698,E01003659,Redbridge 005C,E09000026,Redbridge,10.666,23697,8,0.068,21895,7,0.051,24486,8,9.937,21888,7,-0.844,27446,9,0.018,16396,5,21.127,15348,5,26.029,11144,4
3699,E01003660,Redbridge 004D,E09000026,Redbridge,6.729,28631,9,0.035,29751,10,0.027,31218,10,10.312,21540,7,-1.4,31340,10,-0.501,23818,8,25.664,10500,4,18.69,16279,5
3700,E01003661,Redbridge 019A,E09000026,Redbridge,18.026,16106,5,0.139,11533,4,0.085,15292,5,9.502,22362,7,0.13,14031,5,0.272,12360,4,20.24,16374,5,19.797,15448,5
3701,E01003662,Redbridge 019B,E09000026,Redbridge,18.066,16077,5,0.135,12022,4,0.072,18330,6,10.301,21548,7,-0.304,20711,7,0.444,9849,3,26.54,9681,3,25.999,11159,4
3702,E01003663,Redbridge 019C,E09000026,Redbridge,15.078,18844,6,0.133,12217,4,0.065,20157,7,12.126,19834,7,-0.602,24740,8,-0.034,17194,6,24.362,11762,4,20.655,14793,5
3703,E01003664,Redbridge 019D,E09000026,Redbridge,15.719,18219,6,0.13,12479,4,0.088,14636,5,10.144,21679,7,-0.842,27425,9,-0.451,23132,8,23.627,12519,4,24.961,11806,4
3704,E01003665,Redbridge 019E,E09000026,Redbridge,11.889,22292,7,0.097,16829,6,0.056,22797,7,13.226,18848,6,-0.773,26723,9,-0.232,20086,7,19.652,17054,6,22.757,13299,5
3705,E01003666,Redbridge 019F,E09000026,Redbridge,20.279,14098,5,0.161,9573,3,0.104,11950,4,11.323,20594,7,-0.508,23532,8,-0.313,21218,7,30.152,6852,3,26.641,10782,4
3706,E01003668,Redbridge 007A,E09000026,Redbridge,8.929,25877,8,0.063,23014,8,0.035,29288,9,3.549,29072,9,-0.776,26746,9,0.245,12808,4,19.115,17729,6,26.067,11124,4
3707,E01003669,Redbridge 007B,E09000026,Redbridge,6.169,29252,9,0.028,31160,10,0.027,31310,10,1.472,31487,10,-1.292,30819,10,0.013,16478,6,17.469,19833,7,30.586,8465,3
3708,E01003670,Redbridge 007C,E09000026,Redbridge,9.549,25058,8,0.067,22060,7,0.055,23202,8,3.48,29153,9,-1.244,30564,10,-0.482,23520,8,26.97,9305,3,22.237,13695,5
3709,E01003671,Redbridge 007D,E09000026,Redbridge,3.631,31809,10,0.029,31012,10,0.026,31492,10,1.572,31371,10,-1.257,30644,10,-0.381,22186,7,12.947,25476,8,18.014,16795,6
3710,E01003672,Redbridge 007E,E09000026,Redbridge,17.186,16827,6,0.142,11233,4,0.075,17418,6,5.954,26214,8,-0.21,19270,6,-0.126,18527,6,24.162,11974,4,31.256,8129,3
3711,E01003673,Redbridge 007F,E09000026,Redbridge,10.701,23653,8,0.041,28370,9,0.035,29381,9,2.812,29965,10,-1.272,30715,10,-0.01,16843,6,27.399,8912,3,44.068,3134,1
3712,E01003674,Redbridge 007G,E09000026,Redbridge,8.999,25801,8,0.06,23746,8,0.035,29286,9,2.072,30810,10,-0.723,26156,8,0.008,16547,6,24.537,11594,4,25.95,11187,4
3713,E01003675,Redbridge 036A,E09000026,Redbridge,14.67,19264,6,0.091,17756,6,0.042,27149,9,4.026,28507,9,-1.069,29365,9,1.084,2914,1,23.54,12615,4,31.027,8241,3
3714,E01003676,Redbridge 036B,E09000026,Redbridge,10.273,24174,8,0.077,20018,7,0.057,22289,7,4.4,28042,9,-0.758,26543,9,-0.003,16722,6,19.979,16681,6,21.916,13903,5
3715,E01003677,Redbridge 036C,E09000026,Redbridge,9.431,25226,8,0.064,22696,7,0.043,27125,9,5.969,26199,8,-0.952,28425,9,-0.179,19338,6,26.858,9407,3,21.094,14485,5
3716,E01003678,Redbridge 036D,E09000026,Redbridge,9.727,24850,8,0.073,21009,7,0.045,26527,9,3.453,29189,9,-1.165,30070,10,0.157,14205,5,26.479,9728,3,18.305,16577,6
3717,E01003679,Redbridge 036E,E09000026,Redbridge,9.012,25777,8,0.067,22107,7,0.043,26853,9,5.657,26552,9,-0.958,28477,9,-0.002,16714,6,21.395,15022,5,22.123,13772,5
3718,E01003680,Redbridge 036F,E09000026,Redbridge,7.709,27414,9,0.066,22342,7,0.039,28169,9,9.034,22826,7,-1.547,31834,10,-0.29,20898,7,20.629,15911,5,16.679,17842,6
3719,E01003681,Redbridge 036G,E09000026,Redbridge,15.84,18092,6,0.13,12511,4,0.056,22562,7,8.087,23849,8,-0.876,27770,9,0.238,12898,4,32.095,5586,2,23.095,13061,4
3720,E01003682,Redbridge 036H,E09000026,Redbridge,8.29,26704,9,0.068,21985,7,0.031,30329,10,4.742,27616,9,-1.76,32320,10,0.344,11261,4,20.125,16499,6,19.717,15504,5
3721,E01003683,Redbridge 030A,E09000026,Redbridge,20.176,14189,5,0.155,10035,4,0.083,15637,5,19.625,14002,5,-0.855,27531,9,0.048,15911,5,29.944,7006,3,28.581,9620,3
3722,E01003684,Redbridge 030B,E09000026,Redbridge,18.413,15771,5,0.168,8940,3,0.078,16735,6,15.115,17277,6,-0.841,27416,9,-0.196,19562,6,27.664,8708,3,24.246,12257,4
3723,E01003685,Redbridge 030C,E09000026,Redbridge,20.929,13604,5,0.177,8287,3,0.074,17670,6,14.234,17960,6,-0.626,25039,8,0.386,10666,4,31.933,5700,2,25.564,11434,4
3724,E01003686,Redbridge 030D,E09000026,Redbridge,26.378,9947,4,0.152,10355,4,0.1,12455,4,19.765,13902,5,-0.651,25356,8,1.101,2793,1,32.263,5490,2,35.751,5919,2
3725,E01003688,Redbridge 030F,E09000026,Redbridge,25.262,10610,4,0.171,8706,3,0.088,14711,5,22.343,12325,4,-0.358,21555,7,0.54,8526,3,39.32,2395,1,25.045,11749,4
3726,E01003689,Redbridge 030G,E09000026,Redbridge,31.258,7418,3,0.182,7902,3,0.092,13910,5,15.818,16737,6,0.175,13387,5,1.622,740,1,34.719,4209,2,35.958,5827,2
3727,E01003690,Redbridge 035A,E09000026,Redbridge,18.556,15629,5,0.11,14890,5,0.047,25798,8,7.594,24379,8,-0.659,25465,8,1.337,1593,1,28.965,7695,3,29.012,9376,3
3728,E01003691,Redbridge 035B,E09000026,Redbridge,13.561,20419,7,0.113,14505,5,0.059,21686,7,7.674,24281,8,-0.49,23285,8,0.007,16565,6,23.217,12968,4,23.189,12992,4
3729,E01003692,Redbridge 035C,E09000026,Redbridge,14.631,19306,6,0.124,13159,5,0.071,18621,6,6.639,25443,8,-1.147,29925,10,0.21,13333,5,23.792,12352,4,24.678,11984,4
3730,E01003693,Redbridge 035D,E09000026,Redbridge,14.247,19697,6,0.111,14839,5,0.058,21981,7,9.894,21935,7,-0.896,27942,9,0.53,8678,3,22.627,13603,5,22.131,13761,5
3731,E01003694,Redbridge 035E,E09000026,Redbridge,16.177,17773,6,0.127,12848,4,0.066,19958,7,7.93,24026,8,-1.251,30605,10,0.681,6708,3,23.641,12504,4,27.226,10403,4
3732,E01003695,Redbridge 035F,E09000026,Redbridge,22.931,12102,4,0.171,8726,3,0.114,10523,4,7.019,25024,8,-0.346,21392,7,0.24,12875,4,30.437,6651,3,32.594,7418,3
3733,E01003696,Redbridge 035G,E09000026,Redbridge,11.491,22750,7,0.121,13564,5,0.046,25983,8,3.671,28918,9,-1.172,30118,10,-0.29,20901,7,27.571,8778,3,18.549,16396,5
3734,E01003697,Redbridge 035H,E09000026,Redbridge,17.925,16185,5,0.113,14599,5,0.063,20611,7,5.454,26772,9,-1.059,29289,9,0.698,6533,2,33.414,4868,2,33.271,7070,3
3735,E01003698,Redbridge 006A,E09000026,Redbridge,14.458,19482,6,0.075,20416,7,0.06,21501,7,18.199,14996,5,-0.774,26731,9,0.476,9406,3,18.763,18160,6,31.998,7715,3
3736,E01003699,Redbridge 006B,E09000026,Redbridge,13.898,20047,7,0.085,18770,6,0.051,24240,8,20.895,13207,5,-0.583,24494,8,0.199,13509,5,28.291,8197,3,14.579,19576,6
3737,E01003700,Redbridge 006C,E09000026,Redbridge,18.062,16080,5,0.115,14281,5,0.086,14975,5,18.471,14790,5,-0.466,22969,7,0.259,12573,4,22.102,14206,5,28.602,9609,3
3738,E01003701,Redbridge 006D,E09000026,Redbridge,16.423,17540,6,0.095,17047,6,0.058,22163,7,13.265,18818,6,-0.657,25436,8,0.862,4776,2,23.392,12767,4,29.368,9168,3
3739,E01003702,Redbridge 006E,E09000026,Redbridge,16.747,17235,6,0.113,14595,5,0.066,19884,7,14.634,17649,6,-0.516,23633,8,0.391,10579,4,27.29,9003,3,24.748,11947,4
3740,E01003703,Redbridge 006F,E09000026,Redbridge,14.522,19424,6,0.093,17359,6,0.064,20374,7,14.211,17971,6,-1.363,31179,10,-0.106,18217,6,36.393,3464,2,13.915,20185,7
3741,E01003704,Redbridge 006G,E09000026,Redbridge,18.734,15466,5,0.128,12711,4,0.095,13355,5,14.581,17693,6,-0.261,20042,7,0.108,15021,5,23.941,12202,4,26.014,11151,4
3742,E01003705,Redbridge 010A,E09000026,Redbridge,14.277,19660,6,0.103,15829,5,0.057,22353,7,13.236,18839,6,-1.19,30227,10,0.674,6805,3,22.665,13563,5,19.391,15749,5
3743,E01003706,Redbridge 010B,E09000026,Redbridge,16.311,17640,6,0.152,10318,4,0.083,15547,5,12.409,19570,6,-0.512,23582,8,-0.364,21950,7,23.239,12940,4,16.574,17920,6
3744,E01003707,Redbridge 008A,E09000026,Redbridge,15.526,18419,6,0.127,12828,4,0.078,16842,6,10.891,20995,7,-1.016,28965,9,0.365,10937,4,20.437,16139,5,22.205,13718,5
3745,E01003708,Redbridge 008B,E09000026,Redbridge,28.999,8492,3,0.221,5464,2,0.159,5790,2,19.777,13892,5,0.01,15848,5,0.06,15737,5,30.601,6532,2,20.283,15070,5
3746,E01003709,Redbridge 008C,E09000026,Redbridge,9.673,24915,8,0.071,21329,7,0.048,25425,8,10.625,21245,7,-1.058,29279,9,0.007,16564,6,19.504,17268,6,20.926,14611,5
3747,E01003710,Redbridge 008D,E09000026,Redbridge,10.916,23433,8,0.078,19860,7,0.052,24056,8,12.597,19403,6,-0.762,26592,9,0.211,13316,5,19.409,17381,6,16.753,17792,6
3748,E01003711,Redbridge 010C,E09000026,Redbridge,16.89,17087,6,0.114,14380,5,0.071,18421,6,9.294,22584,7,-0.292,20522,7,0.527,8707,3,26.802,9455,3,22.074,13798,5
3749,E01003712,Redbridge 010D,E09000026,Redbridge,39.856,4305,2,0.297,2279,1,0.213,2559,1,19.049,14360,5,0.36,10863,4,0.13,14655,5,39.859,2235,1,18.321,16566,6
3750,E01003713,Redbridge 034A,E09000026,Redbridge,17.315,16721,6,0.149,10622,4,0.075,17568,6,12.93,19102,6,-0.653,25378,8,-0.016,16924,6,26.783,9474,3,23.732,12618,4
3751,E01003714,Redbridge 034B,E09000026,Redbridge,19.087,15160,5,0.139,11527,4,0.08,16289,5,12.236,19736,7,-0.526,23754,8,0.345,11235,4,26.321,9876,4,31.454,8016,3
3752,E01003715,Redbridge 034C,E09000026,Redbridge,19.475,14846,5,0.145,10958,4,0.074,17694,6,14.396,17830,6,-0.933,28254,9,0.574,8070,3,29.396,7375,3,27.563,10221,4
3753,E01003716,Redbridge 034D,E09000026,Redbridge,22.223,12597,4,0.147,10802,4,0.086,14987,5,12.218,19750,7,-0.322,21006,7,1.053,3129,1,24.877,11254,4,29.568,9065,3
3754,E01003718,Redbridge 034E,E09000026,Redbridge,18.677,15521,5,0.136,11859,4,0.069,18969,6,11.117,20789,7,-0.699,25926,8,0.518,8813,3,29.188,7511,3,30.461,8541,3
3755,E01003719,Redbridge 034F,E09000026,Redbridge,23.275,11868,4,0.164,9257,3,0.084,15470,5,12.205,19759,7,-0.584,24509,8,1.156,2491,1,27.939,8498,3,28.903,9433,3
3756,E01003720,Redbridge 002A,E09000026,Redbridge,30.716,7685,3,0.212,5987,2,0.147,6827,3,30.665,8301,3,0.404,10271,4,0.075,15499,5,28.386,8121,3,25.121,11705,4
3757,E01003721,Redbridge 003A,E09000026,Redbridge,19.545,14768,5,0.112,14703,5,0.087,14812,5,20.444,13511,5,-0.256,19957,7,0.385,10668,4,31.654,5871,2,16.832,17726,6
3758,E01003722,Redbridge 002B,E09000026,Redbridge,24.506,11062,4,0.177,8270,3,0.118,9875,4,25.391,10621,4,-0.344,21363,7,0.359,11039,4,30.791,6422,2,14.729,19453,6
3759,E01003723,Redbridge 002C,E09000026,Redbridge,28.091,8981,3,0.187,7547,3,0.132,8277,3,30.908,8211,3,-0.406,22191,7,0.706,6444,2,28.267,8211,3,24.767,11927,4
3760,E01003724,Redbridge 003B,E09000026,Redbridge,18.246,15922,5,0.11,14888,5,0.08,16420,5,18.437,14809,5,-0.647,25304,8,0.398,10476,4,32.57,5345,2,17.473,17232,6
3761,E01003725,Redbridge 003C,E09000026,Redbridge,26.212,10042,4,0.19,7278,3,0.13,8477,3,27.904,9434,3,-0.251,19885,7,0.451,9755,3,27.27,9018,3,16.766,17784,6
3762,E01003726,Redbridge 002D,E09000026,Redbridge,31.711,7199,3,0.202,6537,2,0.15,6524,2,26.502,10068,4,-0.093,17459,6,0.352,11132,4,42.77,1475,1,20.215,15115,5
3763,E01003727,Redbridge 003D,E09000026,Redbridge,29.893,8070,3,0.195,7005,3,0.148,6782,3,31.037,8165,3,0.118,14220,5,0.649,7098,3,25.96,10209,4,22.425,13547,5
3764,E01003728,Redbridge 032A,E09000026,Redbridge,29.17,8420,3,0.156,9949,4,0.078,16841,6,9.681,22181,7,-0.67,25593,8,1.049,3147,1,46.323,835,1,52.091,1567,1
3765,E01003729,Redbridge 032B,E09000026,Redbridge,29.466,8275,3,0.203,6481,2,0.101,12316,4,20.009,13758,5,-0.174,18729,6,0.723,6243,2,37.321,3091,1,37.229,5299,2
3766,E01003730,Redbridge 032C,E09000026,Redbridge,23.485,11709,4,0.182,7861,3,0.097,12995,4,22.248,12382,4,-0.823,27224,9,0.354,11107,4,30.78,6425,2,27.34,10340,4
3767,E01003731,Redbridge 033A,E09000026,Redbridge,26.421,9924,4,0.206,6295,2,0.11,11105,4,19.348,14171,5,-0.5,23423,8,0.61,7589,3,33.529,4797,2,24.301,12221,4
3768,E01003732,Redbridge 032D,E09000026,Redbridge,33.926,6300,2,0.257,3708,2,0.123,9266,3,20.73,13314,5,0.636,7540,3,0.134,14579,5,43.539,1312,1,19.575,15621,5
3769,E01003733,Redbridge 032E,E09000026,Redbridge,25.381,10523,4,0.184,7753,3,0.085,15316,5,19.071,14345,5,-0.665,25528,8,0.424,10105,4,33.371,4896,2,42.676,3485,2
3770,E01003734,Redbridge 033B,E09000026,Redbridge,22.036,12747,4,0.165,9214,3,0.094,13609,5,19.516,14078,5,-0.707,25991,8,0.55,8401,3,30.314,6746,3,21.403,14264,5
3771,E01003735,Redbridge 033C,E09000026,Redbridge,34.319,6134,2,0.3,2179,1,0.156,6073,2,25.027,10811,4,0.028,15582,5,-0.085,17913,6,37.127,3162,1,13.866,20252,7
3772,E01003736,Redbridge 033D,E09000026,Redbridge,25.007,10763,4,0.191,7235,3,0.102,12135,4,17.331,15583,5,-0.173,18711,6,0.469,9490,3,31.255,6116,2,26.525,10849,4
3773,E01003737,Redbridge 031A,E09000026,Redbridge,14.602,19340,6,0.12,13670,5,0.057,22326,7,9.185,22672,7,-1.148,29928,10,0.47,9469,3,26.47,9734,3,20.371,15000,5
3774,E01003738,Redbridge 031B,E09000026,Redbridge,14.155,19783,7,0.108,15195,5,0.059,21834,7,11.997,19939,7,-1.323,30982,10,0.145,14402,5,28.716,7880,3,21.551,14152,5
3775,E01003739,Redbridge 031C,E09000026,Redbridge,19.82,14512,5,0.173,8555,3,0.083,15658,5,9.8,22039,7,-0.698,25908,8,0.451,9756,3,29.315,7429,3,21.124,14468,5
3776,E01003740,Redbridge 031D,E09000026,Redbridge,18.38,15804,5,0.112,14636,5,0.077,16973,6,12.782,19229,6,-0.881,27812,9,0.891,4477,2,28.112,8331,3,22.239,13694,5
3777,E01003741,Redbridge 031E,E09000026,Redbridge,16.28,17671,6,0.111,14807,5,0.067,19489,6,9.042,22814,7,-0.831,27302,9,0.319,11660,4,28.477,8051,3,30.524,8502,3
3778,E01003742,Redbridge 031F,E09000026,Redbridge,15.083,18836,6,0.135,11968,4,0.055,23227,8,17.631,15373,5,-1.073,29390,9,0.116,14876,5,26.077,10111,4,18.31,16574,6
3779,E01003743,Redbridge 031G,E09000026,Redbridge,20.542,13901,5,0.152,10292,4,0.085,15279,5,18.748,14596,5,-0.423,22415,7,0.519,8803,3,27.145,9126,3,21.411,14255,5
3780,E01003744,Redbridge 001A,E09000026,Redbridge,8.383,26576,9,0.051,25833,8,0.039,28119,9,6.697,25378,8,-1.101,29601,10,-0.139,18731,6,29.036,7624,3,14.12,20005,7
3781,E01003745,Redbridge 001B,E09000026,Redbridge,5.743,29754,10,0.026,31471,10,0.02,32239,10,2.512,30301,10,-1.708,32227,10,0.032,16189,5,24.125,12013,4,19.31,15806,5
3782,E01003746,Redbridge 001C,E09000026,Redbridge,4.117,31386,10,0.035,29670,10,0.032,30042,10,2.165,30704,10,-1.633,32067,10,-0.503,23846,8,14.189,24002,8,19.23,15862,5
3783,E01003747,Redbridge 001D,E09000026,Redbridge,5.927,29547,9,0.042,28180,9,0.031,30341,10,2.701,30093,10,-1.609,32008,10,-0.085,17918,6,19.883,16789,6,21.05,14526,5
3784,E01003748,Redbridge 001E,E09000026,Redbridge,4.929,30568,10,0.031,30528,10,0.037,28802,9,2.649,30163,10,-1.496,31687,10,-0.148,18856,6,15.675,22112,7,19.096,15963,5
3785,E01003749,Redbridge 001F,E09000026,Redbridge,8.362,26609,9,0.053,25392,8,0.047,25631,8,2.378,30444,10,-0.692,25841,8,0.122,14782,5,17.496,19796,7,24.407,12158,4
3786,E01003750,Redbridge 001G,E09000026,Redbridge,12.172,21971,7,0.083,19028,6,0.058,21996,7,3.66,28934,9,-0.927,28205,9,0.382,10717,4,23.56,12594,4,25.074,11735,4
3787,E01003751,Redbridge 020A,E09000026,Redbridge,16.317,17637,6,0.112,14664,5,0.084,15506,5,10.076,21757,7,-0.8,27002,9,0.212,13297,5,29.436,7354,3,19.555,15645,5
3788,E01003752,Redbridge 023A,E09000026,Redbridge,12.74,21341,7,0.103,15897,5,0.057,22464,7,3.989,28558,9,-1.263,30666,10,-0.042,17326,6,33.073,5036,2,16.589,17909,6
3789,E01003753,Redbridge 020B,E09000026,Redbridge,13.373,20656,7,0.097,16714,6,0.045,26370,9,6.721,25343,8,-1.183,30184,10,-0.372,22053,7,29.967,6993,3,36.944,5412,2
3790,E01003754,Redbridge 020C,E09000026,Redbridge,13.011,21046,7,0.119,13842,5,0.062,20941,7,6.078,26086,8,-0.988,28726,9,-0.277,20723,7,25.023,11085,4,23.574,12729,4
3791,E01003755,Redbridge 023B,E09000026,Redbridge,14.75,19173,6,0.136,11837,4,0.057,22381,7,10.429,21426,7,-1.106,29638,10,0.157,14204,5,24.944,11168,4,23.7,12631,4
3792,E01003756,Redbridge 023C,E09000026,Redbridge,16.868,17117,6,0.13,12522,4,0.077,17007,6,8.873,22999,8,-0.649,25334,8,0.036,16112,5,24.907,11224,4,32.039,7686,3
3793,E01003757,Redbridge 020D,E09000026,Redbridge,20.327,14062,5,0.152,10336,4,0.094,13573,5,13.833,18301,6,-0.868,27678,9,0.311,11778,4,30.949,6312,2,24.956,11808,4
3794,E01003758,Redbridge 023D,E09000026,Redbridge,21.133,13455,5,0.162,9445,3,0.097,13054,4,12.538,19465,6,-0.431,22523,7,0.244,12811,4,34.155,4496,2,17.568,17158,6
3795,E01003759,Redbridge 009A,E09000026,Redbridge,5.02,30489,10,0.035,29718,10,0.023,31858,10,2.267,30567,10,-1.451,31541,10,-0.112,18309,6,18.248,18797,6,20.031,15267,5
3796,E01003760,Redbridge 009B,E09000026,Redbridge,15.006,18912,6,0.082,19184,6,0.048,25268,8,8.644,23259,8,-1.191,30233,10,0.566,8182,3,35.161,4014,2,27.469,10273,4
3797,E01003761,Redbridge 009C,E09000026,Redbridge,39.737,4343,2,0.292,2452,1,0.168,5123,2,27.068,9794,3,0.091,14653,5,-0.422,22722,7,47.649,610,1,35.413,6053,2
3798,E01003762,Redbridge 009D,E09000026,Redbridge,14.079,19879,7,0.071,21293,7,0.052,24212,8,7.17,24858,8,-1.265,30675,10,0.212,13295,5,34.744,4197,2,32.937,7232,3
3799,E01003763,Redbridge 009E,E09000026,Redbridge,11.372,22891,7,0.062,23177,8,0.033,29922,10,7.767,24181,8,-1.457,31567,10,0.367,10929,4,31.481,5975,2,25.849,11258,4
3800,E01003764,Redbridge 009F,E09000026,Redbridge,14.111,19839,7,0.076,20292,7,0.054,23588,8,6.394,25729,8,-0.79,26904,9,0.491,9192,3,22.04,14280,5,40.17,4208,2
3801,E01003765,Redbridge 009G,E09000026,Redbridge,8.499,26421,9,0.057,24459,8,0.032,30256,10,6.491,25612,8,-1.139,29878,10,0.175,13920,5,17.855,19328,6,29.001,9385,3
3802,E01003766,Redbridge 024A,E09000026,Redbridge,19.514,14798,5,0.137,11791,4,0.068,19357,6,17.775,15289,5,-0.578,24414,8,0.612,7556,3,26.428,9781,3,30.616,8453,3
3803,E01003767,Redbridge 024B,E09000026,Redbridge,22.412,12449,4,0.128,12734,4,0.075,17528,6,15.567,16928,6,-0.36,21594,7,0.906,4331,2,31.772,5800,2,34.59,6437,2
3804,E01003768,Redbridge 024C,E09000026,Redbridge,29.257,8376,3,0.203,6504,2,0.114,10423,4,19.18,14271,5,0.086,14728,5,0.659,6979,3,35.111,4041,2,30.887,8318,3
3805,E01003769,Redbridge 022A,E09000026,Redbridge,24.749,10920,4,0.156,9948,4,0.086,15139,5,10.331,21518,7,-0.096,17496,6,0.573,8093,3,34.225,4468,2,42.587,3511,2
3806,E01003770,Redbridge 022B,E09000026,Redbridge,16.679,17295,6,0.108,15257,5,0.07,18789,6,6.963,25080,8,-0.848,27493,9,0.746,5977,2,33.853,4648,2,14.0,20109,7
3807,E01003771,Redbridge 022C,E09000026,Redbridge,16.92,17062,6,0.132,12301,4,0.078,16799,6,15.08,17303,6,-0.623,24990,8,-0.119,18427,6,29.693,7183,3,17.739,17018,6
3808,E01003772,Redbridge 024D,E09000026,Redbridge,17.275,16747,6,0.146,10821,4,0.089,14493,5,9.829,22016,7,-0.674,25626,8,-0.038,17272,6,24.461,11670,4,23.85,12524,4
3809,E01003773,Redbridge 022D,E09000026,Redbridge,14.99,18922,6,0.112,14666,5,0.065,20232,7,6.502,25603,8,-0.769,26670,9,0.452,9739,3,27.013,9265,3,22.463,13516,5
3810,E01003774,Redbridge 014A,E09000026,Redbridge,8.887,25937,8,0.058,24314,8,0.051,24306,8,1.515,31436,10,-0.964,28536,9,0.037,16104,5,20.728,15803,5,25.714,11340,4
3811,E01003775,Redbridge 014B,E09000026,Redbridge,7.581,27588,9,0.042,28103,9,0.036,29144,9,1.154,31842,10,-1.169,30096,10,0.338,11367,4,22.474,13774,5,21.637,14096,5
3812,E01003776,Redbridge 014C,E09000026,Redbridge,23.873,11451,4,0.189,7373,3,0.098,12870,4,12.307,19656,6,0.502,9058,3,-0.209,19774,7,33.003,5073,2,16.255,18195,6
3813,E01003777,Redbridge 014D,E09000026,Redbridge,7.823,27288,9,0.042,28185,9,0.031,30416,10,1.415,31559,10,-1.415,31397,10,0.464,9575,3,15.876,21836,7,31.65,7913,3
3814,E01003778,Redbridge 014E,E09000026,Redbridge,9.642,24959,8,0.06,23823,8,0.032,30250,10,2.807,29970,10,-0.924,28185,9,0.173,13946,5,20.012,16641,6,36.227,5716,2
3815,E01003779,Redbridge 014F,E09000026,Redbridge,14.112,19836,7,0.1,16371,5,0.074,17667,6,5.913,26257,8,-0.161,18554,6,-0.64,25536,8,21.144,15334,5,30.955,8279,3
3816,E01003780,Redbridge 014G,E09000026,Redbridge,5.828,29644,10,0.027,31269,10,0.03,30647,10,2.243,30605,10,-1.709,32230,10,-0.109,18276,6,22.778,13431,5,22.349,13623,5
3817,E01003781,Redbridge 026A,E09000026,Redbridge,17.125,16875,6,0.144,11091,4,0.067,19495,6,5.472,26751,9,-0.874,27746,9,0.582,7958,3,30.139,6864,3,20.365,15005,5
3818,E01003782,Redbridge 026B,E09000026,Redbridge,21.961,12806,4,0.149,10566,4,0.07,18826,6,14.22,17969,6,-0.879,27794,9,0.806,5345,2,30.718,6461,2,38.35,4859,2
3819,E01003783,Redbridge 029A,E09000026,Redbridge,34.175,6193,2,0.209,6153,2,0.143,7240,3,12.155,19803,7,-0.09,17421,6,1.342,1575,1,40.639,2012,1,32.779,7309,3
3820,E01003784,Redbridge 029B,E09000026,Redbridge,18.41,15774,5,0.132,12264,4,0.08,16378,5,9.524,22346,7,-0.673,25618,8,0.341,11304,4,30.879,6365,2,26.614,10804,4
3821,E01003785,Redbridge 029C,E09000026,Redbridge,25.704,10363,4,0.173,8540,3,0.096,13255,5,12.189,19774,7,-0.638,25179,8,1.005,3486,2,39.666,2300,1,23.99,12431,4
3822,E01003786,Redbridge 026C,E09000026,Redbridge,12.992,21062,7,0.1,16293,5,0.063,20619,7,3.16,29551,9,-0.97,28584,9,-0.095,18062,6,30.003,6969,3,22.301,13652,5
3823,E01003787,Redbridge 026D,E09000026,Redbridge,15.402,18548,6,0.107,15324,5,0.072,18322,6,6.581,25511,8,-0.925,28186,9,0.099,15138,5,28.513,8025,3,30.197,8693,3
3824,E01003788,Redbridge 029D,E09000026,Redbridge,24.91,10819,4,0.15,10496,4,0.099,12773,4,12.597,19402,6,-0.213,19330,6,0.59,7867,3,39.568,2331,1,30.749,8384,3
3825,E01003789,Redbridge 018A,E09000026,Redbridge,10.258,24187,8,0.041,28415,9,0.032,30040,10,2.731,30054,10,-1.206,30327,10,0.406,10348,4,25.748,10408,4,37.041,5372,2
3826,E01003790,Redbridge 027A,E09000026,Redbridge,16.218,17735,6,0.108,15155,5,0.087,14815,5,2.937,29805,10,-0.409,22227,7,0.14,14478,5,29.016,7637,3,23.821,12547,4
3827,E01003791,Redbridge 027B,E09000026,Redbridge,15.669,18271,6,0.042,28210,9,0.036,28982,9,3.812,28752,9,-1.096,29571,10,1.652,673,1,29.325,7418,3,32.98,7212,3
3828,E01003792,Redbridge 027C,E09000026,Redbridge,11.304,22984,7,0.055,24946,8,0.049,25021,8,1.625,31293,10,-1.061,29305,9,0.881,4573,2,18.074,19027,6,30.536,8491,3
3829,E01003793,Redbridge 027D,E09000026,Redbridge,24.975,10782,4,0.161,9514,3,0.1,12548,4,16.164,16441,6,0.096,14580,5,0.433,9987,4,32.278,5483,2,32.594,7417,3
3830,E01003794,Redbridge 018B,E09000026,Redbridge,7.939,27130,9,0.06,23631,8,0.046,25936,8,3.885,28666,9,-1.343,31079,10,-0.311,21203,7,22.774,13437,5,20.693,14761,5
3831,E01003795,Redbridge 018C,E09000026,Redbridge,8.353,26624,9,0.032,30363,10,0.04,27818,9,2.388,30426,10,-1.281,30766,10,0.465,9556,3,23.432,12732,4,24.699,11972,4
3832,E01003796,Redbridge 018D,E09000026,Redbridge,9.481,25148,8,0.055,25034,8,0.038,28543,9,2.684,30118,10,-1.409,31375,10,0.372,10846,4,27.812,8596,3,22.532,13459,5
3833,E01032581,Redbridge 034G,E09000026,Redbridge,27.56,9264,3,0.189,7378,3,0.117,10098,4,22.271,12362,4,-0.394,22040,7,0.833,5074,2,32.678,5280,2,26.36,10949,4
3834,E01033589,Redbridge 030H,E09000026,Redbridge,15.334,18605,6,0.061,23410,8,0.035,29220,9,7.196,24813,8,-0.996,28783,9,0.332,11459,4,41.34,1826,1,37.383,5225,2
3835,E01033590,Redbridge 019H,E09000026,Redbridge,16.588,17390,6,0.131,12389,4,0.069,19065,6,15.694,16834,6,-0.365,21663,7,-0.164,19099,6,30.403,6678,3,15.045,19158,6
3836,E01033591,Redbridge 030I,E09000026,Redbridge,30.489,7795,3,0.201,6632,3,0.13,8494,3,17.588,15406,5,-0.12,17901,6,0.762,5807,2,36.103,3581,2,34.678,6384,2
3837,E01033592,Redbridge 019I,E09000026,Redbridge,17.13,16873,6,0.14,11466,4,0.08,16425,6,6.958,25088,8,-0.935,28273,9,0.036,16116,5,35.318,3928,2,15.356,18907,6
3838,E01003797,Richmond upon Thames 001A,E09000027,Richmond upon Thames,5.944,29529,9,0.029,31035,10,0.016,32545,10,0.974,32045,10,-2.015,32619,10,0.185,13759,5,10.181,28434,9,34.633,6412,2
3839,E01003798,Richmond upon Thames 001B,E09000027,Richmond upon Thames,8.509,26405,9,0.079,19809,7,0.061,21207,7,1.638,31278,10,-1.117,29715,10,-0.238,20172,7,14.95,23093,8,18.802,16190,5
3840,E01003799,Richmond upon Thames 001C,E09000027,Richmond upon Thames,7.18,28093,9,0.024,31821,10,0.021,32099,10,0.298,32689,10,-2.369,32782,10,0.36,11010,4,11.708,26883,9,39.896,4297,2
3841,E01003800,Richmond upon Thames 001D,E09000027,Richmond upon Thames,13.145,20893,7,0.106,15517,5,0.06,21396,7,7.971,23982,8,-0.96,28503,9,0.009,16531,6,20.141,16477,6,30.977,8265,3
3842,E01003801,Richmond upon Thames 001E,E09000027,Richmond upon Thames,4.028,31478,10,0.024,31677,10,0.015,32575,10,0.12,32807,10,-1.658,32122,10,-0.52,24060,8,13.584,24714,8,27.87,10034,4
3843,E01003802,Richmond upon Thames 001F,E09000027,Richmond upon Thames,4.675,30831,10,0.026,31518,10,0.014,32620,10,3.266,29424,9,-2.452,32794,10,-0.503,23841,8,17.926,19228,6,26.295,10995,4
3844,E01003803,Richmond upon Thames 001G,E09000027,Richmond upon Thames,23.823,11485,4,0.185,7696,3,0.142,7313,3,15.644,16867,6,-0.082,17298,6,-0.254,20411,7,23.203,12983,4,24.127,12330,4
3845,E01003804,Richmond upon Thames 005A,E09000027,Richmond upon Thames,5.756,29734,10,0.047,26916,9,0.038,28366,9,1.06,31957,10,-1.819,32406,10,-0.799,27290,9,15.105,22853,7,29.794,8932,3
3846,E01003805,Richmond upon Thames 012A,E09000027,Richmond upon Thames,3.697,31751,10,0.01,32792,10,0.015,32593,10,0.157,32787,10,-3.031,32838,10,-0.369,22008,7,14.54,23617,8,24.63,12006,4
3847,E01003806,Richmond upon Thames 012B,E09000027,Richmond upon Thames,8.022,27043,9,0.019,32295,10,0.019,32363,10,0.358,32641,10,-2.666,32821,10,0.751,5925,2,15.996,21684,7,34.919,6284,2
3848,E01003807,Richmond upon Thames 005B,E09000027,Richmond upon Thames,7.831,27275,9,0.067,22091,7,0.048,25363,8,0.962,32061,10,-1.237,30522,10,-0.517,24016,8,14.917,23142,8,30.421,8572,3
3849,E01003808,Richmond upon Thames 005C,E09000027,Richmond upon Thames,5.994,29480,9,0.053,25409,8,0.035,29353,9,1.596,31334,10,-1.65,32104,10,-0.501,23816,8,8.981,29521,9,31.898,7774,3
3850,E01003809,Richmond upon Thames 005D,E09000027,Richmond upon Thames,6.067,29373,9,0.024,31722,10,0.022,31992,10,0.146,32792,10,-2.322,32768,10,-0.083,17880,6,8.916,29574,10,40.363,4146,2
3851,E01003810,Richmond upon Thames 019A,E09000027,Richmond upon Thames,7.461,27730,9,0.058,24263,8,0.057,22495,7,1.029,31989,10,-1.162,30046,10,-0.173,19252,6,14.806,23286,8,21.77,13996,5
3852,E01003811,Richmond upon Thames 018A,E09000027,Richmond upon Thames,5.515,30014,10,0.044,27587,9,0.032,30208,10,1.012,32009,10,-1.543,31825,10,-0.493,23686,8,11.362,27261,9,31.509,7986,3
3853,E01003812,Richmond upon Thames 018B,E09000027,Richmond upon Thames,7.792,27315,9,0.062,23207,8,0.048,25461,8,1.437,31538,10,-0.765,26633,9,-0.335,21529,7,19.65,17059,6,20.866,14649,5
3854,E01003813,Richmond upon Thames 019B,E09000027,Richmond upon Thames,4.739,30765,10,0.029,30944,10,0.043,26966,9,0.275,32705,10,-1.338,31051,10,-0.382,22208,7,12.663,25812,8,22.922,13187,5
3855,E01003814,Richmond upon Thames 019C,E09000027,Richmond upon Thames,8.961,25837,8,0.074,20718,7,0.059,21762,7,0.59,32449,10,-0.738,26349,9,-0.407,22526,7,20.096,16527,6,19.678,15532,5
3856,E01003815,Richmond upon Thames 019D,E09000027,Richmond upon Thames,8.914,25903,8,0.081,19406,6,0.044,26652,9,1.675,31241,10,-0.824,27246,9,-0.502,23828,8,16.616,20903,7,30.561,8480,3
3857,E01003816,Richmond upon Thames 012C,E09000027,Richmond upon Thames,12.147,21996,7,0.057,24439,8,0.057,22379,7,6.1,26066,8,-1.095,29565,10,0.48,9345,3,30.605,6529,2,20.81,14683,5
3858,E01003817,Richmond upon Thames 012D,E09000027,Richmond upon Thames,11.002,23338,8,0.064,22804,7,0.055,23047,8,2.958,29786,10,-1.408,31371,10,0.737,6088,2,17.884,19294,6,26.342,10964,4
3859,E01003818,Richmond upon Thames 017A,E09000027,Richmond upon Thames,7.107,28188,9,0.076,20280,7,0.044,26709,9,2.438,30377,10,-1.69,32201,10,0.091,15259,5,13.865,24396,8,14.353,19809,7
3860,E01003819,Richmond upon Thames 017B,E09000027,Richmond upon Thames,28.717,8640,3,0.208,6185,2,0.158,5839,2,20.172,13677,5,0.161,13596,5,0.431,10027,4,23.522,12642,4,22.779,13279,5
3861,E01003820,Richmond upon Thames 017C,E09000027,Richmond upon Thames,11.453,22800,7,0.097,16769,6,0.084,15421,5,9.254,22621,7,-1.158,30008,10,-0.474,23422,8,15.029,22975,7,17.059,17536,6
3862,E01003821,Richmond upon Thames 008A,E09000027,Richmond upon Thames,5.143,30378,10,0.03,30756,10,0.02,32282,10,0.258,32717,10,-1.785,32356,10,-0.537,24293,8,22.267,14008,5,25.878,11246,4
3863,E01003822,Richmond upon Thames 023A,E09000027,Richmond upon Thames,2.997,32237,10,0.015,32590,10,0.021,32153,10,0.286,32699,10,-2.269,32752,10,-0.184,19391,6,11.109,27521,9,17.369,17314,6
3864,E01003823,Richmond upon Thames 023B,E09000027,Richmond upon Thames,7.241,28018,9,0.033,30262,10,0.021,32110,10,0.69,32349,10,-2.096,32673,10,0.375,10807,4,23.782,12364,4,26.206,11042,4
3865,E01003824,Richmond upon Thames 023C,E09000027,Richmond upon Thames,4.594,30910,10,0.042,28096,9,0.036,28973,9,0.564,32469,10,-1.356,31142,10,-0.243,20242,7,8.827,29658,10,21.167,14429,5
3866,E01003825,Richmond upon Thames 023D,E09000027,Richmond upon Thames,3.249,32070,10,0.033,30232,10,0.031,30331,10,1.107,31893,10,-1.831,32434,10,-0.714,26377,9,11.956,26611,9,17.784,16986,6
3867,E01003826,Richmond upon Thames 023E,E09000027,Richmond upon Thames,22.898,12129,4,0.164,9291,3,0.135,8017,3,16.111,16483,6,0.188,13223,5,0.097,15171,5,18.388,18623,6,21.447,14225,5
3868,E01003827,Richmond upon Thames 023F,E09000027,Richmond upon Thames,8.485,26433,9,0.07,21469,7,0.056,22810,7,4.457,27969,9,-1.25,30595,10,-0.204,19676,6,15.142,22817,7,22.898,13204,5
3869,E01003828,Richmond upon Thames 020A,E09000027,Richmond upon Thames,6.069,29370,9,0.041,28366,9,0.041,27480,9,2.34,30487,10,-1.432,31467,10,-0.09,17989,6,20.707,15829,5,16.376,18078,6
3870,E01003829,Richmond upon Thames 020B,E09000027,Richmond upon Thames,26.698,9764,3,0.167,9018,3,0.141,7409,3,17.264,15626,5,0.354,10924,4,0.38,10741,4,28.24,8233,3,22.688,13349,5
3871,E01003830,Richmond upon Thames 020C,E09000027,Richmond upon Thames,9.449,25199,8,0.066,22455,7,0.057,22440,7,2.685,30116,10,-1.206,30329,10,-0.251,20358,7,23.015,13188,5,25.001,11781,4
3872,E01003831,Richmond upon Thames 020D,E09000027,Richmond upon Thames,10.154,24306,8,0.057,24367,8,0.041,27634,9,4.781,27573,9,-0.897,27954,9,0.709,6401,2,24.292,11830,4,15.816,18572,6
3873,E01003832,Richmond upon Thames 020E,E09000027,Richmond upon Thames,37.019,5206,2,0.234,4786,2,0.213,2580,1,27.401,9648,3,0.471,9446,3,0.28,12239,4,35.498,3856,2,14.348,19820,7
3874,E01003833,Richmond upon Thames 020F,E09000027,Richmond upon Thames,16.556,17419,6,0.119,13829,5,0.085,15217,5,11.561,20368,7,-0.545,23988,8,0.135,14569,5,29.324,7420,3,14.226,19923,7
3875,E01003834,Richmond upon Thames 022A,E09000027,Richmond upon Thames,7.292,27946,9,0.048,26751,9,0.041,27663,9,2.894,29863,10,-1.062,29306,9,-0.051,17445,6,20.066,16571,6,23.373,12864,4
3876,E01003835,Richmond upon Thames 022B,E09000027,Richmond upon Thames,4.465,31040,10,0.024,31700,10,0.034,29563,10,0.3,32684,10,-2.107,32677,10,-0.167,19152,6,9.88,28708,9,26.381,10936,4
3877,E01003836,Richmond upon Thames 022C,E09000027,Richmond upon Thames,12.983,21069,7,0.093,17444,6,0.085,15285,5,3.588,29024,9,-0.663,25500,8,0.137,14534,5,17.939,19216,6,22.761,13295,5
3878,E01003837,Richmond upon Thames 022D,E09000027,Richmond upon Thames,7.835,27266,9,0.054,25095,8,0.052,24208,8,0.494,32524,10,-1.72,32247,10,0.329,11502,4,20.692,15845,5,14.694,19487,6
3879,E01003838,Richmond upon Thames 022E,E09000027,Richmond upon Thames,7.339,27892,9,0.052,25762,8,0.045,26474,9,0.862,32168,10,-1.682,32179,10,-0.208,19746,7,15.551,22287,7,31.843,7805,3
3880,E01003839,Richmond upon Thames 022F,E09000027,Richmond upon Thames,13.14,20899,7,0.105,15628,5,0.075,17401,6,4.94,27369,9,-1.451,31542,10,0.061,15731,5,23.058,13144,5,23.665,12659,4
3881,E01003840,Richmond upon Thames 013A,E09000027,Richmond upon Thames,14.808,19113,6,0.112,14638,5,0.067,19581,6,8.168,23763,8,-1.108,29660,10,0.203,13432,5,28.319,8176,3,23.776,12582,4
3882,E01003841,Richmond upon Thames 013B,E09000027,Richmond upon Thames,26.04,10173,4,0.189,7357,3,0.117,10056,4,22.116,12461,4,-0.016,16245,5,0.167,14062,5,32.525,5362,2,23.181,13002,4
3883,E01003842,Richmond upon Thames 013C,E09000027,Richmond upon Thames,20.358,14040,5,0.126,12960,4,0.103,12062,4,18.135,15044,5,-0.172,18700,6,0.393,10558,4,19.289,17526,6,30.361,8596,3
3884,E01003843,Richmond upon Thames 013D,E09000027,Richmond upon Thames,15.73,18212,6,0.12,13678,5,0.092,14003,5,13.067,18980,6,-1.118,29728,10,-0.395,22389,7,25.754,10402,4,21.689,14051,5
3885,E01003844,Richmond upon Thames 013E,E09000027,Richmond upon Thames,9.207,25517,8,0.051,25902,8,0.064,20313,7,3.2,29502,9,-1.052,29234,9,0.294,12014,4,13.058,25324,8,25.627,11394,4
3886,E01003845,Richmond upon Thames 013F,E09000027,Richmond upon Thames,9.314,25364,8,0.057,24536,8,0.056,22803,7,9.232,22641,7,-1.377,31251,10,0.174,13932,5,19.416,17374,6,19.414,15738,5
3887,E01003846,Richmond upon Thames 002A,E09000027,Richmond upon Thames,4.171,31335,10,0.018,32387,10,0.014,32637,10,0.039,32841,10,-2.735,32827,10,-0.379,22158,7,7.948,30363,10,32.448,7491,3
3888,E01003847,Richmond upon Thames 002B,E09000027,Richmond upon Thames,6.72,28640,9,0.049,26497,9,0.03,30530,10,2.141,30735,10,-1.912,32530,10,-0.044,17343,6,17.373,19958,7,29.132,9304,3
3889,E01003848,Richmond upon Thames 004A,E09000027,Richmond upon Thames,11.354,22916,7,0.073,20836,7,0.055,22975,7,3.176,29537,9,-1.247,30584,10,0.342,11286,4,17.584,19679,6,34.477,6479,2
3890,E01003849,Richmond upon Thames 002C,E09000027,Richmond upon Thames,8.448,26496,9,0.05,26242,8,0.056,22634,7,0.403,32606,10,-1.362,31173,10,0.099,15146,5,12.132,26427,9,32.94,7231,3
3891,E01003851,Richmond upon Thames 002D,E09000027,Richmond upon Thames,5.879,29595,10,0.019,32322,10,0.019,32338,10,0.113,32810,10,-2.241,32742,10,0.415,10224,4,11.601,27019,9,30.881,8322,3
3892,E01003852,Richmond upon Thames 003A,E09000027,Richmond upon Thames,13.631,20334,7,0.075,20417,7,0.049,25127,8,0.508,32513,10,-1.347,31099,10,1.043,3200,1,20.394,16189,5,34.905,6288,2
3893,E01003853,Richmond upon Thames 003B,E09000027,Richmond upon Thames,11.466,22779,7,0.084,18833,6,0.076,17354,6,3.677,28908,9,-1.067,29348,9,0.075,15506,5,16.705,20809,7,24.812,11897,4
3894,E01003854,Richmond upon Thames 003C,E09000027,Richmond upon Thames,7.824,27287,9,0.052,25596,8,0.041,27496,9,3.008,29731,10,-1.623,32045,10,0.404,10380,4,14.14,24060,8,25.547,11444,4
3895,E01003855,Richmond upon Thames 003D,E09000027,Richmond upon Thames,19.172,15099,5,0.16,9640,3,0.109,11171,4,11.254,20666,7,-0.661,25481,8,0.204,13429,5,22.147,14158,5,20.994,14569,5
3896,E01003856,Richmond upon Thames 003E,E09000027,Richmond upon Thames,6.295,29104,9,0.063,23125,8,0.038,28435,9,1.272,31709,10,-1.553,31853,10,-0.41,22570,7,14.293,23887,8,24.67,11987,4
3897,E01003857,Richmond upon Thames 003F,E09000027,Richmond upon Thames,5.533,29987,10,0.048,26658,9,0.038,28547,9,3.103,29612,10,-1.808,32391,10,-0.526,24128,8,13.623,24665,8,24.954,11812,4
3898,E01003858,Richmond upon Thames 003G,E09000027,Richmond upon Thames,3.877,31608,10,0.024,31705,10,0.018,32383,10,0.162,32785,10,-1.562,31888,10,-0.424,22759,7,7.909,30396,10,28.844,9473,3
3899,E01003859,Richmond upon Thames 005E,E09000027,Richmond upon Thames,6.736,28619,9,0.045,27447,9,0.032,30255,10,0.275,32706,10,-1.544,31830,10,0.049,15903,5,11.866,26700,9,34.246,6577,3
3900,E01003860,Richmond upon Thames 002E,E09000027,Richmond upon Thames,9.269,25436,8,0.057,24428,8,0.053,23806,8,0.121,32806,10,-1.598,31976,10,0.314,11732,4,17.658,19579,6,30.382,8590,3
3901,E01003861,Richmond upon Thames 004C,E09000027,Richmond upon Thames,8.226,26791,9,0.065,22560,7,0.04,27773,9,1.266,31715,10,-1.349,31107,10,0.024,16314,5,20.327,16255,5,25.847,11262,4
3902,E01003862,Richmond upon Thames 004D,E09000027,Richmond upon Thames,17.786,16325,5,0.108,15246,5,0.09,14194,5,3.297,29382,9,-0.63,25093,8,0.679,6742,3,20.715,15820,5,36.472,5595,2
3903,E01003863,Richmond upon Thames 004E,E09000027,Richmond upon Thames,18.695,15504,5,0.136,11899,4,0.105,11795,4,0.97,32050,10,-0.668,25565,8,0.441,9906,4,16.791,20697,7,39.18,4556,2
3904,E01003864,Richmond upon Thames 002F,E09000027,Richmond upon Thames,7.131,28154,9,0.044,27758,9,0.038,28383,9,1.439,31534,10,-1.475,31620,10,-0.108,18252,6,21.571,14817,5,27.073,10496,4
3905,E01003865,Richmond upon Thames 004F,E09000027,Richmond upon Thames,11.466,22780,7,0.083,19097,6,0.064,20260,7,3.042,29682,10,-1.053,29239,9,-0.032,17163,6,23.812,12338,4,25.23,11634,4
3906,E01003866,Richmond upon Thames 007A,E09000027,Richmond upon Thames,3.804,31675,10,0.01,32788,10,0.013,32672,10,0.104,32817,10,-2.334,32772,10,-0.677,25959,8,6.91,31030,10,32.946,7227,3
3907,E01003867,Richmond upon Thames 011A,E09000027,Richmond upon Thames,11.779,22428,7,0.069,21692,7,0.061,21259,7,1.513,31438,10,-1.017,28969,9,0.277,12292,4,24.714,11415,4,29.422,9137,3
3908,E01003868,Richmond upon Thames 007B,E09000027,Richmond upon Thames,5.583,29924,10,0.032,30459,10,0.026,31518,10,0.065,32831,10,-1.63,32060,10,0.043,15992,5,8.838,29647,10,33.263,7076,3
3909,E01003869,Richmond upon Thames 011B,E09000027,Richmond upon Thames,5.06,30455,10,0.027,31360,10,0.022,32022,10,0.329,32665,10,-1.56,31879,10,-0.003,16730,6,16.477,21074,7,25.836,11271,4
3910,E01003870,Richmond upon Thames 011C,E09000027,Richmond upon Thames,5.807,29667,10,0.027,31298,10,0.024,31817,10,0.303,32682,10,-1.894,32517,10,-0.143,18779,6,17.201,20179,7,33.026,7192,3
3911,E01003871,Richmond upon Thames 007C,E09000027,Richmond upon Thames,4.824,30677,10,0.041,28344,9,0.03,30651,10,0.47,32543,10,-1.808,32392,10,-0.415,22635,7,10.063,28539,9,28.646,9591,3
3912,E01003872,Richmond upon Thames 007D,E09000027,Richmond upon Thames,7.634,27501,9,0.042,28085,9,0.034,29576,10,0.189,32771,10,-1.804,32386,10,0.529,8683,3,12.417,26105,8,31.902,7771,3
3913,E01003873,Richmond upon Thames 006A,E09000027,Richmond upon Thames,7.46,27732,9,0.046,27140,9,0.029,30931,10,0.073,32826,10,-1.65,32105,10,0.412,10263,4,16.384,21187,7,30.111,8737,3
3914,E01003874,Richmond upon Thames 006B,E09000027,Richmond upon Thames,5.246,30274,10,0.036,29645,10,0.028,31085,10,0.282,32700,10,-1.652,32109,10,-0.58,24850,8,15.3,22625,7,31.827,7811,3
3915,E01003875,Richmond upon Thames 006C,E09000027,Richmond upon Thames,7.33,27905,9,0.063,23000,8,0.046,26105,8,0.634,32407,10,-1.758,32317,10,0.153,14258,5,12.424,26092,8,23.85,12525,4
3916,E01003876,Richmond upon Thames 008B,E09000027,Richmond upon Thames,6.706,28654,9,0.034,30013,10,0.025,31635,10,0.098,32821,10,-1.932,32549,10,0.213,13282,5,19.316,17498,6,30.477,8537,3
3917,E01003877,Richmond upon Thames 008C,E09000027,Richmond upon Thames,6.021,29443,9,0.04,28624,9,0.038,28557,9,0.84,32198,10,-1.668,32146,10,-0.386,22246,7,15.587,22238,7,30.709,8404,3
3918,E01003878,Richmond upon Thames 006D,E09000027,Richmond upon Thames,19.583,14734,5,0.164,9306,3,0.121,9623,3,7.442,24546,8,-0.253,19915,7,0.126,14718,5,20.395,16185,5,18.379,16536,6
3919,E01003879,Richmond upon Thames 008D,E09000027,Richmond upon Thames,5.901,29573,10,0.025,31669,10,0.016,32517,10,0.586,32454,10,-2.577,32811,10,0.076,15475,5,17.577,19687,6,31.705,7879,3
3920,E01003880,Richmond upon Thames 016A,E09000027,Richmond upon Thames,6.098,29338,9,0.048,26648,9,0.031,30307,10,0.438,32574,10,-1.543,31824,10,-0.205,19695,6,8.901,29590,10,33.385,7013,3
3921,E01003881,Richmond upon Thames 016B,E09000027,Richmond upon Thames,4.598,30902,10,0.028,31214,10,0.023,31929,10,0.849,32185,10,-1.835,32448,10,-1.103,29860,10,22.583,13661,5,24.184,12300,4
3922,E01003882,Richmond upon Thames 014A,E09000027,Richmond upon Thames,6.198,29211,9,0.035,29821,10,0.045,26439,9,0.138,32801,10,-1.378,31252,10,-0.239,20180,7,11.034,27595,9,32.309,7568,3
3923,E01003883,Richmond upon Thames 014B,E09000027,Richmond upon Thames,4.784,30722,10,0.043,27863,9,0.034,29693,10,1.128,31872,10,-0.962,28522,9,-1.195,30432,10,12.325,26195,8,26.122,11100,4
3924,E01003884,Richmond upon Thames 016C,E09000027,Richmond upon Thames,5.571,29942,10,0.044,27722,9,0.042,27198,9,0.403,32604,10,-1.395,31317,10,0.082,15378,5,11.579,27045,9,19.699,15517,5
3925,E01003885,Richmond upon Thames 016D,E09000027,Richmond upon Thames,6.094,29344,9,0.043,27955,9,0.036,28991,9,0.679,32362,10,-1.495,31685,10,0.296,11985,4,11.548,27084,9,23.381,12857,4
3926,E01003886,Richmond upon Thames 021A,E09000027,Richmond upon Thames,3.466,31939,10,0.027,31276,10,0.03,30629,10,0.458,32552,10,-2.095,32672,10,-0.541,24339,8,11.834,26738,9,21.424,14247,5
3927,E01003887,Richmond upon Thames 021B,E09000027,Richmond upon Thames,4.573,30928,10,0.026,31429,10,0.026,31435,10,0.418,32589,10,-1.724,32254,10,-0.443,23035,8,11.106,27524,9,31.413,8048,3
3928,E01003888,Richmond upon Thames 021C,E09000027,Richmond upon Thames,13.591,20383,7,0.115,14313,5,0.091,14141,5,3.63,28964,9,-0.388,21964,7,-0.894,28181,9,19.603,17136,6,21.905,13908,5
3929,E01003889,Richmond upon Thames 021D,E09000027,Richmond upon Thames,4.826,30675,10,0.017,32469,10,0.016,32539,10,0.141,32794,10,-1.783,32354,10,-0.091,18006,6,22.541,13710,5,19.705,15510,5
3930,E01003890,Richmond upon Thames 018C,E09000027,Richmond upon Thames,6.593,28798,9,0.045,27308,9,0.033,30000,10,0.654,32388,10,-1.662,32135,10,-0.715,26385,9,22.599,13640,5,30.25,8658,3
3931,E01003891,Richmond upon Thames 018D,E09000027,Richmond upon Thames,2.666,32410,10,0.029,30934,10,0.03,30536,10,0.572,32463,10,-2.048,32644,10,-1.196,30440,10,12.678,25790,8,16.464,18012,6
3932,E01003892,Richmond upon Thames 009A,E09000027,Richmond upon Thames,3.779,31691,10,0.022,32000,10,0.022,31979,10,0.596,32445,10,-1.902,32524,10,-0.625,25376,8,19.145,17684,6,19.935,15339,5
3933,E01003893,Richmond upon Thames 009B,E09000027,Richmond upon Thames,6.7,28660,9,0.037,29424,9,0.031,30407,10,0.412,32599,10,-1.658,32123,10,-0.478,23468,8,19.184,17639,6,36.37,5639,2
3934,E01003894,Richmond upon Thames 009C,E09000027,Richmond upon Thames,4.823,30678,10,0.032,30430,10,0.024,31830,10,0.063,32833,10,-1.924,32540,10,-0.117,18389,6,11.786,26788,9,28.863,9464,3
3935,E01003895,Richmond upon Thames 009D,E09000027,Richmond upon Thames,8.016,27050,9,0.051,25976,8,0.036,29110,9,0.685,32357,10,-1.804,32384,10,0.125,14727,5,14.699,23402,8,36.927,5421,2
3936,E01003896,Richmond upon Thames 014C,E09000027,Richmond upon Thames,7.551,27626,9,0.033,30314,10,0.026,31431,10,1.594,31341,10,-1.759,32319,10,0.156,14225,5,15.728,22036,7,39.593,4397,2
3937,E01003897,Richmond upon Thames 014D,E09000027,Richmond upon Thames,8.295,26696,9,0.057,24399,8,0.039,28074,9,0.397,32612,10,-1.176,30142,10,0.216,13248,5,18.182,18888,6,29.134,9303,3
3938,E01003898,Richmond upon Thames 015A,E09000027,Richmond upon Thames,7.887,27203,9,0.065,22641,7,0.043,27077,9,1.019,32000,10,-0.996,28787,9,-0.01,16846,6,9.249,29300,9,31.044,8230,3
3939,E01003899,Richmond upon Thames 015B,E09000027,Richmond upon Thames,5.147,30374,10,0.038,29005,9,0.032,30027,10,0.729,32311,10,-1.456,31560,10,-0.295,20963,7,10.162,28451,9,29.179,9282,3
3940,E01003900,Richmond upon Thames 015C,E09000027,Richmond upon Thames,21.164,13430,5,0.145,10963,4,0.116,10229,4,10.552,21311,7,-0.222,19458,6,0.582,7959,3,23.149,13038,4,23.031,13106,4
3941,E01003901,Richmond upon Thames 015D,E09000027,Richmond upon Thames,7.055,28252,9,0.035,29802,10,0.031,30422,10,2.395,30419,10,-1.309,30895,10,0.035,16132,5,24.271,11856,4,24.796,11914,4
3942,E01003902,Richmond upon Thames 015E,E09000027,Richmond upon Thames,5.894,29580,10,0.038,28998,9,0.043,26942,9,1.805,31096,10,-1.55,31842,10,-0.529,24169,8,10.566,28072,9,31.982,7726,3
3943,E01003903,Richmond upon Thames 015F,E09000027,Richmond upon Thames,13.193,20852,7,0.076,20291,7,0.046,26078,8,9.257,22618,7,-1.261,30661,10,0.768,5754,2,22.537,13714,5,30.309,8624,3
3944,E01003904,Richmond upon Thames 015G,E09000027,Richmond upon Thames,10.731,23624,8,0.075,20433,7,0.06,21566,7,2.805,29975,10,-1.028,29053,9,-0.008,16811,6,24.374,11745,4,23.356,12879,4
3945,E01003905,Richmond upon Thames 010A,E09000027,Richmond upon Thames,7.581,27587,9,0.063,23057,8,0.037,28870,9,3.97,28572,9,-0.785,26849,9,-0.181,19357,6,15.147,22810,7,25.481,11488,4
3946,E01003906,Richmond upon Thames 010B,E09000027,Richmond upon Thames,12.068,22093,7,0.084,18827,6,0.058,22086,7,7.221,24779,8,-0.749,26445,9,-0.305,21123,7,15.716,22058,7,38.304,4884,2
3947,E01003907,Richmond upon Thames 010C,E09000027,Richmond upon Thames,20.973,13572,5,0.141,11319,4,0.101,12385,4,18.963,14424,5,-0.34,21287,7,0.18,13852,5,31.904,5715,2,17.908,16896,6
3948,E01003908,Richmond upon Thames 010D,E09000027,Richmond upon Thames,6.907,28447,9,0.043,27832,9,0.032,30041,10,2.817,29961,10,-1.72,32248,10,0.258,12601,4,17.4,19926,7,25.611,11401,4
3949,E01003909,Richmond upon Thames 010E,E09000027,Richmond upon Thames,7.634,27502,9,0.054,25279,8,0.041,27712,9,3.023,29706,10,-1.562,31891,10,0.174,13935,5,15.122,22831,7,27.845,10048,4
3950,E01003910,Richmond upon Thames 011D,E09000027,Richmond upon Thames,6.487,28889,9,0.036,29464,9,0.036,29161,9,3.347,29316,9,-1.537,31810,10,-0.256,20434,7,24.534,11601,4,20.994,14568,5
3951,E01033570,Richmond upon Thames 004G,E09000027,Richmond upon Thames,15.262,18671,6,0.088,18229,6,0.045,26295,9,6.815,25238,8,-1.402,31350,10,0.229,13057,4,35.285,3947,2,38.235,4909,2
3952,E01033571,Richmond upon Thames 004H,E09000027,Richmond upon Thames,13.495,20497,7,0.091,17680,6,0.08,16340,5,3.279,29407,9,-0.848,27486,9,0.369,10892,4,19.755,16938,6,25.684,11359,4
3953,E01003911,Southwark 020A,E09000028,Southwark,29.823,8105,3,0.213,5933,2,0.126,8968,3,13.037,19007,6,0.077,14848,5,0.238,12896,4,38.514,2652,1,36.017,5797,2
3954,E01003912,Southwark 019A,E09000028,Southwark,40.627,4076,2,0.286,2677,1,0.182,4152,2,19.247,14225,5,0.905,5010,2,0.454,9701,3,37.044,3184,1,29.163,9293,3
3955,E01003913,Southwark 024A,E09000028,Southwark,19.198,15082,5,0.118,13992,5,0.091,14156,5,4.43,28001,9,-0.085,17334,6,0.46,9627,3,28.782,7833,3,29.106,9318,3
3956,E01003914,Southwark 024B,E09000028,Southwark,21.514,13168,5,0.137,11828,4,0.085,15306,5,6.906,25139,8,0.033,15499,5,0.162,14139,5,28.261,8216,3,43.693,3241,1
3957,E01003915,Southwark 024C,E09000028,Southwark,28.036,9013,3,0.19,7305,3,0.128,8771,3,9.693,22165,7,0.21,12923,4,0.146,14374,5,39.668,2299,1,29.796,8931,3
3958,E01003916,Southwark 020B,E09000028,Southwark,24.749,10919,4,0.165,9217,3,0.083,15610,5,7.773,24176,8,0.011,15830,5,0.565,8197,3,34.255,4451,2,41.484,3802,2
3959,E01003917,Southwark 020C,E09000028,Southwark,30.163,7948,3,0.215,5810,2,0.122,9464,3,10.698,21183,7,0.403,10289,4,0.809,5316,2,32.963,5102,2,30.226,8679,3
3960,E01003918,Southwark 020D,E09000028,Southwark,34.58,6042,2,0.239,4544,2,0.134,8053,3,14.908,17415,6,0.043,15345,5,1.251,1968,1,35.354,3912,2,34.982,6247,2
3961,E01003919,Southwark 021A,E09000028,Southwark,23.585,11638,4,0.109,15006,5,0.078,16761,6,7.025,25023,8,-0.302,20684,7,1.144,2557,1,32.524,5366,2,45.852,2706,1
3962,E01003920,Southwark 021B,E09000028,Southwark,32.296,6969,3,0.237,4661,2,0.152,6387,2,10.248,21593,7,0.275,11968,4,0.401,10430,4,36.106,3579,2,32.696,7358,3
3963,E01003921,Southwark 021C,E09000028,Southwark,39.685,4355,2,0.19,7314,3,0.164,5394,2,17.499,15464,5,1.058,3818,2,1.236,2055,1,33.789,4684,2,44.695,2972,1
3964,E01003922,Southwark 021D,E09000028,Southwark,30.64,7717,3,0.204,6446,2,0.1,12557,4,9.807,22033,7,0.27,12062,4,1.071,2989,1,35.4,3893,2,39.486,4430,2
3965,E01003923,Southwark 017A,E09000028,Southwark,26.667,9783,3,0.172,8662,3,0.107,11406,4,9.669,22193,7,0.0,16019,5,0.616,7498,3,34.829,4155,2,38.201,4921,2
3966,E01003924,Southwark 021E,E09000028,Southwark,31.183,7459,3,0.206,6314,2,0.132,8221,3,18.573,14719,5,0.27,12054,4,0.316,11701,4,40.819,1964,1,29.503,9096,3
3967,E01003925,Southwark 020E,E09000028,Southwark,32.72,6790,3,0.21,6060,2,0.138,7695,3,15.693,16835,6,0.316,11415,4,0.195,13601,5,32.464,5395,2,52.945,1452,1
3968,E01003926,Southwark 021F,E09000028,Southwark,31.441,7330,3,0.225,5254,2,0.114,10527,4,13.09,18955,6,0.38,10582,4,0.664,6929,3,34.725,4207,2,38.71,4717,2
3969,E01003927,Southwark 002A,E09000028,Southwark,16.421,17545,6,0.087,18437,6,0.047,25684,8,3.94,28607,9,-0.05,16787,6,-0.475,23429,8,35.145,4027,2,43.891,3183,1
3970,E01003929,Southwark 002B,E09000028,Southwark,22.973,12077,4,0.123,13362,5,0.083,15626,5,12.124,19838,7,-0.068,17064,6,0.207,13383,5,31.89,5728,2,49.593,1977,1
3971,E01003930,Southwark 034A,E09000028,Southwark,28.921,8533,3,0.116,14139,5,0.103,12024,4,19.835,13869,5,0.277,11944,4,0.874,4646,2,30.886,6360,2,54.831,1206,1
3972,E01003932,Southwark 034B,E09000028,Southwark,38.967,4581,2,0.248,4117,2,0.182,4195,2,11.597,20327,7,0.828,5654,2,0.356,11084,4,36.607,3364,2,44.184,3103,1
3973,E01003933,Southwark 034C,E09000028,Southwark,33.607,6417,2,0.155,10051,4,0.089,14520,5,12.752,19265,6,0.647,7417,3,1.56,898,1,30.849,6390,2,58.94,779,1
3974,E01003934,Southwark 002C,E09000028,Southwark,18.616,15563,5,0.118,13969,5,0.075,17577,6,3.1,29616,10,-0.128,18030,6,-0.804,27337,9,33.25,4961,2,43.465,3309,2
3975,E01003935,Southwark 002D,E09000028,Southwark,21.011,13553,5,0.153,10187,4,0.077,16903,6,10.474,21382,7,0.497,9141,3,-0.754,26822,9,32.882,5151,2,26.374,10941,4
3976,E01003936,Southwark 009A,E09000028,Southwark,14.247,19694,6,0.02,32242,10,0.01,32748,10,22.774,12049,4,-0.592,24603,8,-0.356,21834,7,29.711,7172,3,53.205,1412,1
3977,E01003937,Southwark 009B,E09000028,Southwark,24.291,11190,4,0.077,20157,7,0.038,28564,9,2.742,30044,10,0.253,12296,4,0.883,4559,2,36.742,3302,2,73.995,44,1
3978,E01003938,Southwark 006A,E09000028,Southwark,31.171,7465,3,0.23,4984,2,0.125,9127,3,5.225,27062,9,0.314,11441,4,0.502,9057,3,40.609,2022,1,33.767,6816,3
3979,E01003939,Southwark 002E,E09000028,Southwark,20.471,13960,5,0.116,14184,5,0.062,20889,7,4.182,28310,9,0.253,12294,4,-0.004,16746,6,38.906,2517,1,37.911,5022,2
3980,E01003940,Southwark 006B,E09000028,Southwark,33.392,6510,2,0.276,3016,1,0.147,6814,3,10.543,21317,7,0.241,12494,4,0.346,11221,4,36.359,3480,2,29.572,9061,3
3981,E01003941,Southwark 006C,E09000028,Southwark,18.245,15923,5,0.106,15499,5,0.056,22854,7,4.169,28323,9,-0.159,18525,6,0.587,7899,3,33.441,4851,2,35.297,6098,2
3982,E01003942,Southwark 006D,E09000028,Southwark,31.341,7382,3,0.21,6074,2,0.137,7743,3,9.315,22557,7,0.622,7688,3,0.733,6133,2,31.956,5687,2,31.947,7746,3
3983,E01003943,Southwark 009C,E09000028,Southwark,40.136,4225,2,0.261,3544,2,0.168,5106,2,13.485,18606,6,0.437,9858,4,1.528,974,1,35.253,3965,2,34.588,6438,2
3984,E01003945,Southwark 033A,E09000028,Southwark,16.412,17553,6,0.078,19891,7,0.06,21442,7,2.872,29892,10,-0.424,22436,7,0.715,6334,2,35.889,3686,2,26.89,10627,4
3985,E01003946,Southwark 033B,E09000028,Southwark,17.006,16984,6,0.088,18200,6,0.071,18459,6,5.69,26509,9,-0.416,22322,7,0.895,4436,2,26.207,9982,4,29.238,9256,3
3986,E01003947,Southwark 033C,E09000028,Southwark,36.138,5479,2,0.304,2081,1,0.172,4811,2,14.764,17537,6,0.789,6006,2,-0.198,19587,6,32.183,5540,2,18.156,16688,6
3987,E01003948,Southwark 033D,E09000028,Southwark,17.282,16743,6,0.102,16049,5,0.07,18666,6,1.478,31477,10,-0.149,18374,6,0.636,7249,3,31.421,6013,2,25.689,11355,4
3988,E01003949,Southwark 032A,E09000028,Southwark,17.081,16916,6,0.102,16072,5,0.077,16969,6,3.34,29329,9,-0.07,17096,6,0.006,16584,6,30.99,6280,2,31.212,8151,3
3989,E01003950,Southwark 032B,E09000028,Southwark,27.465,9317,3,0.189,7361,3,0.136,7838,3,13.64,18473,6,0.05,15227,5,0.159,14177,5,35.402,3892,2,28.259,9808,3
3990,E01003951,Southwark 033E,E09000028,Southwark,16.049,17898,6,0.066,22466,7,0.068,19281,6,3.472,29162,9,-0.231,19591,6,0.619,7456,3,32.123,5565,2,29.837,8912,3
3991,E01003952,Southwark 030A,E09000028,Southwark,15.594,18363,6,0.092,17619,6,0.067,19573,6,2.382,30434,10,-0.25,19874,7,0.299,11946,4,21.868,14483,5,40.028,4253,2
3992,E01003953,Southwark 028A,E09000028,Southwark,18.641,15542,5,0.096,16959,6,0.072,18226,6,3.412,29241,9,0.208,12952,4,0.262,12520,4,26.245,9943,4,42.774,3459,2
3993,E01003954,Southwark 030B,E09000028,Southwark,17.262,16753,6,0.095,17192,6,0.062,20987,7,3.266,29422,9,0.066,14997,5,0.237,12914,4,20.635,15900,5,48.744,2125,1
3994,E01003955,Southwark 028B,E09000028,Southwark,18.283,15889,5,0.107,15398,5,0.088,14737,5,4.941,27367,9,0.329,11223,4,0.026,16291,5,23.255,12922,4,32.832,7274,3
3995,E01003956,Southwark 030C,E09000028,Southwark,11.825,22374,7,0.077,20098,7,0.054,23410,8,1.517,31429,10,-0.332,21154,7,-0.154,18942,6,19.639,17084,6,36.064,5780,2
3996,E01003957,Southwark 032C,E09000028,Southwark,14.122,19823,7,0.092,17536,6,0.061,21117,7,4.522,27881,9,-0.119,17875,6,-0.073,17743,6,22.651,13580,5,33.227,7087,3
3997,E01003958,Southwark 032D,E09000028,Southwark,16.322,17627,6,0.098,16635,6,0.073,17928,6,4.732,27636,9,-0.126,17991,6,0.035,16142,5,22.851,13371,5,39.12,4580,2
3998,E01003960,Southwark 012A,E09000028,Southwark,27.356,9373,3,0.145,10965,4,0.079,16593,6,6.356,25770,8,0.159,13627,5,0.789,5538,2,37.546,2997,1,54.416,1252,1
3999,E01003961,Southwark 012B,E09000028,Southwark,37.844,4927,2,0.251,3979,2,0.163,5513,2,17.708,15331,5,0.634,7561,3,0.744,6007,2,32.67,5284,2,41.67,3752,2
4000,E01003963,Southwark 016A,E09000028,Southwark,39.212,4510,2,0.278,2933,1,0.177,4523,2,19.56,14046,5,0.575,8233,3,0.75,5950,2,34.463,4336,2,32.215,7607,3
4001,E01003964,Southwark 015A,E09000028,Southwark,35.378,5759,2,0.191,7268,3,0.134,8021,3,18.073,15091,5,0.02,15704,5,1.338,1587,1,32.608,5322,2,54.2,1286,1
4002,E01003966,Southwark 015B,E09000028,Southwark,33.346,6529,2,0.206,6321,2,0.115,10365,4,17.675,15351,5,0.495,9153,3,1.007,3468,2,34.016,4568,2,41.698,3743,2
4003,E01003967,Southwark 016B,E09000028,Southwark,31.354,7376,3,0.176,8322,3,0.122,9414,3,18.574,14717,5,0.211,12916,4,0.702,6486,2,40.659,2006,1,38.172,4930,2
4004,E01003968,Southwark 015C,E09000028,Southwark,46.579,2741,1,0.356,935,1,0.178,4403,2,21.521,12845,4,0.742,6440,2,0.801,5407,2,39.644,2306,1,33.657,6868,3
4005,E01003969,Southwark 017B,E09000028,Southwark,24.1,11322,4,0.144,11099,4,0.072,18139,6,11.008,20880,7,-0.318,20934,7,0.831,5101,2,31.786,5788,2,48.16,2223,1
4006,E01003970,Southwark 016C,E09000028,Southwark,38.992,4575,2,0.264,3422,2,0.126,8953,3,20.67,13349,5,0.297,11681,4,1.594,798,1,34.334,4406,2,40.207,4194,2
4007,E01003971,Southwark 015D,E09000028,Southwark,50.411,2115,1,0.382,574,1,0.188,3793,2,20.119,13701,5,0.541,8615,3,1.271,1874,1,36.101,3582,2,43.392,3325,2
4008,E01003972,Southwark 016D,E09000028,Southwark,27.729,9184,3,0.179,8123,3,0.098,12921,4,13.028,19015,6,0.232,12630,4,0.514,8882,3,35.443,3872,2,40.759,4028,2
4009,E01003973,Southwark 016E,E09000028,Southwark,29.812,8110,3,0.192,7201,3,0.11,10979,4,20.795,13273,5,0.323,11295,4,0.718,6309,2,33.478,4827,2,33.971,6701,3
4010,E01003974,Southwark 015E,E09000028,Southwark,35.37,5766,2,0.248,4157,2,0.132,8244,3,22.664,12128,4,0.095,14593,5,0.943,3999,2,34.386,4376,2,40.134,4221,2
4011,E01003975,Southwark 004A,E09000028,Southwark,31.043,7524,3,0.228,5115,2,0.129,8685,3,19.349,14168,5,0.095,14604,5,0.645,7140,3,36.194,3540,2,26.662,10775,4
4012,E01003976,Southwark 003A,E09000028,Southwark,30.428,7826,3,0.177,8274,3,0.091,14028,5,13.23,18846,6,0.515,8927,3,0.708,6414,2,33.763,4698,2,52.997,1442,1
4013,E01003977,Southwark 010A,E09000028,Southwark,27.452,9324,3,0.17,8765,3,0.116,10238,4,17.339,15578,5,0.359,10865,4,0.32,11636,4,33.518,4806,2,33.045,7179,3
4014,E01003978,Southwark 004B,E09000028,Southwark,22.926,12106,4,0.149,10558,4,0.073,18001,6,11.423,20494,7,-0.26,20036,7,0.189,13686,5,35.146,4026,2,45.825,2710,1
4015,E01003979,Southwark 006E,E09000028,Southwark,29.514,8253,3,0.166,9148,3,0.107,11412,4,11.408,20512,7,0.887,5169,2,0.612,7566,3,35.049,4070,2,34.892,6293,2
4016,E01003980,Southwark 013A,E09000028,Southwark,32.853,6731,3,0.205,6379,2,0.135,7952,3,14.805,17504,6,0.77,6176,2,0.571,8121,3,30.65,6499,2,40.796,4018,2
4017,E01003981,Southwark 006F,E09000028,Southwark,26.493,9885,4,0.107,15373,5,0.067,19653,6,15.97,16611,6,0.599,7934,3,0.947,3956,2,37.749,2915,1,41.484,3801,2
4018,E01003983,Southwark 018A,E09000028,Southwark,31.14,7479,3,0.233,4831,2,0.146,6929,3,23.385,11682,4,-0.192,19020,6,0.342,11283,4,34.01,4570,2,29.661,9021,3
4019,E01003984,Southwark 023A,E09000028,Southwark,35.23,5815,2,0.227,5130,2,0.123,9277,3,10.657,21212,7,0.454,9659,3,1.32,1666,1,35.85,3704,2,39.904,4290,2
4020,E01003986,Southwark 011A,E09000028,Southwark,38.146,4827,2,0.273,3102,1,0.171,4956,2,34.611,6897,3,0.389,10499,4,0.776,5673,2,30.513,6602,3,23.747,12600,4
4021,E01003987,Southwark 011B,E09000028,Southwark,34.241,6166,2,0.258,3673,2,0.154,6189,2,26.706,9969,4,0.482,9298,3,0.125,14733,5,34.958,4100,2,20.671,14783,5
4022,E01003988,Southwark 018B,E09000028,Southwark,31.655,7224,3,0.189,7372,3,0.121,9550,3,21.86,12635,4,-0.041,16644,6,0.649,7097,3,39.137,2442,1,42.307,3588,2
4023,E01003989,Southwark 018C,E09000028,Southwark,28.863,8567,3,0.214,5882,2,0.115,10378,4,17.791,15283,5,-0.35,21462,7,0.756,5878,2,37.834,2889,1,26.611,10806,4
4024,E01003990,Southwark 018D,E09000028,Southwark,31.077,7510,3,0.253,3883,2,0.145,7056,3,13.575,18526,6,0.177,13366,5,0.261,12544,4,35.018,4082,2,23.808,12554,4
4025,E01003991,Southwark 017C,E09000028,Southwark,39.26,4497,2,0.29,2521,1,0.154,6220,2,23.485,11621,4,0.824,5686,2,0.628,7353,3,33.241,4966,2,31.77,7847,3
4026,E01003992,Southwark 014A,E09000028,Southwark,32.416,6909,3,0.243,4353,2,0.144,7075,3,19.424,14131,5,0.25,12335,4,0.235,12942,4,37.415,3060,1,26.879,10632,4
4027,E01003993,Southwark 017D,E09000028,Southwark,28.38,8831,3,0.198,6800,3,0.121,9589,3,13.273,18807,6,0.236,12575,4,0.149,14312,5,38.584,2628,1,30.445,8553,3
4028,E01003994,Southwark 012E,E09000028,Southwark,35.666,5652,2,0.222,5441,2,0.136,7905,3,18.277,14941,5,0.538,8646,3,1.238,2040,1,36.21,3532,2,31.774,7845,3
4029,E01003995,Southwark 014B,E09000028,Southwark,35.076,5860,2,0.206,6296,2,0.16,5686,2,11.389,20535,7,0.887,5170,2,0.764,5787,2,31.646,5881,2,38.298,4886,2
4030,E01003997,Southwark 017E,E09000028,Southwark,30.268,7905,3,0.192,7161,3,0.108,11327,4,7.146,24886,8,0.18,13328,5,1.119,2684,1,32.028,5639,2,45.064,2880,1
4031,E01003998,Southwark 014D,E09000028,Southwark,25.146,10677,4,0.123,13382,5,0.098,12960,4,8.21,23726,8,0.321,11347,4,0.291,12065,4,30.821,6405,2,53.15,1418,1
4032,E01003999,Southwark 014E,E09000028,Southwark,24.487,11075,4,0.166,9141,3,0.098,12832,4,12.192,19772,7,-0.017,16268,5,0.402,10417,4,35.52,3844,2,30.433,8561,3
4033,E01004000,Southwark 026A,E09000028,Southwark,27.983,9040,3,0.183,7847,3,0.13,8463,3,15.492,16984,6,0.2,13061,4,0.28,12246,4,32.427,5412,2,34.428,6507,2
4034,E01004001,Southwark 026B,E09000028,Southwark,35.784,5613,2,0.248,4140,2,0.17,5011,2,18.793,14558,5,0.802,5878,2,0.232,12981,4,37.094,3169,1,21.859,13943,5
4035,E01004002,Southwark 029A,E09000028,Southwark,17.58,16486,6,0.084,18789,6,0.083,15600,5,7.079,24973,8,-0.279,20329,7,0.288,12132,4,26.163,10031,4,39.368,4471,2
4036,E01004003,Southwark 023B,E09000028,Southwark,35.58,5683,2,0.236,4732,2,0.168,5143,2,15.478,17003,6,0.595,7981,3,0.687,6641,3,37.749,2916,1,25.343,11554,4
4037,E01004004,Southwark 023C,E09000028,Southwark,31.644,7230,3,0.197,6827,3,0.125,9117,3,13.897,18256,6,0.577,8208,3,0.686,6657,3,36.722,3317,2,34.319,6544,2
4038,E01004005,Southwark 023D,E09000028,Southwark,45.149,3029,1,0.282,2802,1,0.2,3134,1,16.715,16034,5,1.141,3234,1,0.75,5943,2,38.99,2483,1,37.061,5365,2
4039,E01004006,Southwark 023E,E09000028,Southwark,26.449,9908,4,0.144,11101,4,0.087,14899,5,11.992,19944,7,0.248,12360,4,0.624,7406,3,34.334,4408,2,47.09,2438,1
4040,E01004007,Southwark 018E,E09000028,Southwark,39.431,4448,2,0.335,1316,1,0.178,4430,2,14.248,17951,6,0.459,9607,3,0.47,9479,3,34.609,4261,2,22.579,13426,5
4041,E01004008,Southwark 022B,E09000028,Southwark,34.841,5948,2,0.246,4236,2,0.155,6087,2,14.739,17555,6,0.245,12420,4,0.872,4665,2,32.65,5301,2,36.108,5769,2
4042,E01004010,Southwark 022D,E09000028,Southwark,32.313,6961,3,0.205,6372,2,0.111,10973,4,18.193,15007,5,-0.016,16243,5,1.43,1251,1,35.286,3946,2,34.002,6691,3
4043,E01004011,Southwark 019B,E09000028,Southwark,30.983,7560,3,0.23,4973,2,0.13,8484,3,12.577,19425,6,0.208,12953,4,0.281,12224,4,40.353,2096,1,30.023,8796,3
4044,E01004012,Southwark 019C,E09000028,Southwark,27.301,9413,3,0.195,6942,3,0.113,10569,4,10.62,21252,7,0.008,15887,5,0.189,13684,5,42.504,1538,1,26.796,10684,4
4045,E01004013,Southwark 019D,E09000028,Southwark,39.137,4531,2,0.28,2859,1,0.176,4575,2,12.777,19232,6,0.599,7933,3,0.83,5115,2,39.43,2365,1,26.443,10911,4
4046,E01004014,Southwark 019E,E09000028,Southwark,33.895,6313,2,0.26,3597,2,0.148,6738,3,12.598,19399,6,0.534,8697,3,-0.128,18557,6,43.638,1295,1,22.491,13482,5
4047,E01004015,Southwark 028C,E09000028,Southwark,22.806,12177,4,0.099,16470,6,0.066,19877,7,2.501,30312,10,0.413,10151,4,1.317,1679,1,25.735,10422,4,43.178,3367,2
4048,E01004016,Southwark 029B,E09000028,Southwark,20.176,14185,5,0.133,12230,4,0.096,13321,5,7.803,24145,8,-0.062,16974,6,0.124,14751,5,29.3,7439,3,31.092,8205,3
4049,E01004017,Southwark 029C,E09000028,Southwark,15.612,18340,6,0.099,16407,5,0.073,18022,6,2.626,30196,10,-0.114,17793,6,-0.01,16845,6,24.015,12124,4,34.886,6295,2
4050,E01004018,Southwark 032E,E09000028,Southwark,11.302,22986,7,0.068,21893,7,0.05,24780,8,1.533,31409,10,-0.472,23047,8,-0.2,19616,6,19.359,17442,6,39.832,4315,2
4051,E01004019,Southwark 026C,E09000028,Southwark,24.043,11364,4,0.193,7090,3,0.115,10344,4,7.823,24117,8,0.027,15602,5,-0.1,18123,6,34.424,4352,2,22.796,13266,5
4052,E01004020,Southwark 029D,E09000028,Southwark,28.028,9018,3,0.226,5205,2,0.125,9134,3,12.044,19894,7,-0.107,17695,6,-0.14,18736,6,42.951,1441,1,20.253,15097,5
4053,E01004021,Southwark 028D,E09000028,Southwark,14.812,19109,6,0.095,17155,6,0.066,19844,7,4.897,27419,9,-0.364,21650,7,-0.127,18540,6,28.391,8117,3,32.002,7709,3
4054,E01004022,Southwark 004C,E09000028,Southwark,24.603,11006,4,0.161,9547,3,0.087,14781,5,9.179,22677,7,0.033,15493,5,0.874,4649,2,34.391,4373,2,29.971,8828,3
4055,E01004023,Southwark 004D,E09000028,Southwark,28.547,8739,3,0.177,8267,3,0.101,12362,4,14.507,17757,6,0.305,11557,4,1.129,2630,1,30.797,6418,2,32.803,7297,3
4056,E01004024,Southwark 011C,E09000028,Southwark,31.179,7463,3,0.202,6518,2,0.115,10372,4,19.938,13797,5,0.949,4624,2,0.599,7758,3,32.592,5337,2,23.803,12563,4
4057,E01004027,Southwark 003E,E09000028,Southwark,19.542,14772,5,0.129,12603,4,0.078,16836,6,9.307,22563,7,-0.002,16051,5,-0.829,27581,9,32.858,5163,2,37.333,5244,2
4058,E01004028,Southwark 004E,E09000028,Southwark,26.416,9929,4,0.184,7766,3,0.106,11586,4,10.965,20930,7,0.482,9304,3,0.511,8937,3,34.533,4307,2,22.089,13791,5
4059,E01004029,Southwark 001A,E09000028,Southwark,12.382,21736,7,0.083,19118,6,0.042,27336,9,4.385,28054,9,-0.316,20913,7,-0.077,17795,6,29.316,7428,3,27.717,10125,4
4060,E01004030,Southwark 007A,E09000028,Southwark,24.934,10804,4,0.163,9370,3,0.104,11884,4,14.561,17713,6,0.123,14149,5,0.499,9094,3,32.737,5241,2,28.547,9641,3
4061,E01004031,Southwark 007B,E09000028,Southwark,25.963,10212,4,0.146,10896,4,0.079,16639,6,7.547,24428,8,-0.058,16908,6,1.235,2062,1,35.014,4084,2,39.938,4277,2
4062,E01004032,Southwark 001B,E09000028,Southwark,8.261,26745,9,0.023,31910,10,0.017,32478,10,3.855,28703,9,-0.615,24893,8,-0.149,18870,6,30.064,6928,3,27.24,10394,4
4063,E01004033,Southwark 007C,E09000028,Southwark,27.067,9550,3,0.191,7256,3,0.102,12221,4,9.924,21899,7,-0.033,16518,6,0.93,4132,2,33.452,4841,2,31.59,7938,3
4064,E01004034,Southwark 007D,E09000028,Southwark,25.711,10360,4,0.177,8244,3,0.1,12511,4,18.381,14850,5,0.046,15298,5,0.379,10754,4,34.624,4256,2,28.872,9455,3
4065,E01004035,Southwark 011D,E09000028,Southwark,36.203,5462,2,0.207,6236,2,0.129,8574,3,16.664,16069,5,1.266,2521,1,1.167,2429,1,32.997,5077,2,26.578,10825,4
4066,E01004036,Southwark 007E,E09000028,Southwark,31.501,7294,3,0.226,5207,2,0.13,8442,3,17.649,15363,5,0.253,12283,4,0.498,9111,3,34.409,4363,2,34.413,6510,2
4067,E01004037,Southwark 010B,E09000028,Southwark,25.892,10262,4,0.171,8679,3,0.095,13340,5,7.945,24015,8,0.226,12692,4,0.494,9148,3,38.868,2532,1,31.481,8005,3
4068,E01004038,Southwark 010C,E09000028,Southwark,22.29,12539,4,0.151,10419,4,0.085,15185,5,9.776,22078,7,-0.209,19257,6,0.443,9866,4,38.341,2721,1,25.293,11581,4
4069,E01004039,Southwark 013B,E09000028,Southwark,22.583,12335,4,0.115,14290,5,0.068,19318,6,9.849,21998,7,-0.321,20983,7,0.641,7192,3,36.574,3385,2,47.313,2386,1
4070,E01004040,Southwark 013C,E09000028,Southwark,39.89,4297,2,0.264,3461,2,0.166,5297,2,15.395,17055,6,0.489,9233,3,0.962,3832,2,40.253,2126,1,38.478,4812,2
4071,E01004041,Southwark 013D,E09000028,Southwark,27.397,9349,3,0.159,9700,3,0.101,12370,4,14.781,17524,6,-0.031,16469,6,0.855,4851,2,38.977,2488,1,32.887,7257,3
4072,E01004042,Southwark 010D,E09000028,Southwark,45.391,2987,1,0.306,2045,1,0.183,4120,2,28.243,9295,3,0.94,4691,2,1.234,2069,1,32.836,5174,2,29.421,9138,3
4073,E01004043,Southwark 010E,E09000028,Southwark,26.395,9939,4,0.132,12345,4,0.1,12540,4,22.029,12522,4,0.209,12943,4,0.936,4070,2,31.583,5922,2,31.806,7824,3
4074,E01004044,Southwark 013E,E09000028,Southwark,31.112,7490,3,0.207,6265,2,0.142,7258,3,19.76,13903,5,0.454,9660,3,0.31,11788,4,32.704,5259,2,31.86,7795,3
4075,E01004045,Southwark 027A,E09000028,Southwark,27.322,9397,3,0.217,5685,2,0.14,7497,3,13.924,18230,6,0.076,14852,5,-0.541,24340,8,35.855,3702,2,22.143,13750,5
4076,E01004046,Southwark 028E,E09000028,Southwark,17.334,16709,6,0.101,16144,5,0.074,17764,6,4.344,28109,9,-0.097,17516,6,0.404,10376,4,24.315,11800,4,36.507,5576,2
4077,E01004047,Southwark 027B,E09000028,Southwark,24.36,11150,4,0.188,7447,3,0.109,11147,4,16.123,16473,6,0.118,14241,5,-0.361,21907,7,32.689,5271,2,25.206,11649,4
4078,E01004048,Southwark 027C,E09000028,Southwark,20.516,13921,5,0.133,12234,4,0.08,16323,5,7.763,24183,8,-0.137,18179,6,0.317,11690,4,27.522,8821,3,40.908,3975,2
4079,E01004049,Southwark 027D,E09000028,Southwark,16.687,17287,6,0.115,14302,5,0.057,22408,7,13.288,18791,6,-0.304,20709,7,-0.342,21635,7,35.549,3827,2,24.9,11852,4
4080,E01004050,Southwark 024D,E09000028,Southwark,14.511,19440,6,0.058,24223,8,0.033,29821,10,1.077,31931,10,-0.765,26631,9,0.404,10372,4,33.101,5024,2,48.538,2159,1
4081,E01004051,Southwark 027E,E09000028,Southwark,9.731,24843,8,0.045,27387,9,0.025,31586,10,6.254,25892,8,-0.228,19545,6,-0.149,18865,6,26.904,9364,3,28.163,9861,4
4082,E01004052,Southwark 024E,E09000028,Southwark,15.763,18182,6,0.087,18363,6,0.071,18554,6,3.077,29643,10,-0.414,22304,7,0.397,10492,4,28.71,7884,3,32.355,7546,3
4083,E01004053,Southwark 001C,E09000028,Southwark,8.683,26189,8,0.042,28021,9,0.031,30318,10,4.405,28031,9,-0.249,19862,7,-0.385,22242,7,28.561,7993,3,20.77,14717,5
4084,E01004054,Southwark 001D,E09000028,Southwark,8.354,26623,9,0.036,29659,10,0.019,32299,10,0.871,32156,10,-0.41,22254,7,-0.361,21904,7,32.687,5273,2,22.51,13468,5
4085,E01004055,Southwark 001E,E09000028,Southwark,38.922,4596,2,0.229,5039,2,0.168,5119,2,28.213,9309,3,0.443,9793,3,0.803,5381,2,46.772,757,1,23.38,12859,4
4086,E01004056,Southwark 008A,E09000028,Southwark,19.671,14645,5,0.13,12552,4,0.084,15376,5,8.358,23568,8,0.039,15406,5,0.286,12156,4,31.894,5725,2,23.148,13020,4
4087,E01004057,Southwark 008B,E09000028,Southwark,21.669,13026,4,0.142,11294,4,0.082,15882,5,10.985,20908,7,0.11,14354,5,0.756,5872,2,31.778,5795,2,19.329,15788,5
4088,E01004058,Southwark 008C,E09000028,Southwark,8.41,26547,9,0.024,31723,10,0.009,32778,10,0.721,32321,10,-0.678,25686,8,0.245,12790,4,28.683,7904,3,27.947,9984,4
4089,E01004059,Southwark 008D,E09000028,Southwark,17.254,16765,6,0.032,30366,10,0.017,32446,10,7.598,24372,8,-0.088,17376,6,1.322,1662,1,30.646,6504,2,43.357,3330,2
4090,E01004060,Southwark 008E,E09000028,Southwark,31.991,7088,3,0.179,8088,3,0.099,12741,4,17.385,15544,5,0.592,8028,3,0.46,9622,3,36.429,3441,2,54.839,1203,1
4091,E01004061,Southwark 025A,E09000028,Southwark,21.531,13156,5,0.101,16219,5,0.069,18963,6,5.808,26379,9,-0.205,19200,6,1.389,1394,1,28.903,7736,3,36.312,5675,2
4092,E01004062,Southwark 025B,E09000028,Southwark,29.363,8321,3,0.183,7784,3,0.093,13855,5,14.193,17993,6,0.372,10692,4,1.046,3172,1,35.77,3740,2,34.071,6651,3
4093,E01004063,Southwark 025C,E09000028,Southwark,27.404,9345,3,0.148,10668,4,0.095,13458,5,2.314,30512,10,0.634,7560,3,1.408,1328,1,27.453,8870,3,35.605,5969,2
4094,E01004064,Southwark 026D,E09000028,Southwark,30.525,7778,3,0.207,6245,2,0.12,9695,3,15.923,16648,6,0.338,11117,4,0.908,4319,2,32.388,5431,2,30.553,8484,3
4095,E01004065,Southwark 025D,E09000028,Southwark,19.287,15020,5,0.11,14937,5,0.08,16419,5,3.271,29417,9,0.25,12331,4,0.421,10147,4,23.483,12689,4,38.838,4672,2
4096,E01004066,Southwark 025E,E09000028,Southwark,23.913,11418,4,0.166,9075,3,0.114,10493,4,8.408,23513,8,-0.199,19130,6,0.522,8760,3,31.99,5662,2,28.97,9401,3
4097,E01004067,Southwark 022E,E09000028,Southwark,35.543,5696,2,0.19,7308,3,0.107,11514,4,12.991,19049,6,-0.067,17044,6,1.977,225,1,38.682,2590,1,48.747,2123,1
4098,E01004068,Southwark 026E,E09000028,Southwark,34.366,6118,2,0.232,4890,2,0.165,5343,2,15.102,17283,6,0.555,8460,3,0.721,6271,2,33.792,4682,2,26.605,10809,4
4099,E01004069,Southwark 031A,E09000028,Southwark,9.326,25346,8,0.019,32304,10,0.016,32515,10,1.14,31860,10,-1.205,30315,10,1.011,3438,2,14.718,23386,8,35.648,5954,2
4100,E01004070,Southwark 031B,E09000028,Southwark,13.134,20902,7,0.095,17172,6,0.061,21180,7,1.005,32018,10,-0.519,23683,8,0.009,16529,6,23.724,12415,4,32.3,7570,3
4101,E01004071,Southwark 030D,E09000028,Southwark,18.227,15938,5,0.15,10465,4,0.081,16142,5,5.249,27024,9,0.058,15106,5,-0.423,22738,7,26.762,9496,3,28.221,9826,3
4102,E01004072,Southwark 030E,E09000028,Southwark,9.199,25533,8,0.051,26019,8,0.043,26939,9,1.335,31643,10,-1.003,28838,9,0.264,12498,4,16.737,20772,7,35.425,6047,2
4103,E01004073,Southwark 031C,E09000028,Southwark,8.556,26350,9,0.061,23518,8,0.034,29697,10,0.696,32346,10,-0.922,28167,9,-0.147,18841,6,17.929,19223,6,35.61,5967,2
4104,E01004074,Southwark 031D,E09000028,Southwark,9.778,24794,8,0.043,27888,9,0.028,31152,10,0.251,32722,10,-1.161,30032,10,0.58,7996,3,15.689,22088,7,42.925,3420,2
4105,E01004075,Southwark 031E,E09000028,Southwark,8.625,26265,8,0.019,32337,10,0.02,32268,10,0.232,32738,10,-1.3,30853,10,0.718,6302,2,11.476,27144,9,41.649,3758,2
4106,E01032583,Southwark 034D,E09000028,Southwark,30.177,7940,3,0.195,6972,3,0.137,7787,3,5.543,26674,9,0.528,8763,3,-0.183,19387,6,36.758,3295,2,43.806,3205,1
4107,E01032584,Southwark 034E,E09000028,Southwark,28.127,8963,3,0.163,9403,3,0.129,8618,3,5.71,26485,9,0.493,9182,3,0.305,11872,4,34.938,4109,2,39.894,4298,2
4108,E01032637,Southwark 003F,E09000028,Southwark,10.025,24490,8,0.008,32815,10,0.005,32831,10,1.919,30985,10,-0.28,20339,7,-0.951,28714,9,28.057,8378,3,47.125,2430,1
4109,E01032638,Southwark 003G,E09000028,Southwark,5.629,29878,10,0.021,32103,10,0.008,32796,10,2.271,30562,10,-0.753,26505,9,-1.019,29251,9,21.55,14849,5,29.849,8906,3
4110,E01032639,Southwark 014F,E09000028,Southwark,22.737,12228,4,0.09,17962,6,0.045,26193,8,8.604,23309,8,0.222,12750,4,0.462,9603,3,40.027,2182,1,55.663,1104,1
4111,E01032640,Southwark 003H,E09000028,Southwark,9.755,24817,8,0.013,32711,10,0.005,32826,10,2.336,30493,10,-0.875,27756,9,-0.637,25501,8,21.853,14497,5,56.668,995,1
4112,E01032646,Southwark 003I,E09000028,Southwark,13.999,19949,7,0.071,21242,7,0.039,28256,9,4.305,28158,9,-0.094,17469,6,-0.017,16938,6,31.851,5749,2,36.295,5686,2
4113,E01032719,Southwark 014G,E09000028,Southwark,26.037,10176,4,0.152,10285,4,0.089,14579,5,10.591,21271,7,-0.062,16965,6,0.296,11984,4,42.235,1604,1,43.011,3402,2
4114,E01032720,Southwark 009F,E09000028,Southwark,49.164,2298,1,0.28,2863,1,0.145,6979,3,13.807,18323,6,0.941,4676,2,1.77,458,1,39.184,2430,1,69.793,110,1
4115,E01032722,Southwark 012F,E09000028,Southwark,36.878,5242,2,0.188,7429,3,0.121,9626,3,12.234,19737,7,0.459,9608,3,1.517,1004,1,32.335,5456,2,61.335,565,1
4116,E01032803,Southwark 003J,E09000028,Southwark,16.067,17880,6,0.087,18347,6,0.039,28160,9,2.523,30293,10,0.341,11084,4,-0.077,17793,6,30.436,6654,3,39.922,4283,2
4117,E01032805,Southwark 022F,E09000028,Southwark,37.664,4985,2,0.25,4010,2,0.156,6061,2,19.536,14062,5,0.307,11525,4,0.924,4186,2,35.268,3955,2,41.827,3704,2
4118,E01032834,Southwark 003K,E09000028,Southwark,9.09,25667,8,0.011,32770,10,0.009,32781,10,2.561,30260,10,-0.721,26134,8,-0.522,24082,8,24.269,11860,4,47.629,2320,1
4119,E01004076,Sutton 011A,E09000029,Sutton,18.319,15853,5,0.117,14119,5,0.082,15873,5,14.066,18111,6,-0.463,22932,7,-0.09,17990,6,35.389,3901,2,21.95,13883,5
4120,E01004077,Sutton 011B,E09000029,Sutton,13.521,20472,7,0.079,19721,7,0.056,22705,7,14.319,17887,6,-0.473,23052,8,0.279,12252,4,26.267,9924,4,19.457,15712,5
4121,E01004078,Sutton 011C,E09000029,Sutton,15.61,18343,6,0.099,16521,6,0.065,20002,7,15.636,16875,6,-0.32,20970,7,-0.143,18776,6,29.334,7409,3,23.049,13090,4
4122,E01004079,Sutton 011D,E09000029,Sutton,8.556,26349,9,0.04,28593,9,0.046,26108,8,5.759,26429,9,-0.958,28483,9,0.445,9842,3,20.593,15946,5,19.438,15723,5
4123,E01004080,Sutton 011E,E09000029,Sutton,9.86,24684,8,0.058,24213,8,0.055,22980,7,7.212,24788,8,-0.952,28429,9,0.031,16210,5,27.212,9063,3,13.868,20246,7
4124,E01004081,Sutton 011F,E09000029,Sutton,12.414,21699,7,0.085,18731,6,0.068,19302,6,11.397,20526,7,-0.356,21530,7,-0.708,26301,9,22.259,14014,5,22.579,13425,5
4125,E01004082,Sutton 011G,E09000029,Sutton,5.317,30200,10,0.046,27036,9,0.04,27983,9,8.315,23620,8,-1.253,30618,10,-0.533,24237,8,11.688,26907,9,16.078,18357,6
4126,E01004083,Sutton 019A,E09000029,Sutton,44.327,3200,1,0.308,2001,1,0.22,2257,1,45.655,4024,2,0.912,4944,2,0.447,9812,3,28.144,8304,3,7.956,26224,8
4127,E01004084,Sutton 024A,E09000029,Sutton,5.77,29715,10,0.041,28395,9,0.033,29951,10,2.379,30441,10,-1.337,31049,10,-0.639,25522,8,27.498,8837,3,12.439,21574,7
4128,E01004085,Sutton 024B,E09000029,Sutton,8.478,26443,9,0.041,28442,9,0.046,26143,8,3.49,29143,9,-1.278,30753,10,-0.055,17500,6,35.131,4035,2,7.008,27262,9
4129,E01004086,Sutton 019B,E09000029,Sutton,15.277,18662,6,0.117,14012,5,0.072,18215,6,11.867,20068,7,-0.498,23395,8,0.509,8959,3,20.33,16252,5,16.192,18248,6
4130,E01004087,Sutton 017A,E09000029,Sutton,5.727,29772,10,0.046,27201,9,0.044,26677,9,3.212,29496,9,-0.989,28734,9,-0.22,19911,7,18.832,18084,6,10.029,24034,8
4131,E01004088,Sutton 019C,E09000029,Sutton,43.226,3420,2,0.297,2311,1,0.215,2498,1,51.742,2920,1,0.541,8618,3,0.697,6536,2,28.175,8279,3,6.376,27927,9
4132,E01004089,Sutton 019D,E09000029,Sutton,35.547,5694,2,0.216,5729,2,0.18,4272,2,30.601,8327,3,1.045,3900,2,0.123,14767,5,33.497,4818,2,9.212,24876,8
4133,E01004090,Sutton 021A,E09000029,Sutton,34.411,6100,2,0.244,4290,2,0.184,4047,2,34.644,6886,3,0.348,11001,4,-0.773,27037,9,34.543,4301,2,17.064,17531,6
4134,E01004091,Sutton 022A,E09000029,Sutton,4.563,30940,10,0.031,30600,10,0.034,29570,10,2.737,30049,10,-1.347,31102,10,-2.354,32792,10,28.383,8126,3,6.076,28255,9
4135,E01004092,Sutton 022B,E09000029,Sutton,7.536,27650,9,0.026,31470,10,0.033,29913,10,1.291,31694,10,-1.57,31913,10,0.118,14845,5,30.956,6305,2,19.58,15617,5
4136,E01004093,Sutton 025A,E09000029,Sutton,5.418,30099,10,0.037,29409,9,0.04,27759,9,1.38,31607,10,-1.14,29881,10,-0.37,22022,7,23.636,12508,4,10.748,23265,8
4137,E01004094,Sutton 025B,E09000029,Sutton,4.481,31028,10,0.041,28251,9,0.037,28680,9,3.488,29147,9,-0.86,27590,9,-1.039,29414,9,15.149,22807,7,14.918,19281,6
4138,E01004095,Sutton 025C,E09000029,Sutton,5.625,29884,10,0.028,31210,10,0.049,25167,8,1.145,31853,10,-0.968,28572,9,-1.099,29831,10,22.791,13421,5,18.01,16799,6
4139,E01004096,Sutton 021B,E09000029,Sutton,18.894,15331,5,0.115,14259,5,0.077,16931,6,8.169,23761,8,-0.262,20077,7,-0.291,20912,7,33.988,4578,2,37.444,5198,2
4140,E01004097,Sutton 015A,E09000029,Sutton,4.804,30702,10,0.047,26931,9,0.035,29231,9,3.106,29606,10,-1.175,30138,10,-0.394,22377,7,14.893,23170,8,14.435,19728,7
4141,E01004098,Sutton 015B,E09000029,Sutton,5.989,29482,9,0.06,23733,8,0.031,30465,10,3.139,29575,10,-0.788,26880,9,-0.391,22329,7,13.298,25056,8,20.263,15088,5
4142,E01004099,Sutton 015C,E09000029,Sutton,21.103,13483,5,0.16,9649,3,0.101,12294,4,8.274,23669,8,0.134,13976,5,0.495,9133,3,20.511,16050,5,25.272,11604,4
4143,E01004100,Sutton 015D,E09000029,Sutton,7.356,27872,9,0.067,22111,7,0.049,25086,8,5.087,27189,9,-1.158,30005,10,-0.148,18860,6,12.642,25835,8,18.341,16553,6
4144,E01004101,Sutton 013A,E09000029,Sutton,4.687,30821,10,0.035,29850,10,0.03,30504,10,6.694,25385,8,-1.265,30678,10,-0.482,23523,8,13.44,24890,8,19.321,15796,5
4145,E01004102,Sutton 015E,E09000029,Sutton,10.815,23530,8,0.052,25664,8,0.077,16901,6,5.847,26326,9,-0.586,24537,8,0.337,11379,4,16.597,20927,7,18.436,16480,6
4146,E01004103,Sutton 013B,E09000029,Sutton,8.235,26783,9,0.063,23098,8,0.044,26770,9,5.149,27130,9,-0.79,26909,9,-0.697,26194,8,18.896,17995,6,27.762,10100,4
4147,E01004104,Sutton 020A,E09000029,Sutton,4.084,31420,10,0.032,30351,10,0.032,30022,10,3.046,29671,10,-1.418,31414,10,-0.615,25252,8,13.273,25091,8,20.449,14937,5
4148,E01004105,Sutton 022C,E09000029,Sutton,5.081,30436,10,0.053,25435,8,0.048,25400,8,2.522,30295,10,-1.359,31158,10,-0.657,25728,8,12.324,26198,8,14.377,19787,7
4149,E01004106,Sutton 022D,E09000029,Sutton,3.091,32179,10,0.019,32302,10,0.026,31378,10,1.101,31903,10,-1.738,32282,10,-0.726,26520,9,20.481,16095,5,10.302,23753,8
4150,E01004107,Sutton 020B,E09000029,Sutton,12.514,21595,7,0.098,16560,6,0.078,16784,6,10.209,21629,7,-0.37,21725,7,-0.625,25375,8,18.756,18165,6,16.84,17721,6
4151,E01004108,Sutton 024C,E09000029,Sutton,13.133,20903,7,0.069,21645,7,0.049,25153,8,9.547,22324,7,-0.606,24781,8,0.367,10927,4,32.819,5186,2,18.97,16060,5
4152,E01004109,Sutton 024D,E09000029,Sutton,14.737,19191,6,0.124,13189,5,0.096,13190,5,14.635,17647,6,-0.36,21588,7,-0.704,26264,8,18.359,18662,6,9.98,24077,8
4153,E01004110,Sutton 016A,E09000029,Sutton,9.204,25524,8,0.073,20848,7,0.057,22436,7,5.648,26560,9,-0.834,27329,9,-0.854,27837,9,18.917,17960,6,24.763,11931,4
4154,E01004111,Sutton 016B,E09000029,Sutton,10.447,23943,8,0.074,20782,7,0.055,23223,8,5.606,26598,9,-0.092,17446,6,-0.008,16800,6,17.028,20402,7,17.593,17139,6
4155,E01004112,Sutton 016C,E09000029,Sutton,2.793,32340,10,0.027,31252,10,0.027,31324,10,0.792,32250,10,-1.353,31122,10,-0.489,23615,8,15.31,22612,7,9.314,24766,8
4156,E01004114,Sutton 025D,E09000029,Sutton,4.659,30843,10,0.023,31866,10,0.019,32378,10,2.149,30726,10,-1.495,31686,10,-1.029,29338,9,31.169,6180,2,7.35,26896,9
4157,E01004115,Sutton 009A,E09000029,Sutton,6.163,29262,9,0.051,25811,8,0.032,30057,10,9.726,22125,7,-1.37,31217,10,-0.555,24512,8,19.179,17643,6,15.781,18597,6
4158,E01004116,Sutton 008A,E09000029,Sutton,6.392,29001,9,0.066,22353,7,0.041,27661,9,6.146,26017,8,-0.926,28198,9,-0.517,24022,8,15.673,22119,7,12.422,21588,7
4159,E01004117,Sutton 006A,E09000029,Sutton,4.051,31456,10,0.02,32237,10,0.024,31707,10,9.254,22620,7,-0.952,28423,9,-1.04,29417,9,15.622,22201,7,15.067,19139,6
4160,E01004118,Sutton 009B,E09000029,Sutton,9.787,24781,8,0.074,20631,7,0.053,23670,8,9.409,22465,7,-0.44,22646,7,-0.278,20727,7,17.149,20252,7,18.628,16330,5
4161,E01004119,Sutton 009C,E09000029,Sutton,9.583,25024,8,0.039,28777,9,0.036,29068,9,16.685,16055,5,-0.758,26542,9,0.571,8125,3,16.832,20644,7,19.666,15548,5
4162,E01004120,Sutton 016D,E09000029,Sutton,4.752,30753,10,0.032,30333,10,0.035,29410,9,8.556,23350,8,-1.369,31211,10,-0.27,20625,7,12.041,26520,9,15.254,18986,6
4163,E01004121,Sutton 006B,E09000029,Sutton,8.307,26686,9,0.068,22024,7,0.047,25653,8,5.502,26713,9,-0.907,28041,9,0.051,15871,5,16.945,20509,7,17.707,17043,6
4164,E01004122,Sutton 008B,E09000029,Sutton,5.319,30197,10,0.035,29750,10,0.042,27320,9,3.701,28876,9,-0.793,26938,9,-0.462,23252,8,15.803,21932,7,16.826,17732,6
4165,E01004123,Sutton 002A,E09000029,Sutton,28.156,8947,3,0.154,10092,4,0.102,12209,4,20.585,13407,5,-0.064,16990,6,0.802,5396,2,29.228,7485,3,49.851,1937,1
4166,E01004124,Sutton 002B,E09000029,Sutton,23.237,11900,4,0.166,9124,3,0.12,9739,3,30.821,8253,3,-0.31,20806,7,-0.65,25642,8,25.683,10476,4,25.225,11637,4
4167,E01004125,Sutton 001A,E09000029,Sutton,31.639,7232,3,0.199,6744,3,0.127,8848,3,29.156,8914,3,0.262,12159,4,0.861,4789,2,27.24,9035,3,35.243,6124,2
4168,E01004126,Sutton 002C,E09000029,Sutton,31.361,7374,3,0.214,5864,2,0.13,8497,3,33.937,7120,3,0.076,14851,5,0.733,6135,2,27.779,8627,3,29.349,9181,3
4169,E01004127,Sutton 005A,E09000029,Sutton,19.777,14552,5,0.105,15674,5,0.086,15031,5,23.379,11687,4,-0.03,16458,6,0.377,10776,4,24.78,11340,4,26.052,11134,4
4170,E01004128,Sutton 002D,E09000029,Sutton,23.682,11588,4,0.154,10157,4,0.116,10187,4,27.294,9696,3,0.179,13339,5,-1.068,29600,10,28.19,8271,3,26.595,10812,4
4171,E01004129,Sutton 002E,E09000029,Sutton,34.12,6218,2,0.217,5682,2,0.141,7405,3,38.661,5720,2,0.404,10266,4,0.523,8748,3,31.172,6177,2,31.093,8204,3
4172,E01004130,Sutton 003A,E09000029,Sutton,10.222,24239,8,0.068,21829,7,0.045,26337,9,11.797,20150,7,-0.798,26982,9,0.03,16232,5,20.963,15549,5,22.569,13436,5
4173,E01004131,Sutton 003B,E09000029,Sutton,11.154,23157,8,0.068,21913,7,0.058,22085,7,13.294,18784,6,-0.401,22124,7,-0.5,23790,8,20.99,15514,5,22.861,13223,5
4174,E01004132,Sutton 009D,E09000029,Sutton,6.647,28726,9,0.038,29147,9,0.026,31531,10,12.645,19357,6,-1.13,29802,10,-0.138,18702,6,18.399,18611,6,19.344,15775,5
4175,E01004133,Sutton 009E,E09000029,Sutton,6.482,28894,9,0.043,27941,9,0.032,30008,10,13.233,18842,6,-0.906,28035,9,-0.599,25068,8,16.574,20949,7,18.95,16079,5
4176,E01004134,Sutton 003C,E09000029,Sutton,11.832,22364,7,0.079,19772,7,0.061,21086,7,12.89,19131,6,-0.617,24926,8,-0.231,20078,7,16.572,20954,7,28.225,9822,3
4177,E01004135,Sutton 003D,E09000029,Sutton,7.552,27624,9,0.047,26911,9,0.042,27262,9,16.059,16519,6,-0.828,27274,9,-0.054,17486,6,13.439,24893,8,13.811,20294,7
4178,E01004136,Sutton 003E,E09000029,Sutton,8.396,26564,9,0.052,25569,8,0.053,23640,8,13.01,19030,6,-0.69,25822,8,-0.356,21831,7,15.581,22250,7,17.536,17179,6
4179,E01004137,Sutton 012A,E09000029,Sutton,16.018,17926,6,0.089,18115,6,0.063,20804,7,3.72,28847,9,-0.238,19686,6,0.86,4790,2,21.855,14494,5,32.141,7641,3
4180,E01004138,Sutton 013C,E09000029,Sutton,14.166,19774,7,0.093,17362,6,0.064,20371,7,13.35,18718,6,-0.614,24885,8,-0.3,21041,7,21.292,15155,5,34.544,6453,2
4181,E01004139,Sutton 013D,E09000029,Sutton,9.611,24997,8,0.064,22882,7,0.051,24226,8,5.8,26393,9,-0.665,25527,8,-0.094,18051,6,19.168,17656,6,25.654,11380,4
4182,E01004140,Sutton 012B,E09000029,Sutton,33.998,6273,2,0.215,5824,2,0.141,7371,3,21.768,12687,4,0.929,4794,2,0.426,10076,4,32.369,5446,2,32.096,7661,3
4183,E01004141,Sutton 012C,E09000029,Sutton,21.087,13497,5,0.165,9225,3,0.11,11077,4,12.102,19852,7,-0.071,17112,6,0.306,11838,4,24.97,11141,4,16.537,17955,6
4184,E01004142,Sutton 012D,E09000029,Sutton,25.999,10196,4,0.207,6240,2,0.105,11682,4,16.943,15856,5,0.257,12228,4,0.169,14012,5,32.599,5328,2,20.87,14647,5
4185,E01004143,Sutton 014A,E09000029,Sutton,11.79,22419,7,0.084,18862,6,0.056,22761,7,7.03,25019,8,-0.604,24762,8,-0.284,20820,7,20.335,16247,5,31.699,7882,3
4186,E01004144,Sutton 007A,E09000029,Sutton,8.77,26088,8,0.064,22770,7,0.044,26824,9,6.167,25994,8,-1.034,29088,9,-0.055,17496,6,22.126,14184,5,20.939,14603,5
4187,E01004145,Sutton 007B,E09000029,Sutton,12.273,21863,7,0.088,18197,6,0.054,23580,8,10.959,20938,7,-0.77,26684,9,0.137,14531,5,23.229,12951,4,22.927,13181,5
4188,E01004146,Sutton 007C,E09000029,Sutton,12.483,21632,7,0.072,21064,7,0.058,22046,7,9.718,22135,7,-0.528,23777,8,-0.193,19526,6,23.837,12308,4,30.821,8354,3
4189,E01004147,Sutton 007D,E09000029,Sutton,9.428,25229,8,0.065,22616,7,0.053,23730,8,9.202,22661,7,-0.47,23015,8,-0.194,19534,6,19.537,17227,6,15.85,18550,6
4190,E01004148,Sutton 014B,E09000029,Sutton,23.361,11799,4,0.18,8001,3,0.106,11644,4,20.282,13613,5,-0.403,22155,7,0.008,16539,6,31.138,6198,2,25.836,11272,4
4191,E01004149,Sutton 012E,E09000029,Sutton,9.979,24557,8,0.062,23284,8,0.054,23417,8,9.861,21980,7,-0.592,24609,8,-0.256,20431,7,21.336,15092,5,21.527,14172,5
4192,E01004150,Sutton 021C,E09000029,Sutton,21.634,13054,4,0.165,9172,3,0.108,11267,4,9.976,21846,7,0.181,13321,5,-0.502,23835,8,30.08,6919,3,22.771,13286,5
4193,E01004151,Sutton 021D,E09000029,Sutton,14.853,19066,6,0.074,20656,7,0.069,19091,6,4.743,27610,9,0.2,13057,4,-0.358,21862,7,32.279,5481,2,22.345,13626,5
4194,E01004152,Sutton 018A,E09000029,Sutton,14.903,19010,6,0.112,14708,5,0.062,21060,7,10.498,21363,7,-0.335,21212,7,-0.132,18619,6,25.284,10843,4,27.279,10375,4
4195,E01004153,Sutton 021E,E09000029,Sutton,13.116,20936,7,0.085,18727,6,0.052,24109,8,5.885,26285,9,-0.528,23772,8,-0.185,19416,6,32.857,5166,2,24.528,12075,4
4196,E01004154,Sutton 022E,E09000029,Sutton,4.873,30626,10,0.037,29315,9,0.047,25601,8,0.922,32109,10,-1.288,30797,10,-0.86,27890,9,19.982,16675,6,13.544,20541,7
4197,E01004155,Sutton 018B,E09000029,Sutton,8.123,26924,9,0.051,25850,8,0.035,29236,9,3.279,29408,9,-0.586,24540,8,-0.608,25169,8,30.059,6932,3,16.773,17778,6
4198,E01004156,Sutton 018C,E09000029,Sutton,9.004,25793,8,0.057,24463,8,0.03,30501,10,1.98,30909,10,-0.627,25059,8,0.268,12426,4,25.482,10666,4,21.19,14414,5
4199,E01004157,Sutton 016E,E09000029,Sutton,3.327,32021,10,0.026,31523,10,0.021,32117,10,2.666,30142,10,-1.141,29888,10,-0.726,26527,9,13.855,24406,8,17.676,17070,6
4200,E01004158,Sutton 018D,E09000029,Sutton,7.905,27179,9,0.061,23572,8,0.047,25754,8,2.572,30250,10,-0.767,26649,9,-0.713,26360,9,22.963,13253,5,21.106,14478,5
4201,E01004159,Sutton 014C,E09000029,Sutton,14.179,19763,7,0.091,17773,6,0.065,20217,7,17.588,15407,5,-0.593,24627,8,-0.164,19106,6,24.006,12137,4,25.291,11584,4
4202,E01004160,Sutton 014D,E09000029,Sutton,9.329,25344,8,0.069,21663,7,0.05,24724,8,5.653,26557,9,-0.761,26583,9,-0.609,25174,8,20.647,15885,5,27.051,10514,4
4203,E01004161,Sutton 014E,E09000029,Sutton,8.007,27062,9,0.041,28254,9,0.043,26993,9,10.398,21458,7,-0.846,27463,9,-0.526,24134,8,27.773,8634,3,13.252,20830,7
4204,E01004162,Sutton 018E,E09000029,Sutton,11.476,22768,7,0.086,18499,6,0.059,21874,7,1.85,31057,10,-0.096,17511,6,-0.016,16934,6,20.907,15607,5,18.397,16510,6
4205,E01004163,Sutton 005B,E09000029,Sutton,14.594,19347,6,0.085,18708,6,0.062,21074,7,16.9,15887,5,-0.7,25932,8,0.294,12012,4,19.013,17851,6,33.014,7198,3
4206,E01004164,Sutton 004A,E09000029,Sutton,12.098,22050,7,0.041,28295,9,0.044,26631,9,13.657,18457,6,-0.445,22703,7,0.181,13821,5,20.047,16592,6,39.602,4391,2
4207,E01004165,Sutton 005C,E09000029,Sutton,16.373,17583,6,0.101,16212,5,0.081,16029,5,11.946,19989,7,0.065,15013,5,0.323,11600,4,18.04,19075,6,23.038,13099,4
4208,E01004166,Sutton 004B,E09000029,Sutton,11.417,22837,7,0.08,19502,6,0.069,19030,6,6.007,26156,8,-0.478,23106,8,-0.039,17276,6,19.728,16973,6,18.76,16222,5
4209,E01004167,Sutton 005D,E09000029,Sutton,31.388,7353,3,0.251,3977,2,0.141,7423,3,29.661,8712,3,0.55,8513,3,0.316,11693,4,22.615,13618,5,17.496,17211,6
4210,E01004168,Sutton 013E,E09000029,Sutton,8.689,26183,8,0.042,28186,9,0.044,26729,9,15.858,16696,6,-0.599,24696,8,0.167,14050,5,13.811,24451,8,19.172,15910,5
4211,E01004169,Sutton 004C,E09000029,Sutton,27.196,9475,3,0.195,6967,3,0.113,10685,4,21.871,12624,4,0.022,15671,5,0.168,14039,5,35.549,3828,2,27.223,10406,4
4212,E01004170,Sutton 017B,E09000029,Sutton,10.215,24245,8,0.067,22058,7,0.044,26531,9,5.047,27240,9,-0.913,28088,9,-0.237,20164,7,18.085,19014,6,37.92,5018,2
4213,E01004171,Sutton 010A,E09000029,Sutton,6.369,29030,9,0.044,27503,9,0.038,28624,9,6.489,25614,8,-0.839,27384,9,-0.111,18298,6,15.333,22580,7,18.196,16661,6
4214,E01004172,Sutton 010B,E09000029,Sutton,20.888,13642,5,0.178,8186,3,0.119,9791,3,9.781,22069,7,-0.252,19906,7,-0.076,17786,6,23.002,13206,5,22.363,13610,5
4215,E01004173,Sutton 010C,E09000029,Sutton,13.552,20426,7,0.087,18307,6,0.083,15687,5,10.747,21130,7,-0.424,22432,7,0.023,16337,5,17.073,20353,7,22.336,13634,5
4216,E01004174,Sutton 017C,E09000029,Sutton,17.325,16717,6,0.101,16180,5,0.105,11667,4,8.874,22997,8,-0.337,21235,7,0.181,13824,5,21.386,15033,5,29.047,9354,3
4217,E01004175,Sutton 010D,E09000029,Sutton,10.891,23458,8,0.071,21221,7,0.068,19386,6,11.344,20568,7,-0.672,25608,8,-1.068,29606,10,26.271,9916,4,14.46,19698,6
4218,E01004176,Sutton 010E,E09000029,Sutton,11.911,22267,7,0.074,20655,7,0.063,20751,7,6.569,25522,8,-0.563,24223,8,0.13,14657,5,20.633,15902,5,26.353,10952,4
4219,E01004177,Sutton 020C,E09000029,Sutton,18.938,15288,5,0.14,11485,4,0.093,13833,5,8.612,23303,8,0.153,13690,5,-0.018,16966,6,21.271,15181,5,28.262,9806,3
4220,E01004178,Sutton 017D,E09000029,Sutton,17.18,16834,6,0.119,13806,5,0.074,17690,6,7.171,24856,8,-0.23,19584,6,0.137,14530,5,22.079,14228,5,37.094,5346,2
4221,E01004179,Sutton 017E,E09000029,Sutton,7.235,28027,9,0.046,27108,9,0.036,29025,9,4.483,27935,9,-1.192,30243,10,-0.229,20032,7,21.07,15418,5,25.933,11198,4
4222,E01004180,Sutton 020D,E09000029,Sutton,5.028,30475,10,0.044,27661,9,0.045,26451,9,2.786,29997,10,-1.385,31282,10,-0.473,23401,8,18.29,18739,6,10.746,23270,8
4223,E01004181,Sutton 020E,E09000029,Sutton,16.45,17510,6,0.108,15269,5,0.095,13387,5,6.415,25697,8,-0.247,19816,7,-0.85,27792,9,27.317,8973,3,29.413,9145,3
4224,E01004182,Sutton 019E,E09000029,Sutton,25.061,10724,4,0.199,6729,3,0.14,7479,3,15.833,16718,6,-0.22,19432,6,-0.164,19097,6,25.416,10731,4,28.376,9737,3
4225,E01004183,Sutton 001B,E09000029,Sutton,28.494,8769,3,0.201,6624,3,0.12,9715,3,33.828,7163,3,0.207,12972,4,0.333,11451,4,24.926,11201,4,27.714,10126,4
4226,E01004184,Sutton 001C,E09000029,Sutton,29.765,8136,3,0.201,6591,3,0.137,7754,3,29.214,8889,3,-0.196,19074,6,0.637,7243,3,30.752,6438,2,26.674,10766,4
4227,E01004185,Sutton 001D,E09000029,Sutton,43.208,3424,2,0.278,2925,1,0.211,2662,1,35.859,6489,2,0.446,9764,3,0.789,5536,2,38.655,2605,1,20.815,14681,5
4228,E01004186,Sutton 004D,E09000029,Sutton,13.757,20200,7,0.09,17933,6,0.063,20705,7,9.749,22097,7,-0.555,24129,8,0.2,13501,5,21.464,14937,5,29.398,9153,3
4229,E01004187,Sutton 005E,E09000029,Sutton,22.532,12367,4,0.127,12891,4,0.09,14183,5,23.111,11838,4,0.284,11843,4,0.082,15381,5,30.63,6508,2,27.184,10429,4
4230,E01004188,Sutton 004E,E09000029,Sutton,13.983,19972,7,0.106,15412,5,0.063,20789,7,14.959,17388,6,-0.72,26123,8,-0.062,17576,6,21.37,15057,5,25.73,11331,4
4231,E01004189,Sutton 001E,E09000029,Sutton,28.594,8713,3,0.176,8357,3,0.147,6801,3,29.555,8762,3,-0.095,17491,6,0.47,9476,3,26.854,9414,3,29.638,9029,3
4232,E01004190,Sutton 008C,E09000029,Sutton,4.657,30846,10,0.04,28616,9,0.027,31360,10,6.749,25305,8,-1.315,30929,10,-0.441,22988,7,15.292,22635,7,15.837,18559,6
4233,E01004191,Sutton 008D,E09000029,Sutton,7.762,27350,9,0.056,24576,8,0.043,27043,9,11.734,20207,7,-1.392,31307,10,-0.24,20199,7,17.39,19943,7,19.858,15398,5
4234,E01004192,Sutton 006C,E09000029,Sutton,11.343,22933,7,0.081,19331,6,0.065,20227,7,14.15,18027,6,-0.668,25571,8,-0.618,25286,8,21.658,14712,5,17.393,17293,6
4235,E01004193,Sutton 006D,E09000029,Sutton,12.377,21744,7,0.096,16941,6,0.051,24301,8,16.219,16393,5,-1.041,29139,9,-0.439,22958,7,30.77,6430,2,12.171,21823,7
4236,E01004194,Sutton 008E,E09000029,Sutton,11.041,23291,8,0.073,20874,7,0.066,19713,7,7.416,24576,8,-0.573,24351,8,-0.092,18009,6,22.046,14272,5,17.118,17490,6
4237,E01004195,Sutton 006E,E09000029,Sutton,9.504,25116,8,0.069,21813,7,0.039,28128,9,9.854,21992,7,-0.862,27618,9,0.046,15962,5,19.392,17404,6,23.907,12488,4
4238,E01004196,Sutton 008F,E09000029,Sutton,5.776,29706,10,0.049,26404,9,0.036,29073,9,6.176,25987,8,-0.906,28026,9,-0.635,25480,8,18.678,18262,6,14.408,19760,7
4239,E01032623,Sutton 025E,E09000029,Sutton,2.751,32359,10,0.031,30523,10,0.019,32297,10,0.843,32195,10,-1.742,32289,10,-1.177,30339,10,20.211,16406,5,8.84,25273,8
4240,E01004197,Tower Hamlets 002A,E09000030,Tower Hamlets,27.495,9298,3,0.184,7712,3,0.103,12036,4,9.012,22841,7,0.43,9948,4,0.73,6179,2,27.049,9220,3,40.716,4039,2
4241,E01004198,Tower Hamlets 002B,E09000030,Tower Hamlets,42.068,3698,2,0.273,3129,1,0.167,5199,2,25.548,10543,4,1.146,3188,1,1.152,2511,1,28.331,8165,3,31.078,8212,3
4242,E01004199,Tower Hamlets 002C,E09000030,Tower Hamlets,43.877,3280,1,0.296,2324,1,0.176,4585,2,33.984,7105,3,0.416,10109,4,1.486,1104,1,29.918,7026,3,33.528,6942,3
4243,E01004200,Tower Hamlets 005A,E09000030,Tower Hamlets,27.239,9443,3,0.14,11413,4,0.062,20962,7,3.34,29328,9,0.369,10726,4,0.564,8210,3,32.914,5133,2,75.606,31,1
4244,E01004201,Tower Hamlets 002D,E09000030,Tower Hamlets,25.908,10249,4,0.201,6612,3,0.109,11207,4,13.348,18721,6,0.183,13299,5,0.338,11350,4,28.164,8285,3,31.073,8215,3
4245,E01004202,Tower Hamlets 005B,E09000030,Tower Hamlets,25.423,10499,4,0.152,10362,4,0.076,17326,6,6.408,25709,8,0.402,10302,4,1.15,2523,1,29.048,7616,3,37.885,5034,2
4246,E01004203,Tower Hamlets 005C,E09000030,Tower Hamlets,28.299,8880,3,0.166,9119,3,0.086,14961,5,11.473,20447,7,0.465,9530,3,1.269,1884,1,29.303,7437,3,37.905,5027,2
4247,E01004204,Tower Hamlets 005D,E09000030,Tower Hamlets,33.995,6274,2,0.238,4625,2,0.139,7539,3,20.48,13484,5,0.763,6251,2,0.671,6840,3,26.734,9538,3,34.145,6614,3
4248,E01004205,Tower Hamlets 013A,E09000030,Tower Hamlets,37.904,4905,2,0.259,3626,2,0.165,5378,2,25.504,10571,4,0.796,5942,2,0.742,6033,2,30.1,6903,3,29.438,9129,3
4249,E01004206,Tower Hamlets 013B,E09000030,Tower Hamlets,43.126,3446,2,0.315,1804,1,0.181,4234,2,27.334,9678,3,0.759,6290,2,1.035,3262,1,30.109,6891,3,26.973,10562,4
4250,E01004207,Tower Hamlets 011A,E09000030,Tower Hamlets,34.765,5973,2,0.21,6101,2,0.146,6978,3,20.429,13523,5,0.438,9847,3,1.011,3435,2,29.569,7253,3,41.959,3675,2
4251,E01004208,Tower Hamlets 013C,E09000030,Tower Hamlets,25.084,10715,4,0.119,13795,5,0.058,22005,7,7.214,24783,8,-0.292,20530,7,1.303,1740,1,32.895,5143,2,56.306,1031,1
4252,E01004209,Tower Hamlets 011B,E09000030,Tower Hamlets,42.475,3602,2,0.3,2205,1,0.164,5408,2,25.325,10662,4,0.538,8647,3,1.509,1033,1,30.317,6743,3,31.452,8019,3
4253,E01004211,Tower Hamlets 013D,E09000030,Tower Hamlets,31.539,7276,3,0.164,9307,3,0.092,13898,5,4.09,28428,9,0.727,6611,3,1.53,967,1,33.31,4933,2,44.607,2990,1
4254,E01004212,Tower Hamlets 011D,E09000030,Tower Hamlets,24.876,10838,4,0.144,11068,4,0.073,17924,6,13.354,18714,6,0.349,10985,4,0.794,5486,2,32.781,5212,2,37.255,5284,2
4255,E01004214,Tower Hamlets 030A,E09000030,Tower Hamlets,35.567,5686,2,0.265,3414,2,0.182,4194,2,39.023,5630,2,0.484,9269,3,-0.117,18400,6,26.804,9451,3,16.354,18099,6
4256,E01004215,Tower Hamlets 028A,E09000030,Tower Hamlets,17.411,16624,6,0.134,12145,4,0.064,20511,7,10.429,21425,7,-0.05,16782,6,-0.653,25689,8,31.154,6190,2,29.333,9191,3
4257,E01004216,Tower Hamlets 030B,E09000030,Tower Hamlets,14.112,19837,7,0.107,15389,5,0.056,22731,7,8.338,23592,8,0.293,11721,4,-0.749,26777,9,27.087,9185,3,15.376,18895,6
4258,E01004217,Tower Hamlets 030C,E09000030,Tower Hamlets,22.505,12388,4,0.164,9317,3,0.102,12248,4,9.965,21861,7,0.278,11936,4,0.544,8484,3,26.685,9574,3,18.466,16455,6
4259,E01004218,Tower Hamlets 030D,E09000030,Tower Hamlets,12.658,21427,7,0.098,16573,6,0.062,21043,7,5.419,26821,9,-0.417,22346,7,0.267,12443,4,23.676,12459,4,14.313,19847,7
4260,E01004219,Tower Hamlets 028B,E09000030,Tower Hamlets,33.685,6380,2,0.22,5543,2,0.101,12352,4,15.61,16897,6,0.342,11065,4,1.292,1794,1,36.005,3637,2,40.311,4166,2
4261,E01004221,Tower Hamlets 028D,E09000030,Tower Hamlets,18.973,15260,5,0.145,10971,4,0.077,17069,6,8.194,23740,8,0.593,8017,3,-0.294,20961,7,25.438,10706,4,19.651,15559,5
4262,E01004222,Tower Hamlets 001A,E09000030,Tower Hamlets,37.724,4966,2,0.273,3106,1,0.166,5237,2,28.09,9363,3,0.675,7130,3,0.797,5456,2,28.088,8356,3,23.771,12586,4
4263,E01004223,Tower Hamlets 001B,E09000030,Tower Hamlets,35.516,5705,2,0.241,4442,2,0.144,7078,3,22.192,12417,4,0.524,8818,3,1.21,2182,1,26.053,10129,4,32.212,7611,3
4264,E01004224,Tower Hamlets 001C,E09000030,Tower Hamlets,31.203,7452,3,0.203,6489,2,0.107,11423,4,19.274,14208,5,0.797,5938,2,0.993,3579,2,28.281,8201,3,29.203,9275,3
4265,E01004225,Tower Hamlets 004A,E09000030,Tower Hamlets,20.839,13671,5,0.08,19542,6,0.039,28102,9,8.298,23642,8,-0.118,17872,6,-0.037,17255,6,33.652,4747,2,77.145,20,1
4266,E01004226,Tower Hamlets 001D,E09000030,Tower Hamlets,28.641,8684,3,0.224,5264,2,0.115,10317,4,20.466,13495,5,0.049,15260,5,0.896,4425,2,28.751,7853,3,19.208,15882,5
4267,E01004228,Tower Hamlets 003A,E09000030,Tower Hamlets,21.888,12849,4,0.128,12809,4,0.085,15277,5,12.526,19476,6,0.238,12539,4,0.945,3978,2,23.542,12614,4,27.091,10481,4
4268,E01004229,Tower Hamlets 004C,E09000030,Tower Hamlets,25.746,10339,4,0.183,7797,3,0.104,11854,4,12.646,19356,6,0.25,12328,4,0.54,8527,3,28.64,7940,3,31.979,7730,3
4269,E01004230,Tower Hamlets 003B,E09000030,Tower Hamlets,27.77,9165,3,0.184,7710,3,0.104,11941,4,17.016,15802,5,0.302,11603,4,0.914,4262,2,27.135,9135,3,32.763,7317,3
4270,E01004231,Tower Hamlets 004D,E09000030,Tower Hamlets,32.526,6874,3,0.226,5201,2,0.131,8407,3,22.942,11943,4,0.333,11162,4,0.903,4352,2,30.216,6817,3,29.804,8927,3
4271,E01004232,Tower Hamlets 003C,E09000030,Tower Hamlets,20.727,13752,5,0.097,16812,6,0.056,22641,7,5.217,27068,9,-0.46,22894,7,1.515,1013,1,24.139,12002,4,44.937,2915,1
4272,E01004233,Tower Hamlets 003D,E09000030,Tower Hamlets,31.122,7486,3,0.261,3554,2,0.135,7976,3,25.405,10613,4,0.062,15051,5,0.394,10549,4,27.262,9022,3,25.069,11740,4
4273,E01004234,Tower Hamlets 003E,E09000030,Tower Hamlets,24.249,11218,4,0.112,14721,5,0.064,20450,7,2.713,30076,10,-0.349,21438,7,1.913,282,1,23.131,13070,4,52.187,1549,1
4274,E01004235,Tower Hamlets 008A,E09000030,Tower Hamlets,32.56,6856,3,0.262,3528,2,0.149,6629,3,29.427,8809,3,0.143,13829,5,0.134,14589,5,29.472,7320,3,24.476,12106,4
4275,E01004236,Tower Hamlets 008B,E09000030,Tower Hamlets,38.698,4668,2,0.277,2973,1,0.152,6368,2,28.717,9095,3,0.511,8972,3,1.386,1403,1,29.123,7560,3,20.11,15197,5
4276,E01004237,Tower Hamlets 008C,E09000030,Tower Hamlets,29.74,8147,3,0.228,5089,2,0.118,9919,4,13.649,18464,6,-0.017,16260,5,0.992,3591,2,26.729,9539,3,34.722,6363,2
4277,E01004238,Tower Hamlets 008D,E09000030,Tower Hamlets,30.706,7688,3,0.228,5110,2,0.106,11594,4,14.362,17858,6,0.122,14156,5,0.95,3925,2,35.614,3797,2,31.775,7844,3
4278,E01004239,Tower Hamlets 008E,E09000030,Tower Hamlets,41.301,3901,2,0.272,3158,1,0.177,4526,2,29.317,8854,3,0.487,9244,3,1.426,1263,1,32.665,5291,2,23.548,12744,4
4279,E01004240,Tower Hamlets 012A,E09000030,Tower Hamlets,31.696,7203,3,0.239,4558,2,0.131,8328,3,29.774,8671,3,0.114,14301,5,0.695,6563,2,30.289,6767,3,21.887,13922,5
4280,E01004241,Tower Hamlets 012B,E09000030,Tower Hamlets,36.941,5227,2,0.252,3915,2,0.165,5358,2,29.383,8830,3,0.608,7834,3,0.79,5526,2,29.158,7531,3,26.551,10835,4
4281,E01004242,Tower Hamlets 012C,E09000030,Tower Hamlets,26.689,9768,3,0.194,7030,3,0.103,11988,4,19.695,13945,5,0.129,14039,5,0.289,12110,4,35.089,4055,2,26.258,11014,4
4282,E01004243,Tower Hamlets 020A,E09000030,Tower Hamlets,36.13,5485,2,0.254,3864,2,0.143,7164,3,39.595,5465,2,-0.011,16176,5,0.669,6863,3,27.667,8704,3,41.013,3941,2
4283,E01004244,Tower Hamlets 020B,E09000030,Tower Hamlets,43.233,3416,2,0.286,2700,1,0.214,2550,1,34.048,7086,3,0.6,7921,3,0.966,3800,2,26.068,10118,4,29.933,8855,3
4284,E01004245,Tower Hamlets 018A,E09000030,Tower Hamlets,46.457,2763,1,0.318,1707,1,0.175,4641,2,37.599,6027,2,0.605,7873,3,0.949,3940,2,42.072,1645,1,30.679,8423,3
4285,E01004246,Tower Hamlets 018B,E09000030,Tower Hamlets,29.919,8057,3,0.21,6099,2,0.095,13464,5,19.422,14134,5,0.042,15354,5,1.38,1427,1,31.663,5863,2,26.864,10644,4
4286,E01004247,Tower Hamlets 020C,E09000030,Tower Hamlets,41.665,3824,2,0.298,2273,1,0.162,5571,2,33.214,7370,3,0.673,7141,3,0.908,4320,2,29.957,7001,3,34.27,6567,2
4287,E01004248,Tower Hamlets 018C,E09000030,Tower Hamlets,43.068,3465,2,0.304,2070,1,0.171,4939,2,51.439,2972,1,0.696,6920,3,0.309,11804,4,32.797,5195,2,28.219,9828,3
4288,E01004249,Tower Hamlets 018D,E09000030,Tower Hamlets,43.123,3447,2,0.29,2524,1,0.186,3932,2,33.035,7430,3,0.317,11392,4,1.07,2995,1,37.173,3139,1,30.002,8810,3
4289,E01004250,Tower Hamlets 020D,E09000030,Tower Hamlets,39.575,4393,2,0.292,2463,1,0.181,4240,2,37.876,5943,2,0.644,7452,3,0.514,8877,3,27.378,8932,3,21.203,14397,5
4290,E01004251,Tower Hamlets 023A,E09000030,Tower Hamlets,28.656,8675,3,0.202,6552,2,0.104,11948,4,19.536,14063,5,0.314,11436,4,0.895,4437,2,30.288,6768,3,26.301,10990,4
4291,E01004252,Tower Hamlets 024A,E09000030,Tower Hamlets,35.19,5828,2,0.276,3024,1,0.149,6664,3,12.836,19176,6,0.752,6353,2,0.615,7522,3,33.835,4657,2,21.976,13863,5
4292,E01004253,Tower Hamlets 024B,E09000030,Tower Hamlets,28.245,8904,3,0.213,5944,2,0.114,10442,4,28.164,9331,3,0.06,15086,5,0.554,8336,3,28.675,7908,3,22.928,13180,5
4293,E01004254,Tower Hamlets 023B,E09000030,Tower Hamlets,18.74,15458,5,0.107,15403,5,0.05,24774,8,5.047,27238,9,-0.594,24642,8,0.869,4697,2,25.669,10493,4,49.628,1972,1
4294,E01004255,Tower Hamlets 023C,E09000030,Tower Hamlets,34.736,5983,2,0.258,3679,2,0.156,6024,2,21.131,13055,4,0.518,8898,3,0.533,8636,3,30.152,6851,3,29.211,9266,3
4295,E01004256,Tower Hamlets 024C,E09000030,Tower Hamlets,35.605,5676,2,0.276,3000,1,0.157,5962,2,31.22,8103,3,0.29,11757,4,0.296,11989,4,29.559,7265,3,29.869,8890,3
4296,E01004257,Tower Hamlets 024D,E09000030,Tower Hamlets,32.994,6674,3,0.221,5463,2,0.116,10235,4,30.161,8492,3,0.329,11232,4,1.091,2855,1,27.877,8541,3,32.258,7577,3
4297,E01004258,Tower Hamlets 023D,E09000030,Tower Hamlets,21.968,12802,4,0.129,12575,4,0.084,15498,5,6.528,25568,8,-0.273,20254,7,0.335,11422,4,37.294,3103,1,39.084,4591,2
4298,E01004259,Tower Hamlets 007A,E09000030,Tower Hamlets,26.215,10040,4,0.164,9303,3,0.089,14497,5,7.56,24418,8,0.449,9731,3,0.947,3961,2,27.822,8583,3,38.688,4726,2
4299,E01004260,Tower Hamlets 007B,E09000030,Tower Hamlets,32.227,6995,3,0.242,4372,2,0.123,9368,3,24.36,11154,4,0.509,8998,3,0.394,10548,4,30.69,6478,2,31.602,7934,3
4300,E01004261,Tower Hamlets 010A,E09000030,Tower Hamlets,25.849,10280,4,0.15,10457,4,0.056,22825,7,28.759,9078,3,0.319,11369,4,0.115,14896,5,34.756,4193,2,46.926,2465,1
4301,E01004262,Tower Hamlets 010B,E09000030,Tower Hamlets,29.288,8367,3,0.167,9061,3,0.088,14698,5,21.587,12810,4,0.616,7752,3,0.886,4526,2,28.82,7791,3,41.661,3755,2
4302,E01004263,Tower Hamlets 007C,E09000030,Tower Hamlets,32.958,6689,3,0.221,5458,2,0.138,7706,3,32.123,7768,3,0.433,9901,4,0.667,6883,3,26.509,9704,3,31.506,7988,3
4303,E01004264,Tower Hamlets 010C,E09000030,Tower Hamlets,34.313,6140,2,0.243,4368,2,0.129,8642,3,24.996,10828,4,0.614,7769,3,0.344,11260,4,38.478,2665,1,28.348,9756,3
4304,E01004266,Tower Hamlets 007D,E09000030,Tower Hamlets,26.897,9652,3,0.195,6969,3,0.098,12940,4,15.197,17208,6,0.124,14124,5,0.813,5277,2,26.632,9611,3,35.589,5976,2
4305,E01004267,Tower Hamlets 012D,E09000030,Tower Hamlets,32.998,6672,3,0.24,4497,2,0.121,9591,3,8.844,23029,8,0.107,14406,5,1.19,2294,1,28.817,7793,3,45.232,2838,1
4306,E01004268,Tower Hamlets 012E,E09000030,Tower Hamlets,34.358,6121,2,0.258,3680,2,0.152,6345,2,24.416,11128,4,0.712,6762,3,-0.217,19864,7,33.217,4980,2,26.525,10850,4
4307,E01004269,Tower Hamlets 014A,E09000030,Tower Hamlets,32.249,6988,3,0.222,5432,2,0.109,11190,4,15.032,17331,6,0.587,8093,3,1.084,2915,1,30.821,6404,2,34.293,6554,2
4308,E01004270,Tower Hamlets 014B,E09000030,Tower Hamlets,22.295,12534,4,0.137,11744,4,0.055,22974,7,8.695,23195,8,-0.428,22482,7,1.291,1797,1,32.506,5375,2,35.617,5964,2
4309,E01004271,Tower Hamlets 014C,E09000030,Tower Hamlets,31.028,7538,3,0.221,5467,2,0.107,11410,4,25.894,10370,4,0.451,9699,3,0.635,7261,3,30.467,6633,3,32.579,7422,3
4310,E01004272,Tower Hamlets 014D,E09000030,Tower Hamlets,35.145,5842,2,0.274,3077,1,0.145,7014,3,32.437,7642,3,0.251,12321,4,0.567,8162,3,32.831,5177,2,20.603,14821,5
4311,E01004273,Tower Hamlets 014E,E09000030,Tower Hamlets,36.777,5279,2,0.281,2848,1,0.15,6542,2,31.377,8047,3,0.13,14032,5,0.853,4859,2,32.786,5208,2,24.867,11866,4
4312,E01004274,Tower Hamlets 031A,E09000030,Tower Hamlets,24.191,11260,4,0.225,5224,2,0.118,9916,4,20.038,13744,5,-0.194,19041,6,-0.431,22842,7,27.644,8721,3,15.033,19171,6
4313,E01004275,Tower Hamlets 031B,E09000030,Tower Hamlets,13.794,20159,7,0.099,16440,6,0.06,21558,7,14.544,17728,6,-0.286,20434,7,-0.532,24221,8,24.978,11133,4,22.819,13248,5
4314,E01004276,Tower Hamlets 031C,E09000030,Tower Hamlets,5.371,30144,10,0.026,31509,10,0.014,32613,10,4.815,27528,9,-1.108,29654,10,-1.14,30108,10,23.165,13025,4,25.034,11759,4
4315,E01004277,Tower Hamlets 033A,E09000030,Tower Hamlets,7.917,27157,9,0.041,28405,9,0.043,27005,9,3.203,29500,9,-0.429,22494,7,-2.181,32748,10,32.221,5516,2,13.687,20412,7
4316,E01004280,Tower Hamlets 032A,E09000030,Tower Hamlets,25.118,10692,4,0.226,5195,2,0.116,10218,4,18.608,14697,5,-0.028,16434,6,-0.493,23682,8,27.303,8990,3,24.375,12182,4
4317,E01004281,Tower Hamlets 031D,E09000030,Tower Hamlets,8.22,26798,9,0.06,23652,8,0.032,30174,10,1.874,31029,10,-0.432,22536,7,-0.506,23879,8,24.493,11637,4,23.234,12962,4
4318,E01004283,Tower Hamlets 016A,E09000030,Tower Hamlets,29.565,8223,3,0.237,4683,2,0.111,10881,4,21.326,12953,4,0.253,12293,4,0.187,13726,5,29.92,7025,3,35.067,6214,2
4319,E01004284,Tower Hamlets 019A,E09000030,Tower Hamlets,31.368,7366,3,0.265,3396,2,0.13,8516,3,13.473,18617,6,0.402,10296,4,0.297,11967,4,33.013,5067,2,25.179,11665,4
4320,E01004285,Tower Hamlets 019B,E09000030,Tower Hamlets,39.744,4342,2,0.276,3001,1,0.152,6403,2,39.002,5637,2,0.589,8068,3,0.512,8919,3,38.3,2737,1,28.273,9799,3
4321,E01004286,Tower Hamlets 019C,E09000030,Tower Hamlets,36.494,5381,2,0.246,4228,2,0.163,5487,2,22.471,12259,4,0.392,10443,4,0.81,5300,2,26.994,9285,3,42.275,3597,2
4322,E01004287,Tower Hamlets 016B,E09000030,Tower Hamlets,29.947,8047,3,0.24,4514,2,0.12,9711,3,19.707,13937,5,0.315,11422,4,0.167,14048,5,28.426,8092,3,34.912,6285,2
4323,E01004288,Tower Hamlets 019D,E09000030,Tower Hamlets,37.996,4874,2,0.262,3503,2,0.161,5647,2,30.768,8278,3,0.79,5989,2,0.513,8905,3,29.377,7391,3,32.368,7541,3
4324,E01004289,Tower Hamlets 016C,E09000030,Tower Hamlets,34.596,6032,2,0.212,5970,2,0.136,7920,3,15.779,16770,6,0.959,4547,2,0.867,4731,2,28.268,8209,3,39.329,4489,2
4325,E01004290,Tower Hamlets 016D,E09000030,Tower Hamlets,28.558,8732,3,0.196,6890,3,0.106,11618,4,12.545,19462,6,0.404,10279,4,0.809,5312,2,29.809,7099,3,34.799,6329,2
4326,E01004291,Tower Hamlets 027A,E09000030,Tower Hamlets,9.872,24676,8,0.066,22315,7,0.04,27781,9,5.502,26714,9,-0.435,22578,7,-0.354,21806,7,23.963,12186,4,26.702,10745,4
4327,E01004292,Tower Hamlets 026A,E09000030,Tower Hamlets,7.73,27385,9,0.045,27476,9,0.024,31829,10,3.334,29342,9,-0.49,23286,8,0.033,16173,5,22.351,13903,5,23.48,12797,4
4328,E01004293,Tower Hamlets 027B,E09000030,Tower Hamlets,8.793,26059,8,0.06,23841,8,0.039,28151,9,2.813,29964,10,-0.936,28275,9,-0.411,22581,7,21.991,14340,5,32.699,7355,3
4329,E01004294,Tower Hamlets 026B,E09000030,Tower Hamlets,18.648,15535,5,0.146,10874,4,0.084,15509,5,6.7,25369,8,-0.169,18665,6,-0.666,25829,8,29.949,7003,3,32.095,7662,3
4330,E01004295,Tower Hamlets 026C,E09000030,Tower Hamlets,31.081,7506,3,0.236,4735,2,0.115,10309,4,30.84,8243,3,-0.125,17974,6,0.62,7446,3,31.822,5763,2,31.168,8169,3
4331,E01004296,Tower Hamlets 026D,E09000030,Tower Hamlets,26.077,10142,4,0.205,6389,2,0.113,10657,4,14.003,18162,6,-0.008,16141,5,0.534,8620,3,31.42,6014,2,22.962,13149,5
4332,E01004297,Tower Hamlets 027C,E09000030,Tower Hamlets,9.299,25393,8,0.071,21277,7,0.041,27597,9,3.518,29108,9,-0.717,26099,8,-0.11,18281,6,21.026,15473,5,26.546,10839,4
4333,E01004298,Tower Hamlets 022A,E09000030,Tower Hamlets,41.255,3911,2,0.281,2837,1,0.15,6585,3,22.931,11954,4,1.019,4096,2,0.949,3936,2,28.729,7874,3,42.885,3427,2
4334,E01004300,Tower Hamlets 022B,E09000030,Tower Hamlets,36.677,5313,2,0.27,3222,1,0.172,4838,2,22.754,12065,4,0.695,6932,3,0.442,9875,4,29.811,7096,3,26.331,10972,4
4335,E01004301,Tower Hamlets 025B,E09000030,Tower Hamlets,35.818,5604,2,0.268,3305,2,0.122,9389,3,17.606,15389,5,0.359,10874,4,1.173,2395,1,34.098,4523,2,33.159,7126,3
4336,E01004302,Tower Hamlets 025C,E09000030,Tower Hamlets,25.269,10599,4,0.182,7909,3,0.096,13191,5,27.331,9681,3,-0.407,22204,7,-0.071,17707,6,36.844,3255,1,28.803,9511,3
4337,E01004303,Tower Hamlets 025D,E09000030,Tower Hamlets,23.954,11397,4,0.194,7019,3,0.095,13440,5,8.672,23222,8,-0.177,18785,6,0.571,8128,3,30.574,6551,2,29.454,9122,3
4338,E01004304,Tower Hamlets 022C,E09000030,Tower Hamlets,38.469,4740,2,0.271,3193,1,0.145,7053,3,24.368,11147,4,0.515,8929,3,0.937,4060,2,31.027,6256,2,40.973,3953,2
4339,E01004305,Tower Hamlets 022D,E09000030,Tower Hamlets,30.888,7611,3,0.223,5329,2,0.12,9699,3,19.803,13881,5,0.128,14059,5,0.633,7293,3,31.299,6087,2,37.721,5094,2
4340,E01004306,Tower Hamlets 015A,E09000030,Tower Hamlets,36.699,5304,2,0.217,5671,2,0.13,8447,3,6.227,25923,8,0.628,7621,3,1.389,1393,1,30.649,6501,2,54.406,1254,1
4341,E01004307,Tower Hamlets 015B,E09000030,Tower Hamlets,14.037,19910,7,0.056,24683,8,0.03,30545,10,11.276,20640,7,-0.636,25166,8,-0.435,22890,7,31.642,5883,2,49.918,1930,1
4342,E01004308,Tower Hamlets 015C,E09000030,Tower Hamlets,28.761,8621,3,0.223,5361,2,0.109,11198,4,13.694,18424,6,0.051,15209,5,0.895,4438,2,30.13,6872,3,30.48,8531,3
4343,E01004309,Tower Hamlets 015D,E09000030,Tower Hamlets,38.451,4749,2,0.261,3549,2,0.17,4957,2,19.634,13995,5,0.813,5780,2,0.598,7779,3,32.346,5452,2,35.611,5965,2
4344,E01004310,Tower Hamlets 015E,E09000030,Tower Hamlets,37.267,5125,2,0.252,3936,2,0.15,6580,3,17.072,15761,5,0.701,6872,3,0.617,7483,3,33.299,4939,2,44.052,3140,1
4345,E01004311,Tower Hamlets 006A,E09000030,Tower Hamlets,38.758,4644,2,0.257,3710,2,0.146,6926,3,13.487,18602,6,0.665,7236,3,1.658,657,1,27.841,8569,3,37.131,5332,2
4346,E01004312,Tower Hamlets 009A,E09000030,Tower Hamlets,39.603,4384,2,0.284,2758,1,0.145,7051,3,22.886,11977,4,0.744,6428,2,1.218,2141,1,29.672,7199,3,32.972,7218,3
4347,E01004313,Tower Hamlets 009B,E09000030,Tower Hamlets,24.564,11032,4,0.179,8127,3,0.085,15213,5,15.278,17146,6,0.012,15811,5,0.312,11763,4,31.823,5762,2,36.599,5538,2
4348,E01004314,Tower Hamlets 006B,E09000030,Tower Hamlets,21.635,13053,4,0.114,14399,5,0.057,22359,7,2.712,30078,10,0.08,14822,5,1.405,1335,1,21.555,14837,5,44.536,3013,1
4349,E01004315,Tower Hamlets 006C,E09000030,Tower Hamlets,32.576,6850,3,0.199,6721,3,0.107,11444,4,15.126,17271,6,0.445,9775,3,1.676,616,1,28.434,8085,3,34.287,6555,2
4350,E01004316,Tower Hamlets 009C,E09000030,Tower Hamlets,39.089,4542,2,0.218,5647,2,0.13,8434,3,12.281,19687,6,0.59,8060,3,2.119,124,1,32.669,5286,2,46.213,2623,1
4351,E01004317,Tower Hamlets 009D,E09000030,Tower Hamlets,27.603,9244,3,0.172,8610,3,0.09,14326,5,4.194,28293,9,0.374,10657,4,1.293,1789,1,31.478,5976,2,35.169,6157,2
4352,E01004318,Tower Hamlets 006D,E09000030,Tower Hamlets,35.903,5572,2,0.236,4712,2,0.163,5505,2,19.26,14216,5,0.609,7828,3,0.893,4456,2,28.408,8104,3,34.932,6275,2
4353,E01004319,Tower Hamlets 021A,E09000030,Tower Hamlets,32.582,6845,3,0.251,3962,2,0.122,9503,3,17.025,15797,5,0.207,12967,4,0.779,5645,2,32.759,5230,2,34.485,6475,2
4354,E01004321,Tower Hamlets 021C,E09000030,Tower Hamlets,33.782,6345,2,0.264,3464,2,0.136,7867,3,13.022,19023,6,0.159,13628,5,0.867,4720,2,32.984,5090,2,34.102,6636,3
4355,E01004322,Tower Hamlets 017A,E09000030,Tower Hamlets,32.255,6983,3,0.192,7184,3,0.114,10461,4,11.588,20343,7,0.358,10885,4,1.521,989,1,30.651,6498,2,38.304,4883,2
4356,E01004323,Tower Hamlets 017B,E09000030,Tower Hamlets,27.821,9137,3,0.201,6631,3,0.095,13372,5,11.422,20496,7,0.844,5502,2,0.695,6565,2,29.256,7470,3,24.016,12408,4
4357,E01004324,Tower Hamlets 017C,E09000030,Tower Hamlets,37.489,5052,2,0.224,5287,2,0.128,8728,3,31.04,8163,3,1.239,2652,1,0.675,6782,3,32.236,5502,2,32.97,7219,3
4358,E01004325,Tower Hamlets 021D,E09000030,Tower Hamlets,24.528,11050,4,0.118,13938,5,0.044,26686,9,5.863,26309,9,-0.259,20009,7,0.748,5960,2,34.692,4226,2,76.669,23,1
4359,E01004326,Tower Hamlets 017D,E09000030,Tower Hamlets,26.259,10008,4,0.162,9496,3,0.077,17038,6,11.803,20144,7,-0.1,17571,6,1.316,1686,1,30.032,6946,3,39.698,4359,2
4360,E01032764,Tower Hamlets 004E,E09000030,Tower Hamlets,22.225,12594,4,0.122,13422,5,0.06,21514,7,6.505,25596,8,0.294,11712,4,0.817,5234,2,38.238,2752,1,30.682,8420,3
4361,E01032765,Tower Hamlets 004F,E09000030,Tower Hamlets,28.215,8918,3,0.209,6127,2,0.12,9640,3,20.301,13600,5,0.388,10509,4,0.091,15257,5,33.982,4582,2,22.205,13719,5
4362,E01032766,Tower Hamlets 021E,E09000030,Tower Hamlets,19.785,14542,5,0.127,12899,4,0.045,26345,9,13.234,18841,6,-0.241,19731,7,0.32,11632,4,34.113,4517,2,41.577,3772,2
4363,E01032767,Tower Hamlets 021F,E09000030,Tower Hamlets,11.859,22328,7,0.05,26253,8,0.018,32387,10,7.964,23989,8,-0.335,21197,7,-0.771,27013,9,27.524,8817,3,46.728,2504,1
4364,E01032768,Tower Hamlets 025E,E09000030,Tower Hamlets,12.944,21107,7,0.025,31644,10,0.015,32573,10,1.094,31916,10,-0.382,21887,7,0.542,8510,3,33.227,4975,2,43.494,3296,2
4365,E01032769,Tower Hamlets 025F,E09000030,Tower Hamlets,17.995,16124,5,0.108,15268,5,0.044,26766,9,5.062,27217,9,-0.246,19811,7,1.053,3127,1,26.218,9968,4,36.588,5546,2
4366,E01032770,Tower Hamlets 032B,E09000030,Tower Hamlets,16.648,17320,6,0.133,12243,4,0.058,22131,7,4.763,27591,9,0.118,14239,5,0.041,16021,5,30.24,6803,3,21.83,13962,5
4367,E01032771,Tower Hamlets 033B,E09000030,Tower Hamlets,13.182,20860,7,0.109,15080,5,0.055,23146,8,9.051,22803,7,-0.575,24384,8,-2.249,32770,10,33.139,5006,2,19.383,15752,5
4368,E01032772,Tower Hamlets 032C,E09000030,Tower Hamlets,23.845,11466,4,0.161,9542,3,0.081,16023,5,6.559,25528,8,0.456,9637,3,0.397,10497,4,35.326,3924,2,30.05,8778,3
4369,E01032773,Tower Hamlets 032D,E09000030,Tower Hamlets,14.374,19572,6,0.112,14738,5,0.037,28681,9,7.106,24940,8,-0.543,23973,8,-1.071,29625,10,41.832,1702,1,21.087,14492,5
4370,E01032774,Tower Hamlets 032E,E09000030,Tower Hamlets,30.236,7916,3,0.189,7419,3,0.121,9525,3,27.345,9669,3,0.738,6497,2,-0.021,17007,6,36.445,3435,2,23.299,12927,4
4371,E01032775,Tower Hamlets 031F,E09000030,Tower Hamlets,9.375,25292,8,0.046,27216,9,0.028,31102,10,13.129,18922,6,-0.206,19212,6,-0.965,28814,9,24.965,11148,4,26.259,11011,4
4372,E01032776,Tower Hamlets 028E,E09000030,Tower Hamlets,9.775,24799,8,0.029,30953,10,0.013,32658,10,6.132,26033,8,-0.505,23493,8,-0.232,20097,7,31.813,5773,2,32.528,7451,3
4373,E01032777,Tower Hamlets 028F,E09000030,Tower Hamlets,18.527,15657,5,0.121,13510,5,0.07,18860,6,8.4,23529,8,0.035,15462,5,-0.704,26260,8,41.007,1926,1,21.429,14240,5
4374,E01032778,Tower Hamlets 028G,E09000030,Tower Hamlets,17.421,16614,6,0.057,24431,8,0.03,30655,10,10.553,21307,7,-0.289,20479,7,0.395,10526,4,34.053,4550,2,54.269,1275,1
4375,E01032779,Tower Hamlets 028H,E09000030,Tower Hamlets,17.288,16738,6,0.085,18664,6,0.042,27433,9,11.677,20253,7,-0.284,20410,7,-0.926,28494,9,33.827,4664,2,53.514,1361,1
4376,E01032780,Tower Hamlets 028I,E09000030,Tower Hamlets,16.174,17778,6,0.068,22013,7,0.023,31959,10,3.267,29420,9,-0.375,21797,7,-0.142,18773,6,30.691,6476,2,63.287,412,1
4377,E01032781,Tower Hamlets 033C,E09000030,Tower Hamlets,12.666,21416,7,0.103,15950,5,0.049,25130,8,3.319,29362,9,-0.206,19222,6,-0.594,25023,8,24.832,11289,4,30.821,8355,3
4378,E01032782,Tower Hamlets 033D,E09000030,Tower Hamlets,19.565,14749,5,0.099,16390,5,0.048,25283,8,13.709,18407,6,-0.173,18715,6,-0.553,24499,8,43.595,1303,1,40.599,4073,2
4379,E01032783,Tower Hamlets 031G,E09000030,Tower Hamlets,17.654,16421,5,0.148,10649,4,0.068,19180,6,8.355,23572,8,0.042,15361,5,-0.035,17212,6,26.271,9917,4,24.037,12385,4
4380,E01032784,Tower Hamlets 004G,E09000030,Tower Hamlets,22.78,12196,4,0.129,12658,4,0.057,22534,7,6.692,25386,8,0.815,5757,2,0.627,7363,3,35.167,4009,2,28.936,9415,3
4381,E01032785,Tower Hamlets 010E,E09000030,Tower Hamlets,20.779,13712,5,0.156,9910,4,0.071,18462,6,4.783,27568,9,-0.231,19599,6,-0.474,23414,8,31.038,6251,2,49.045,2065,1
4382,E01032786,Tower Hamlets 010F,E09000030,Tower Hamlets,26.705,9758,3,0.198,6766,3,0.132,8275,3,15.966,16614,6,0.264,12129,4,0.152,14275,5,27.553,8794,3,25.914,11212,4
4383,E01032787,Tower Hamlets 011F,E09000030,Tower Hamlets,34.191,6192,2,0.264,3443,2,0.136,7888,3,27.342,9671,3,0.01,15846,5,0.931,4120,2,31.894,5724,2,24.545,12058,4
4384,E01004327,Waltham Forest 028A,E09000031,Waltham Forest,30.077,7992,3,0.205,6354,2,0.125,9107,3,15.653,16857,6,-0.146,18334,6,0.529,8686,3,40.413,2075,1,33.794,6800,3
4385,E01004328,Waltham Forest 028B,E09000031,Waltham Forest,23.151,11954,4,0.116,14206,5,0.067,19478,6,13.867,18280,6,-0.395,22056,7,0.36,11018,4,36.418,3449,2,54.277,1274,1
4386,E01004329,Waltham Forest 028C,E09000031,Waltham Forest,23.702,11575,4,0.138,11696,4,0.076,17177,6,17.384,15545,5,-0.087,17359,6,-0.207,19722,7,38.51,2655,1,44.211,3097,1
4387,E01004330,Waltham Forest 028D,E09000031,Waltham Forest,16.923,17056,6,0.096,17015,6,0.047,25734,8,9.942,21883,7,-0.751,26474,9,0.169,14019,5,32.208,5521,2,45.274,2829,1
4388,E01004331,Waltham Forest 028E,E09000031,Waltham Forest,22.836,12158,4,0.153,10241,4,0.078,16838,6,16.202,16404,5,-0.203,19183,6,-0.441,22999,8,42.216,1609,1,32.482,7475,3
4389,E01004332,Waltham Forest 028F,E09000031,Waltham Forest,28.195,8927,3,0.145,10968,4,0.086,15118,5,19.068,14346,5,0.662,7275,3,0.425,10086,4,40.628,2015,1,36.146,5752,2
4390,E01004333,Waltham Forest 024A,E09000031,Waltham Forest,27.949,9066,3,0.179,8117,3,0.097,13058,4,15.028,17332,6,0.176,13373,5,0.52,8788,3,44.426,1157,1,26.464,10900,4
4391,E01004334,Waltham Forest 024B,E09000031,Waltham Forest,44.7,3119,1,0.322,1608,1,0.178,4449,2,30.023,8549,3,0.633,7569,3,0.638,7222,3,45.422,980,1,22.907,13198,5
4392,E01004335,Waltham Forest 027A,E09000031,Waltham Forest,39.67,4362,2,0.273,3130,1,0.161,5624,2,27.776,9490,3,0.485,9260,3,0.454,9703,3,43.381,1353,1,31.142,8182,3
4393,E01004336,Waltham Forest 026A,E09000031,Waltham Forest,24.337,11164,4,0.125,13144,5,0.075,17446,6,20.331,13583,5,-0.486,23225,8,0.54,8540,3,43.507,1324,1,36.357,5649,2
4394,E01004337,Waltham Forest 027B,E09000031,Waltham Forest,26.107,10118,4,0.169,8892,3,0.086,15050,5,18.937,14443,5,-0.037,16571,6,0.142,14438,5,43.055,1419,1,32.445,7493,3
4395,E01004338,Waltham Forest 027C,E09000031,Waltham Forest,19.373,14941,5,0.113,14569,5,0.06,21426,7,9.376,22497,7,-0.517,23656,8,0.047,15927,5,38.84,2542,1,40.248,4182,2
4396,E01004339,Waltham Forest 027D,E09000031,Waltham Forest,24.516,11057,4,0.13,12528,4,0.073,18098,6,13.282,18798,6,-0.533,23834,8,0.267,12442,4,50.338,283,1,36.545,5560,2
4397,E01004340,Waltham Forest 027E,E09000031,Waltham Forest,43.177,3432,2,0.265,3397,2,0.182,4162,2,21.854,12638,4,0.778,6104,2,1.015,3404,2,44.528,1141,1,29.089,9326,3
4398,E01004341,Waltham Forest 027F,E09000031,Waltham Forest,32.124,7036,3,0.203,6453,2,0.121,9522,3,20.278,13615,5,0.08,14814,5,0.71,6389,2,43.289,1364,1,31.812,7822,3
4399,E01004342,Waltham Forest 011A,E09000031,Waltham Forest,22.387,12475,4,0.125,13130,4,0.07,18735,6,17.028,15794,5,-0.197,19095,6,0.405,10356,4,40.612,2020,1,31.994,7717,3
4400,E01004343,Waltham Forest 008A,E09000031,Waltham Forest,15.753,18190,6,0.086,18621,6,0.061,21108,7,9.478,22382,7,-0.668,25564,8,0.254,12664,4,30.34,6726,3,34.693,6378,2
4401,E01004344,Waltham Forest 008B,E09000031,Waltham Forest,30.519,7780,3,0.157,9871,4,0.081,16122,5,21.7,12739,4,-0.275,20287,7,0.846,4931,2,53.481,93,1,36.74,5482,2
4402,E01004345,Waltham Forest 010A,E09000031,Waltham Forest,20.885,13646,5,0.117,14037,5,0.076,17251,6,16.451,16227,5,-0.315,20889,7,0.274,12329,4,32.708,5256,2,38.391,4842,2
4403,E01004346,Waltham Forest 011B,E09000031,Waltham Forest,18.181,15972,5,0.126,12998,4,0.056,22780,7,14.492,17766,6,-0.55,24055,8,0.553,8353,3,27.715,8675,3,33.167,7122,3
4404,E01004347,Waltham Forest 011C,E09000031,Waltham Forest,15.495,18452,6,0.1,16302,5,0.056,22673,7,8.445,23465,8,-0.641,25222,8,0.206,13403,5,31.991,5661,2,29.731,8975,3
4405,E01004348,Waltham Forest 010B,E09000031,Waltham Forest,18.169,15993,5,0.122,13442,5,0.06,21623,7,13.198,18879,6,-0.893,27921,9,0.105,15061,5,36.954,3219,1,31.663,7904,3
4406,E01004349,Waltham Forest 001A,E09000031,Waltham Forest,29.854,8091,3,0.184,7722,3,0.108,11245,4,25.715,10455,4,-0.476,23093,8,0.543,8496,3,47.777,597,1,26.854,10649,4
4407,E01004350,Waltham Forest 001B,E09000031,Waltham Forest,28.615,8698,3,0.186,7590,3,0.099,12719,4,16.046,16534,6,0.202,13030,4,-0.159,19019,6,43.184,1394,1,39.94,4276,2
4408,E01004351,Waltham Forest 001C,E09000031,Waltham Forest,15.035,18892,6,0.095,17132,6,0.073,17917,6,11.758,20187,7,-0.354,21514,7,-0.359,21874,7,28.053,8387,3,25.236,11628,4
4409,E01004352,Waltham Forest 002A,E09000031,Waltham Forest,10.412,23995,8,0.041,28236,9,0.048,25489,8,4.192,28296,9,-0.773,26721,9,0.636,7246,3,24.653,11476,4,23.031,13105,4
4410,E01004353,Waltham Forest 002B,E09000031,Waltham Forest,16.068,17875,6,0.088,18194,6,0.075,17420,6,12.874,19141,6,-0.637,25167,8,0.254,12666,4,33.377,4889,2,18.579,16367,5
4411,E01004354,Waltham Forest 002C,E09000031,Waltham Forest,13.633,20330,7,0.073,21006,7,0.051,24249,8,11.533,20390,7,-0.337,21227,7,0.447,9816,3,23.831,12318,4,27.656,10157,4
4412,E01004355,Waltham Forest 004A,E09000031,Waltham Forest,25.177,10657,4,0.161,9576,3,0.108,11350,4,17.715,15328,5,-0.154,18449,6,0.124,14745,5,42.99,1432,1,20.492,14906,5
4413,E01004356,Waltham Forest 001D,E09000031,Waltham Forest,25.903,10256,4,0.172,8665,3,0.112,10715,4,22.036,12517,4,-0.411,22272,7,0.415,10227,4,39.01,2480,1,21.536,14163,5
4414,E01004357,Waltham Forest 001E,E09000031,Waltham Forest,17.614,16459,6,0.124,13268,5,0.081,16074,5,15.75,16788,6,-0.642,25241,8,0.014,16454,6,31.493,5971,2,19.608,15593,5
4415,E01004358,Waltham Forest 002D,E09000031,Waltham Forest,22.079,12717,4,0.147,10788,4,0.104,11852,4,9.553,22317,7,-0.007,16115,5,0.138,14508,5,37.076,3170,1,18.691,16278,5
4416,E01004359,Waltham Forest 002E,E09000031,Waltham Forest,12.677,21404,7,0.088,18164,6,0.065,20133,7,11.412,20503,7,-0.582,24479,8,-0.121,18451,6,21.512,14889,5,23.397,12849,4
4417,E01004360,Waltham Forest 004B,E09000031,Waltham Forest,13.149,20890,7,0.055,24869,8,0.064,20270,7,13.291,18787,6,-0.483,23178,8,0.282,12221,4,26.819,9439,3,22.266,13680,5
4418,E01004361,Waltham Forest 005A,E09000031,Waltham Forest,15.397,18552,6,0.079,19765,7,0.054,23439,8,17.65,15360,5,-0.786,26857,9,0.037,16097,5,28.846,7770,3,36.556,5556,2
4419,E01004362,Waltham Forest 021A,E09000031,Waltham Forest,23.288,11856,4,0.102,15974,5,0.08,16290,5,8.647,23254,8,-0.133,18110,6,0.742,6032,2,38.232,2755,1,43.409,3320,2
4420,E01004363,Waltham Forest 019A,E09000031,Waltham Forest,19.357,14952,5,0.124,13195,5,0.072,18156,6,12.104,19851,7,-0.207,19238,6,0.018,16395,5,31.797,5780,2,35.437,6043,2
4421,E01004364,Waltham Forest 019B,E09000031,Waltham Forest,32.04,7069,3,0.193,7140,3,0.117,9997,4,19.528,14067,5,0.011,15831,5,0.86,4793,2,41.241,1858,1,37.988,4992,2
4422,E01004365,Waltham Forest 020A,E09000031,Waltham Forest,29.303,8358,3,0.176,8291,3,0.075,17534,6,27.292,9699,3,-0.039,16605,6,0.578,8016,3,46.279,844,1,35.412,6054,2
4423,E01004366,Waltham Forest 019C,E09000031,Waltham Forest,19.553,14761,5,0.102,16046,5,0.068,19292,6,11.664,20266,7,-0.215,19368,6,0.335,11414,4,29.993,6980,3,43.608,3269,1
4424,E01004367,Waltham Forest 019D,E09000031,Waltham Forest,27.28,9423,3,0.139,11525,4,0.098,12972,4,21.071,13087,4,-0.045,16699,6,0.956,3874,2,33.59,4766,2,39.226,4534,2
4425,E01004368,Waltham Forest 019E,E09000031,Waltham Forest,21.837,12888,4,0.11,14944,5,0.073,17952,6,13.628,18486,6,-0.067,17043,6,0.518,8815,3,36.811,3267,1,35.964,5822,2
4426,E01004369,Waltham Forest 023A,E09000031,Waltham Forest,15.818,18122,6,0.108,15258,5,0.044,26742,9,16.478,16213,5,-0.392,22023,7,-0.198,19590,6,34.26,4449,2,26.508,10862,4
4427,E01004370,Waltham Forest 023B,E09000031,Waltham Forest,14.491,19459,6,0.07,21586,7,0.043,26867,9,10.729,21149,7,-0.869,27702,9,0.148,14344,5,33.239,4967,2,37.648,5111,2
4428,E01004371,Waltham Forest 025A,E09000031,Waltham Forest,20.617,13836,5,0.116,14196,5,0.077,16919,6,11.854,20082,7,-0.356,21541,7,0.003,16625,6,33.237,4969,2,44.729,2966,1
4429,E01004372,Waltham Forest 023C,E09000031,Waltham Forest,11.815,22386,7,0.056,24738,8,0.03,30666,10,9.16,22697,7,-0.576,24401,8,-0.535,24263,8,28.659,7922,3,41.33,3852,2
4430,E01004373,Waltham Forest 025B,E09000031,Waltham Forest,25.577,10432,4,0.119,13813,5,0.071,18559,6,18.795,14553,5,-0.006,16104,5,0.04,16040,5,41.663,1740,1,53.813,1329,1
4431,E01004374,Waltham Forest 025C,E09000031,Waltham Forest,17.097,16899,6,0.1,16350,5,0.062,21076,7,7.198,24811,8,-0.437,22604,7,-0.221,19928,7,36.489,3419,2,36.324,5668,2
4432,E01004375,Waltham Forest 025D,E09000031,Waltham Forest,20.785,13709,5,0.114,14441,5,0.064,20294,7,9.337,22539,7,-0.327,21066,7,0.44,9914,4,38.376,2708,1,39.45,4444,2
4433,E01004376,Waltham Forest 025E,E09000031,Waltham Forest,22.168,12644,4,0.098,16552,6,0.064,20501,7,13.95,18204,6,0.163,13565,5,0.18,13851,5,38.876,2527,1,44.289,3081,1
4434,E01004377,Waltham Forest 010C,E09000031,Waltham Forest,19.845,14476,5,0.114,14469,5,0.072,18192,6,13.54,18555,6,-0.285,20426,7,0.772,5724,2,26.268,9921,4,34.626,6416,2
4435,E01004378,Waltham Forest 010D,E09000031,Waltham Forest,22.983,12064,4,0.13,12562,4,0.097,13034,4,17.686,15346,5,-0.62,24960,8,0.407,10337,4,35.03,4080,2,36.043,5789,2
4436,E01004379,Waltham Forest 007A,E09000031,Waltham Forest,11.817,22382,7,0.061,23455,8,0.048,25428,8,8.846,23026,8,-0.756,26530,9,0.571,8118,3,20.128,16495,6,29.735,8971,3
4437,E01004380,Waltham Forest 007B,E09000031,Waltham Forest,22.668,12272,4,0.148,10688,4,0.086,15021,5,15.609,16898,6,-0.242,19755,7,0.685,6677,3,30.736,6448,2,30.229,8676,3
4438,E01004381,Waltham Forest 007C,E09000031,Waltham Forest,15.405,18539,6,0.105,15601,5,0.061,21171,7,7.405,24586,8,-0.705,25970,8,0.396,10514,4,23.975,12167,4,34.205,6588,3
4439,E01004382,Waltham Forest 008C,E09000031,Waltham Forest,38.703,4663,2,0.289,2565,1,0.166,5293,2,28.481,9194,3,0.161,13603,5,0.12,14821,5,45.66,946,1,24.742,11951,4
4440,E01004383,Waltham Forest 007D,E09000031,Waltham Forest,14.955,18959,6,0.099,16523,6,0.07,18680,6,13.598,18506,6,-0.43,22511,7,-0.026,17083,6,22.947,13265,5,27.387,10318,4
4441,E01004384,Waltham Forest 003A,E09000031,Waltham Forest,32.114,7043,3,0.197,6837,3,0.151,6470,2,32.855,7485,3,0.62,7722,3,0.027,16265,5,32.905,5136,2,23.46,12811,4
4442,E01004385,Waltham Forest 003B,E09000031,Waltham Forest,33.462,6481,2,0.214,5860,2,0.16,5723,2,20.968,13159,5,0.089,14674,5,0.933,4098,2,35.785,3734,2,25.139,11692,4
4443,E01004386,Waltham Forest 003C,E09000031,Waltham Forest,8.937,25868,8,0.046,27219,9,0.05,24801,8,9.776,22079,7,-0.675,25645,8,-0.077,17798,6,20.168,16448,6,22.272,13674,5
4444,E01004387,Waltham Forest 007E,E09000031,Waltham Forest,7.179,28095,9,0.034,30027,10,0.037,28740,9,6.722,25341,8,-0.925,28189,9,-0.155,18956,6,23.125,13074,4,20.874,14644,5
4445,E01004388,Waltham Forest 007F,E09000031,Waltham Forest,19.354,14955,5,0.119,13798,5,0.095,13337,5,9.876,21962,7,-0.052,16814,6,0.352,11134,4,27.532,8806,3,24.751,11942,4
4446,E01004389,Waltham Forest 003D,E09000031,Waltham Forest,31.036,7533,3,0.204,6396,2,0.146,6960,3,26.7,9972,4,-0.002,16053,5,0.353,11120,4,36.402,3457,2,27.252,10390,4
4447,E01004390,Waltham Forest 003E,E09000031,Waltham Forest,34.954,5903,2,0.223,5338,2,0.155,6100,2,34.743,6849,3,0.511,8974,3,0.342,11290,4,36.566,3391,2,23.299,12928,4
4448,E01004391,Waltham Forest 014A,E09000031,Waltham Forest,21.317,13300,5,0.146,10843,4,0.076,17216,6,11.465,20454,7,-0.224,19486,6,0.699,6512,2,30.062,6930,3,30.521,8503,3
4449,E01004392,Waltham Forest 017A,E09000031,Waltham Forest,26.237,10024,4,0.135,12030,4,0.076,17193,6,18.428,14819,5,-0.023,16348,5,0.715,6333,2,36.387,3468,2,47.562,2338,1
4450,E01004393,Waltham Forest 014B,E09000031,Waltham Forest,21.831,12894,4,0.139,11571,4,0.065,20234,7,10.747,21131,7,0.082,14785,5,0.039,16076,5,40.519,2048,1,33.733,6837,3
4451,E01004394,Waltham Forest 017B,E09000031,Waltham Forest,36.022,5529,2,0.219,5596,2,0.153,6296,2,16.448,16229,5,0.661,7278,3,0.84,5016,2,39.736,2279,1,31.787,7839,3
4452,E01004395,Waltham Forest 018A,E09000031,Waltham Forest,17.268,16750,6,0.097,16798,6,0.061,21140,7,8.169,23762,8,-0.303,20699,7,0.472,9439,3,28.791,7828,3,36.361,5646,2
4453,E01004396,Waltham Forest 012A,E09000031,Waltham Forest,19.912,14422,5,0.124,13211,5,0.063,20733,7,13.352,18717,6,-0.424,22438,7,-0.036,17242,6,32.408,5421,2,45.536,2780,1
4454,E01004397,Waltham Forest 017C,E09000031,Waltham Forest,26.872,9666,3,0.151,10406,4,0.073,18051,6,7.911,24045,8,-0.631,25104,8,1.668,637,1,38.735,2576,1,37.09,5349,2
4455,E01004398,Waltham Forest 009A,E09000031,Waltham Forest,37.907,4902,2,0.263,3469,2,0.162,5608,2,27.457,9619,3,0.55,8515,3,0.289,12119,4,39.139,2440,1,30.857,8338,3
4456,E01004399,Waltham Forest 009B,E09000031,Waltham Forest,47.476,2576,1,0.313,1850,1,0.196,3334,2,32.56,7596,3,0.284,11849,4,1.177,2365,1,41.613,1751,1,36.676,5515,2
4457,E01004400,Waltham Forest 009C,E09000031,Waltham Forest,29.213,8395,3,0.18,8027,3,0.114,10436,4,20.914,13196,5,-0.07,17094,6,0.57,8140,3,33.392,4879,2,43.839,3197,1
4458,E01004401,Waltham Forest 014C,E09000031,Waltham Forest,22.183,12638,4,0.123,13378,5,0.086,15108,5,23.565,11581,4,-0.03,16452,6,0.225,13112,4,34.162,4493,2,27.297,10361,4
4459,E01004402,Waltham Forest 009D,E09000031,Waltham Forest,32.696,6798,3,0.228,5071,2,0.133,8172,3,21.448,12889,4,-0.39,21987,7,0.643,7167,3,34.922,4123,2,44.82,2944,1
4460,E01004403,Waltham Forest 009E,E09000031,Waltham Forest,30.776,7659,3,0.182,7885,3,0.097,13000,4,27.794,9484,3,0.052,15192,5,0.934,4090,2,36.449,3434,2,38.272,4895,2
4461,E01004404,Waltham Forest 014D,E09000031,Waltham Forest,28.71,8644,3,0.191,7264,3,0.114,10481,4,20.966,13161,5,0.34,11093,4,0.081,15389,5,38.31,2732,1,29.398,9152,3
4462,E01004405,Waltham Forest 020B,E09000031,Waltham Forest,28.415,8814,3,0.153,10180,4,0.108,11336,4,14.527,17744,6,0.128,14063,5,0.633,7285,3,40.764,1976,1,38.237,4906,2
4463,E01004406,Waltham Forest 016A,E09000031,Waltham Forest,22.458,12412,4,0.104,15793,5,0.063,20621,7,12.086,19868,7,-0.078,17225,6,0.229,13048,4,37.76,2912,1,52.112,1566,1
4464,E01004407,Waltham Forest 013A,E09000031,Waltham Forest,41.22,3915,2,0.242,4383,2,0.228,1966,1,29.712,8690,3,0.124,14131,5,0.428,10053,4,39.784,2262,1,33.091,7157,3
4465,E01004408,Waltham Forest 016B,E09000031,Waltham Forest,23.297,11853,4,0.149,10576,4,0.084,15468,5,6.494,25608,8,-0.045,16708,6,0.764,5781,2,31.584,5921,2,37.404,5217,2
4466,E01004409,Waltham Forest 016C,E09000031,Waltham Forest,27.417,9342,3,0.175,8392,3,0.101,12425,4,9.359,22516,7,0.089,14679,5,0.816,5250,2,37.673,2948,1,34.327,6538,2
4467,E01004410,Waltham Forest 013B,E09000031,Waltham Forest,34.24,6167,2,0.24,4512,2,0.138,7690,3,17.812,15263,5,0.313,11454,4,0.91,4295,2,38.338,2724,1,26.62,10796,4
4468,E01004411,Waltham Forest 016D,E09000031,Waltham Forest,26.46,9899,4,0.145,10936,4,0.077,17067,6,12.203,19763,7,0.302,11601,4,0.999,3529,2,36.749,3298,2,36.317,5673,2
4469,E01004412,Waltham Forest 015A,E09000031,Waltham Forest,18.448,15738,5,0.116,14208,5,0.076,17222,6,6.63,25452,8,-0.761,26586,9,0.355,11092,4,34.334,4410,2,32.632,7389,3
4470,E01004413,Waltham Forest 004C,E09000031,Waltham Forest,32.226,6997,3,0.19,7299,3,0.131,8398,3,34.441,6966,3,0.732,6567,2,0.331,11472,4,34.35,4398,2,23.385,12853,4
4471,E01004414,Waltham Forest 005B,E09000031,Waltham Forest,21.52,13165,5,0.129,12623,4,0.085,15236,5,17.7,15338,5,-0.243,19765,7,0.89,4491,2,26.335,9867,4,26.507,10864,4
4472,E01004415,Waltham Forest 004D,E09000031,Waltham Forest,26.422,9922,4,0.165,9241,3,0.104,11901,4,28.232,9301,3,0.197,13101,4,0.61,7596,3,31.781,5793,2,20.425,14954,5
4473,E01004416,Waltham Forest 004E,E09000031,Waltham Forest,22.953,12086,4,0.113,14530,5,0.101,12335,4,18.49,14780,5,-0.035,16536,6,0.529,8691,3,36.079,3594,2,24.11,12343,4
4474,E01004417,Waltham Forest 005C,E09000031,Waltham Forest,23.066,12004,4,0.13,12487,4,0.09,14255,5,16.717,16028,5,-0.108,17699,6,0.719,6290,2,30.917,6339,2,32.189,7618,3
4475,E01004418,Waltham Forest 008D,E09000031,Waltham Forest,19.401,14916,5,0.123,13314,5,0.072,18354,6,15.661,16850,6,-0.448,22740,7,0.44,9911,4,30.167,6842,3,31.604,7933,3
4476,E01004419,Waltham Forest 008E,E09000031,Waltham Forest,21.127,13460,5,0.086,18459,6,0.062,20853,7,15.201,17203,6,-0.713,26058,8,0.452,9748,3,38.421,2688,1,49.508,1992,1
4477,E01004420,Waltham Forest 020C,E09000031,Waltham Forest,42.117,3684,2,0.244,4293,2,0.156,6072,2,22.385,12303,4,0.529,8746,3,1.053,3130,1,45.704,939,1,45.288,2823,1
4478,E01004421,Waltham Forest 018B,E09000031,Waltham Forest,25.042,10740,4,0.157,9840,3,0.102,12132,4,16.363,16291,5,-0.504,23472,8,0.418,10195,4,35.785,3735,2,37.892,5031,2
4479,E01004422,Waltham Forest 022A,E09000031,Waltham Forest,26.887,9657,3,0.152,10359,4,0.095,13383,5,31.377,8046,3,-0.572,24344,8,0.626,7376,3,36.777,3284,1,35.816,5887,2
4480,E01004423,Waltham Forest 020D,E09000031,Waltham Forest,35.995,5540,2,0.181,7941,3,0.118,9965,4,22.109,12468,4,0.762,6261,2,0.579,8010,3,45.604,954,1,46.555,2537,1
4481,E01004424,Waltham Forest 022B,E09000031,Waltham Forest,37.256,5128,2,0.218,5659,2,0.157,5946,2,23.475,11628,4,0.323,11304,4,0.432,10014,4,42.96,1438,1,44.779,2956,1
4482,E01004425,Waltham Forest 022C,E09000031,Waltham Forest,25.839,10288,4,0.189,7388,3,0.096,13188,5,16.785,15973,5,-0.264,20091,7,0.211,13319,5,35.847,3706,2,36.586,5549,2
4483,E01004426,Waltham Forest 022D,E09000031,Waltham Forest,25.371,10530,4,0.14,11444,4,0.082,15835,5,17.798,15273,5,-0.174,18735,6,0.779,5640,2,35.139,4032,2,41.055,3922,2
4484,E01004427,Waltham Forest 022E,E09000031,Waltham Forest,21.595,13096,4,0.123,13305,5,0.064,20483,7,19.776,13893,5,-0.557,24143,8,0.246,12783,4,41.909,1684,1,33.224,7089,3
4485,E01004428,Waltham Forest 026B,E09000031,Waltham Forest,39.593,4387,2,0.308,1991,1,0.192,3578,2,23.178,11802,4,0.2,13055,4,0.205,13414,5,41.067,1910,1,20.049,15250,5
4486,E01004429,Waltham Forest 026C,E09000031,Waltham Forest,23.261,11880,4,0.141,11331,4,0.102,12269,4,16.05,16527,6,-0.193,19032,6,0.009,16528,6,40.975,1938,1,24.029,12393,4
4487,E01004430,Waltham Forest 026D,E09000031,Waltham Forest,24.388,11129,4,0.112,14643,5,0.062,20997,7,9.727,22123,7,0.075,14881,5,0.884,4538,2,40.062,2172,1,44.661,2978,1
4488,E01004432,Waltham Forest 023D,E09000031,Waltham Forest,26.399,9936,4,0.146,10858,4,0.081,16024,5,12.687,19326,6,-0.25,19880,7,0.953,3899,2,35.935,3672,2,46.536,2542,1
4489,E01004434,Waltham Forest 026E,E09000031,Waltham Forest,27.787,9155,3,0.186,7621,3,0.115,10342,4,21.169,13034,4,-0.239,19707,7,0.212,13299,5,41.362,1819,1,28.763,9530,3
4490,E01004435,Waltham Forest 023E,E09000031,Waltham Forest,29.027,8481,3,0.151,10412,4,0.103,12005,4,20.992,13145,5,0.127,14074,5,0.632,7306,3,43.022,1426,1,35.223,6135,2
4491,E01004436,Waltham Forest 021B,E09000031,Waltham Forest,26.601,9833,3,0.12,13718,5,0.091,14130,5,10.635,21233,7,-0.261,20047,7,0.76,5834,2,43.173,1399,1,47.287,2390,1
4492,E01004437,Waltham Forest 021C,E09000031,Waltham Forest,25.659,10395,4,0.154,10137,4,0.101,12331,4,11.406,20517,7,-0.065,17004,6,0.221,13177,5,36.713,3325,2,43.814,3201,1
4493,E01004438,Waltham Forest 024C,E09000031,Waltham Forest,20.924,13609,5,0.1,16287,5,0.067,19491,6,7.959,23997,8,-0.099,17544,6,0.564,8202,3,35.797,3726,2,42.095,3634,2
4494,E01004439,Waltham Forest 021D,E09000031,Waltham Forest,19.011,15233,5,0.127,12872,4,0.06,21525,7,10.623,21247,7,-0.15,18393,6,0.133,14612,5,35.117,4039,2,32.069,7674,3
4495,E01004440,Waltham Forest 024D,E09000031,Waltham Forest,25.946,10223,4,0.106,15485,5,0.082,15845,5,12.115,19840,7,-0.312,20832,7,0.857,4828,2,34.744,4198,2,60.375,651,1
4496,E01004441,Waltham Forest 024E,E09000031,Waltham Forest,18.76,15444,5,0.094,17272,6,0.056,22629,7,6.465,25639,8,-0.628,25064,8,0.358,11045,4,35.225,3975,2,48.155,2226,1
4497,E01004442,Waltham Forest 021E,E09000031,Waltham Forest,13.797,20152,7,0.073,20983,7,0.051,24420,8,5.298,26966,9,-0.581,24462,8,-0.574,24776,8,30.69,6477,2,42.424,3549,2
4498,E01004443,Waltham Forest 016E,E09000031,Waltham Forest,31.365,7369,3,0.17,8790,3,0.107,11404,4,16.311,16326,5,0.176,13377,5,1.342,1572,1,38.204,2770,1,35.343,6080,2
4499,E01004444,Waltham Forest 017D,E09000031,Waltham Forest,34.282,6152,2,0.22,5529,2,0.118,9868,4,22.07,12497,4,0.262,12156,4,0.784,5595,2,44.015,1236,1,33.984,6698,3
4500,E01004445,Waltham Forest 018C,E09000031,Waltham Forest,28.771,8617,3,0.168,8986,3,0.097,13124,4,18.24,14962,5,0.391,10458,4,0.863,4761,2,37.721,2928,1,30.811,8361,3
4501,E01004446,Waltham Forest 017E,E09000031,Waltham Forest,23.406,11752,4,0.14,11482,4,0.085,15311,5,16.164,16442,6,-0.422,22410,7,0.395,10521,4,34.379,4381,2,41.556,3776,2
4502,E01004447,Waltham Forest 016F,E09000031,Waltham Forest,16.828,17154,6,0.098,16606,6,0.059,21680,7,15.046,17323,6,-0.77,26685,9,-0.141,18756,6,32.961,5105,2,36.406,5621,2
4503,E01004448,Waltham Forest 018D,E09000031,Waltham Forest,26.678,9772,3,0.136,11849,4,0.101,12373,4,17.869,15226,5,-0.203,19177,6,0.993,3582,2,37.508,3015,1,33.466,6969,3
4504,E01004449,Waltham Forest 018E,E09000031,Waltham Forest,46.275,2803,1,0.333,1360,1,0.202,3040,1,33.345,7329,3,0.176,13382,5,1.035,3261,1,42.477,1548,1,18.525,16413,5
4505,E01004450,Waltham Forest 006A,E09000031,Waltham Forest,15.897,18040,6,0.072,21085,7,0.066,19782,7,17.126,15721,5,-0.382,21884,7,0.241,12856,4,27.43,8888,3,31.112,8192,3
4506,E01004451,Waltham Forest 005D,E09000031,Waltham Forest,16.07,17874,6,0.097,16820,6,0.065,20052,7,19.688,13953,5,-1.072,29385,9,0.195,13591,5,28.234,8241,3,27.973,9968,4
4507,E01004452,Waltham Forest 005E,E09000031,Waltham Forest,24.84,10862,4,0.153,10270,4,0.105,11698,4,26.119,10256,4,-0.202,19163,6,0.43,10034,4,30.022,6956,3,31.047,8229,3
4508,E01004453,Waltham Forest 006B,E09000031,Waltham Forest,25.765,10327,4,0.122,13408,5,0.083,15604,5,18.717,14620,5,-0.15,18391,6,0.744,6005,2,44.177,1211,1,33.76,6819,3
4509,E01004454,Waltham Forest 006C,E09000031,Waltham Forest,24.382,11139,4,0.15,10538,4,0.082,15965,5,19.502,14084,5,-0.192,19023,6,0.281,12229,4,42.236,1602,1,29.576,9058,3
4510,E01004455,Waltham Forest 006D,E09000031,Waltham Forest,29.351,8328,3,0.178,8173,3,0.112,10736,4,23.613,11554,4,-0.091,17427,6,1.188,2303,1,32.796,5197,2,27.644,10168,4
4511,E01004456,Waltham Forest 006E,E09000031,Waltham Forest,42.734,3536,2,0.313,1842,1,0.216,2466,1,31.377,8045,3,0.345,11042,4,0.27,12401,4,38.497,2661,1,19.263,15829,5
4512,E01004457,Waltham Forest 012B,E09000031,Waltham Forest,20.481,13953,5,0.14,11430,4,0.09,14323,5,7.223,24775,8,-0.267,20144,7,0.344,11246,4,30.198,6827,3,32.514,7456,3
4513,E01004458,Waltham Forest 012C,E09000031,Waltham Forest,26.207,10047,4,0.165,9216,3,0.09,14223,5,22.119,12458,4,-0.166,18624,6,0.399,10458,4,34.375,4385,2,41.086,3918,2
4514,E01004459,Waltham Forest 012D,E09000031,Waltham Forest,43.377,3379,2,0.334,1347,1,0.189,3753,2,38.753,5698,2,0.084,14748,5,0.347,11207,4,42.153,1625,1,19.831,15425,5
4515,E01004460,Waltham Forest 011D,E09000031,Waltham Forest,29.841,8097,3,0.175,8386,3,0.107,11512,4,17.653,15358,5,0.595,7994,3,0.563,8215,3,35.749,3749,2,37.218,5303,2
4516,E01004461,Waltham Forest 014E,E09000031,Waltham Forest,15.24,18694,6,0.095,17113,6,0.051,24340,8,10.702,21180,7,-0.964,28537,9,-0.378,22153,7,35.03,4079,2,35.588,5977,2
4517,E01004462,Waltham Forest 011E,E09000031,Waltham Forest,23.842,11471,4,0.128,12714,4,0.083,15760,5,11.829,20111,7,0.095,14603,5,0.36,11023,4,40.949,1945,1,34.836,6316,2
4518,E01004463,Waltham Forest 012E,E09000031,Waltham Forest,14.978,18935,6,0.107,15357,5,0.054,23414,8,12.376,19593,6,-0.721,26138,8,0.106,15041,5,29.96,6997,3,26.157,11071,4
4519,E01004464,Waltham Forest 013C,E09000031,Waltham Forest,37.506,5047,2,0.271,3173,1,0.152,6381,2,25.599,10520,4,0.161,13591,5,0.757,5864,2,42.565,1526,1,23.984,12435,4
4520,E01004465,Waltham Forest 015B,E09000031,Waltham Forest,18.111,16047,5,0.113,14524,5,0.081,16197,5,7.706,24237,8,-0.07,17088,6,-0.232,20098,7,27.235,9044,3,37.062,5364,2
4521,E01004466,Waltham Forest 015C,E09000031,Waltham Forest,14.801,19125,6,0.101,16109,5,0.054,23409,8,6.302,25838,8,-0.28,20347,7,-0.017,16956,6,25.677,10485,4,35.318,6087,2
4522,E01004467,Waltham Forest 015D,E09000031,Waltham Forest,29.626,8188,3,0.197,6853,3,0.109,11210,4,14.844,17465,6,0.096,14583,5,-0.097,18096,6,42.758,1476,1,42.568,3517,2
4523,E01004468,Waltham Forest 015E,E09000031,Waltham Forest,17.863,16258,5,0.085,18667,6,0.058,22110,7,9.203,22659,7,-0.588,24560,8,0.42,10169,4,37.992,2838,1,35.718,5934,2
4524,E01004469,Waltham Forest 013D,E09000031,Waltham Forest,39.486,4431,2,0.264,3438,2,0.184,4087,2,23.548,11592,4,0.139,13897,5,0.36,11009,4,49.269,418,1,24.582,12034,4
4525,E01004470,Waltham Forest 013E,E09000031,Waltham Forest,34.263,6157,2,0.173,8584,3,0.126,8997,3,26.004,10321,4,0.104,14449,5,1.028,3314,2,39.361,2388,1,45.629,2761,1
4526,E01004471,Waltham Forest 013F,E09000031,Waltham Forest,32.772,6772,3,0.208,6187,2,0.111,10888,4,15.444,17021,6,0.17,13469,5,0.601,7742,3,40.118,2152,1,49.79,1947,1
4527,E01033153,Waltham Forest 020G,E09000031,Waltham Forest,38.058,4853,2,0.297,2293,1,0.163,5499,2,27.348,9667,3,0.05,15235,5,0.042,16008,5,43.183,1395,1,27.367,10332,4
4528,E01004472,Wandsworth 021A,E09000032,Wandsworth,9.879,24666,8,0.051,25966,8,0.032,30238,10,4.336,28123,9,-0.563,24225,8,0.693,6581,3,19.054,17802,6,25.822,11278,4
4529,E01004473,Wandsworth 026A,E09000032,Wandsworth,11.875,22310,7,0.079,19712,7,0.052,24163,8,0.344,32655,10,-0.093,17465,6,0.158,14189,5,21.314,15118,5,27.068,10501,4
4530,E01004474,Wandsworth 021B,E09000032,Wandsworth,17.524,16534,6,0.104,15734,5,0.059,21772,7,8.914,22958,7,-0.109,17721,6,0.598,7773,3,26.394,9815,3,33.367,7020,3
4531,E01004475,Wandsworth 026B,E09000032,Wandsworth,15.977,17970,6,0.102,15982,5,0.057,22538,7,0.905,32126,10,-0.146,18324,6,0.571,8122,3,22.477,13772,5,37.588,5135,2
4532,E01004476,Wandsworth 021C,E09000032,Wandsworth,13.593,20382,7,0.086,18574,6,0.056,22719,7,4.473,27949,9,-0.284,20400,7,0.198,13544,5,26.452,9753,3,27.895,10014,4
4533,E01004477,Wandsworth 017A,E09000032,Wandsworth,5.093,30427,10,0.027,31331,10,0.009,32767,10,0.323,32670,10,-1.251,30607,10,-0.024,17046,6,12.684,25785,8,29.857,8900,3
4534,E01004478,Wandsworth 017B,E09000032,Wandsworth,4.363,31143,10,0.024,31752,10,0.018,32397,10,0.042,32840,10,-1.117,29716,10,-0.615,25257,8,10.609,28036,9,31.422,8044,3
4535,E01004479,Wandsworth 017C,E09000032,Wandsworth,10.238,24219,8,0.045,27392,9,0.044,26645,9,5.45,26778,9,-0.929,28226,9,0.106,15039,5,25.939,10219,4,32.519,7455,3
4536,E01004480,Wandsworth 026C,E09000032,Wandsworth,7.239,28021,9,0.045,27461,9,0.023,31887,10,1.984,30904,10,-0.697,25893,8,0.044,15988,5,15.81,21923,7,31.204,8155,3
4537,E01004481,Wandsworth 029A,E09000032,Wandsworth,15.155,18761,6,0.092,17594,6,0.061,21179,7,1.77,31137,10,-0.085,17340,6,0.322,11613,4,23.986,12156,4,34.632,6414,2
4538,E01004482,Wandsworth 030A,E09000032,Wandsworth,15.123,18803,6,0.09,17938,6,0.065,20215,7,5.846,26328,9,-0.301,20657,7,0.385,10672,4,25.072,11036,4,30.884,8319,3
4539,E01004483,Wandsworth 026D,E09000032,Wandsworth,14.025,19926,7,0.086,18494,6,0.032,30253,10,3.562,29050,9,-0.641,25225,8,0.209,13337,5,31.112,6209,2,39.827,4318,2
4540,E01004484,Wandsworth 026E,E09000032,Wandsworth,18.333,15837,5,0.101,16191,5,0.053,23706,8,4.933,27376,9,-0.282,20379,7,0.664,6927,3,39.383,2380,1,28.479,9678,3
4541,E01004485,Wandsworth 030B,E09000032,Wandsworth,16.136,17817,6,0.113,14618,5,0.052,23987,8,4.598,27786,9,-0.164,18599,6,0.056,15806,5,25.861,10307,4,40.244,4185,2
4542,E01004486,Wandsworth 026F,E09000032,Wandsworth,17.646,16426,6,0.097,16789,6,0.055,22953,7,1.786,31115,10,0.036,15445,5,0.5,9079,3,36.597,3372,2,29.114,9314,3
4543,E01004487,Wandsworth 030C,E09000032,Wandsworth,21.375,13248,5,0.119,13759,5,0.106,11651,4,2.149,30728,10,0.007,15899,5,0.242,12835,4,36.052,3608,2,30.637,8442,3
4544,E01004488,Wandsworth 029B,E09000032,Wandsworth,14.58,19364,6,0.071,21207,7,0.065,20030,7,0.823,32213,10,-0.483,23179,8,0.006,16575,6,26.707,9555,3,43.61,3268,1
4545,E01004489,Wandsworth 030D,E09000032,Wandsworth,26.942,9627,3,0.123,13307,5,0.091,14104,5,8.317,23619,8,0.334,11150,4,0.406,10350,4,27.123,9149,3,68.334,136,1
4546,E01004490,Wandsworth 031A,E09000032,Wandsworth,7.244,28015,9,0.035,29773,10,0.022,31990,10,0.947,32078,10,-0.849,27498,9,-0.034,17207,6,14.334,23841,8,38.508,4799,2
4547,E01004491,Wandsworth 031B,E09000032,Wandsworth,14.207,19740,7,0.067,22228,7,0.036,28925,9,10.685,21194,7,-0.537,23889,8,-1.038,29401,9,46.309,839,1,24.004,12419,4
4548,E01004492,Wandsworth 031C,E09000032,Wandsworth,15.53,18414,6,0.102,16081,5,0.074,17762,6,3.375,29284,9,-0.145,18302,6,-0.198,19586,6,27.034,9241,3,31.317,8095,3
4549,E01004493,Wandsworth 019A,E09000032,Wandsworth,13.604,20364,7,0.105,15560,5,0.061,21192,7,3.404,29254,9,-0.194,19049,6,0.098,15161,5,21.241,15214,5,26.642,10781,4
4550,E01004494,Wandsworth 018A,E09000032,Wandsworth,19.102,15151,5,0.137,11783,4,0.095,13466,5,4.684,27684,9,0.026,15606,5,0.229,13052,4,25.796,10368,4,26.113,11104,4
4551,E01004495,Wandsworth 024A,E09000032,Wandsworth,23.496,11697,4,0.222,5393,2,0.102,12126,4,9.733,22116,7,-0.144,18296,6,0.182,13811,5,28.467,8054,3,20.94,14602,5
4552,E01004496,Wandsworth 024B,E09000032,Wandsworth,11.991,22187,7,0.069,21678,7,0.049,24967,8,5.137,27143,9,-0.13,18064,6,0.012,16487,6,23.939,12208,4,28.51,9664,3
4553,E01004497,Wandsworth 024C,E09000032,Wandsworth,16.446,17512,6,0.119,13820,5,0.087,14756,5,7.709,24230,8,-0.12,17893,6,-0.636,25495,8,20.578,15964,5,33.128,7141,3
4554,E01004498,Wandsworth 031D,E09000032,Wandsworth,8.707,26162,8,0.064,22774,7,0.04,27942,9,1.939,30961,10,-0.364,21646,7,-0.211,19791,7,16.22,21398,7,28.856,9466,3
4555,E01004499,Wandsworth 020A,E09000032,Wandsworth,13.847,20104,7,0.093,17347,6,0.046,25913,8,8.574,23335,8,-0.248,19847,7,0.014,16450,6,26.006,10174,4,31.313,8097,3
4556,E01004500,Wandsworth 014A,E09000032,Wandsworth,10.92,23432,8,0.076,20242,7,0.037,28852,9,3.097,29618,10,-0.502,23446,8,-0.966,28826,9,32.195,5529,2,28.012,9945,4
4557,E01004501,Wandsworth 014B,E09000032,Wandsworth,17.726,16374,5,0.129,12589,4,0.083,15559,5,6.608,25477,8,-0.075,17182,6,-0.248,20319,7,29.252,7473,3,25.865,11252,4
4558,E01004502,Wandsworth 020B,E09000032,Wandsworth,9.379,25288,8,0.038,29076,9,0.035,29301,9,0.236,32731,10,-1.17,30102,10,0.29,12092,4,21.135,15341,5,40.132,4223,2
4559,E01004503,Wandsworth 014C,E09000032,Wandsworth,18.546,15634,5,0.111,14850,5,0.073,17943,6,7.988,23959,8,0.179,13338,5,-0.332,21487,7,30.272,6777,3,35.955,5828,2
4560,E01004504,Wandsworth 020C,E09000032,Wandsworth,9.832,24721,8,0.075,20579,7,0.031,30273,10,0.688,32354,10,-0.987,28710,9,-0.302,21077,7,21.34,15085,5,38.847,4669,2
4561,E01004505,Wandsworth 014D,E09000032,Wandsworth,7.752,27364,9,0.041,28360,9,0.018,32415,10,0.5,32516,10,-1.452,31550,10,-0.668,25842,8,30.707,6467,2,31.298,8110,3
4562,E01004506,Wandsworth 011A,E09000032,Wandsworth,9.478,25152,8,0.054,25163,8,0.031,30303,10,6.408,25710,8,-0.973,28600,9,-0.1,18135,6,23.691,12444,4,33.738,6833,3
4563,E01004507,Wandsworth 014E,E09000032,Wandsworth,8.65,26239,8,0.064,22845,7,0.032,30249,10,4.484,27933,9,-1.212,30369,10,-0.749,26781,9,25.303,10835,4,31.184,8162,3
4564,E01004508,Wandsworth 012A,E09000032,Wandsworth,10.753,23599,8,0.069,21666,7,0.042,27178,9,6.431,25679,8,-0.943,28343,9,-0.426,22783,7,22.911,13311,5,37.444,5197,2
4565,E01004509,Wandsworth 010A,E09000032,Wandsworth,15.768,18176,6,0.085,18753,6,0.05,24777,8,6.759,25295,8,-0.277,20312,7,0.772,5722,2,28.203,8263,3,29.942,8849,3
4566,E01004510,Wandsworth 012B,E09000032,Wandsworth,8.768,26091,8,0.054,25221,8,0.033,29792,10,4.164,28327,9,-0.88,27807,9,0.11,14986,5,22.824,13394,5,27.56,10224,4
4567,E01004511,Wandsworth 010B,E09000032,Wandsworth,8.087,26969,9,0.035,29815,10,0.023,31958,10,0.557,32473,10,-0.633,25132,8,0.146,14375,5,18.859,18042,6,36.202,5729,2
4568,E01004512,Wandsworth 019B,E09000032,Wandsworth,12.491,21622,7,0.07,21567,7,0.062,20867,7,3.839,28723,9,-0.577,24404,8,0.251,12722,4,22.821,13395,5,30.881,8323,3
4569,E01004513,Wandsworth 018B,E09000032,Wandsworth,18.296,15875,5,0.145,10913,4,0.059,21776,7,9.778,22072,7,-0.067,17050,6,0.444,9854,4,27.372,8937,3,25.487,11484,4
4570,E01004514,Wandsworth 012C,E09000032,Wandsworth,9.256,25454,8,0.055,25037,8,0.039,28084,9,2.84,29933,10,-0.336,21221,7,-0.144,18789,6,18.085,19015,6,32.853,7271,3
4571,E01004515,Wandsworth 012D,E09000032,Wandsworth,14.846,19074,6,0.099,16511,6,0.066,19737,7,2.523,30294,10,-0.158,18516,6,0.181,13835,5,29.083,7584,3,22.887,13210,5
4572,E01004516,Wandsworth 036A,E09000032,Wandsworth,12.313,21815,7,0.069,21785,7,0.051,24465,8,2.377,30445,10,-0.917,28119,9,0.015,16442,6,24.678,11450,4,41.109,3911,2
4573,E01004517,Wandsworth 037A,E09000032,Wandsworth,14.927,18989,6,0.112,14712,5,0.066,19740,7,6.408,25708,8,-0.646,25286,8,0.017,16415,5,29.757,7133,3,24.467,12116,4
4574,E01004518,Wandsworth 036B,E09000032,Wandsworth,13.045,20999,7,0.09,17956,6,0.06,21559,7,2.874,29890,10,-0.967,28562,9,-0.065,17619,6,21.949,14387,5,39.252,4521,2
4575,E01004519,Wandsworth 036C,E09000032,Wandsworth,16.635,17332,6,0.116,14140,5,0.064,20385,7,6.404,25714,8,-0.311,20814,7,0.246,12776,4,26.707,9556,3,33.615,6887,3
4576,E01004520,Wandsworth 036D,E09000032,Wandsworth,16.54,17433,6,0.127,12870,4,0.068,19183,6,9.266,22609,7,-0.723,26160,8,-0.164,19095,6,27.681,8693,3,34.086,6643,3
4577,E01004521,Wandsworth 037B,E09000032,Wandsworth,16.432,17534,6,0.126,12947,4,0.076,17349,6,14.269,17927,6,-0.645,25277,8,-0.238,20166,7,24.979,11131,4,28.377,9735,3
4578,E01004522,Wandsworth 037C,E09000032,Wandsworth,18.304,15866,5,0.15,10536,4,0.079,16630,6,10.197,21638,7,-0.716,26080,8,-0.101,18146,6,27.045,9224,3,33.546,6929,3
4579,E01004523,Wandsworth 036E,E09000032,Wandsworth,19.06,15182,5,0.126,12964,4,0.07,18877,6,4.427,28005,9,-0.371,21742,7,0.319,11649,4,32.982,5091,2,37.293,5268,2
4580,E01004524,Wandsworth 037D,E09000032,Wandsworth,35.049,5868,2,0.251,3978,2,0.169,5026,2,26.681,9985,4,0.667,7206,3,-0.107,18236,6,33.505,4816,2,22.484,13488,5
4581,E01004525,Wandsworth 035A,E09000032,Wandsworth,21.561,13131,4,0.119,13828,5,0.066,19797,7,8.06,23875,8,-0.207,19229,6,1.003,3504,2,31.134,6200,2,38.572,4769,2
4582,E01004526,Wandsworth 035B,E09000032,Wandsworth,22.8,12185,4,0.15,10506,4,0.078,16773,6,6.927,25118,8,0.096,14572,5,0.91,4292,2,26.883,9389,3,35.758,5914,2
4583,E01004527,Wandsworth 035C,E09000032,Wandsworth,15.258,18676,6,0.09,17825,6,0.039,28295,9,5.267,27004,9,-0.487,23241,8,0.763,5798,2,26.126,10062,4,36.627,5527,2
4584,E01004528,Wandsworth 035D,E09000032,Wandsworth,28.667,8673,3,0.201,6581,3,0.124,9171,3,16.633,16090,5,0.251,12313,4,0.473,9423,3,31.966,5679,2,30.365,8593,3
4585,E01004529,Wandsworth 035E,E09000032,Wandsworth,13.45,20554,7,0.102,16023,5,0.045,26333,9,4.26,28217,9,-0.589,24576,8,0.008,16557,6,25.661,10503,4,35.471,6029,2
4586,E01004530,Wandsworth 035F,E09000032,Wandsworth,15.181,18736,6,0.118,13998,5,0.069,19125,6,2.751,30030,10,-0.433,22552,7,-0.141,18745,6,27.021,9257,3,30.927,8298,3
4587,E01004531,Wandsworth 033A,E09000032,Wandsworth,25.305,10579,4,0.184,7721,3,0.102,12229,4,6.178,25986,8,0.367,10749,4,0.036,16122,5,27.659,8712,3,43.357,3332,2
4588,E01004532,Wandsworth 032A,E09000032,Wandsworth,16.141,17810,6,0.133,12163,4,0.083,15702,5,4.669,27703,9,-0.285,20415,7,-0.302,21080,7,24.268,11861,4,26.663,10773,4
4589,E01004533,Wandsworth 033B,E09000032,Wandsworth,27.038,9564,3,0.184,7773,3,0.129,8684,3,15.228,17177,6,0.05,15238,5,0.486,9258,3,27.045,9223,3,35.326,6086,2
4590,E01004534,Wandsworth 008A,E09000032,Wandsworth,13.523,20468,7,0.056,24658,8,0.033,29741,10,1.104,31900,10,-0.709,26008,8,1.128,2636,1,18.581,18390,6,41.62,3763,2
4591,E01004535,Wandsworth 007A,E09000032,Wandsworth,37.698,4970,2,0.276,2986,1,0.171,4895,2,18.777,14572,5,0.731,6581,3,0.471,9457,3,36.334,3490,2,23.307,12919,4
4592,E01004536,Wandsworth 008B,E09000032,Wandsworth,23.52,11674,4,0.14,11491,4,0.075,17489,6,8.766,23123,8,0.115,14290,5,0.01,16520,6,30.947,6314,2,55.448,1133,1
4593,E01004537,Wandsworth 007B,E09000032,Wandsworth,33.441,6489,2,0.234,4805,2,0.132,8270,3,13.716,18401,6,0.372,10694,4,0.824,5180,2,40.475,2056,1,27.221,10408,4
4594,E01004538,Wandsworth 007C,E09000032,Wandsworth,25.102,10702,4,0.189,7367,3,0.101,12349,4,17.967,15153,5,-0.205,19210,6,0.313,11742,4,34.732,4204,2,26.219,11036,4
4595,E01004539,Wandsworth 003A,E09000032,Wandsworth,34.145,6208,2,0.254,3838,2,0.155,6111,2,15.281,17144,6,0.264,12132,4,0.577,8036,3,37.364,3072,1,26.808,10677,4
4596,E01004540,Wandsworth 003B,E09000032,Wandsworth,26.388,9942,4,0.179,8140,3,0.121,9605,3,5.865,26305,9,0.072,14922,5,0.642,7185,3,31.83,5757,2,34.216,6586,3
4597,E01004541,Wandsworth 007D,E09000032,Wandsworth,38.578,4700,2,0.265,3415,2,0.17,4990,2,21.159,13040,4,0.706,6814,3,0.951,3914,2,33.709,4721,2,24.865,11867,4
4598,E01004542,Wandsworth 021D,E09000032,Wandsworth,6.98,28352,9,0.048,26525,9,0.034,29682,10,0.811,32225,10,-0.877,27784,9,-0.172,19235,6,19.079,17771,6,27.103,10475,4
4599,E01004543,Wandsworth 027A,E09000032,Wandsworth,7.903,27182,9,0.048,26608,9,0.032,30109,10,0.071,32827,10,-0.833,27316,9,0.017,16404,5,22.173,14125,5,28.847,9471,3
4600,E01004544,Wandsworth 021E,E09000032,Wandsworth,12.086,22063,7,0.072,21169,7,0.046,26164,8,0.26,32715,10,-0.516,23635,8,0.656,7014,3,19.42,17363,6,32.832,7275,3
4601,E01004545,Wandsworth 027B,E09000032,Wandsworth,10.551,23829,8,0.039,28935,9,0.03,30680,10,2.471,30342,10,-0.891,27894,9,0.333,11447,4,25.378,10769,4,40.603,4069,2
4602,E01004546,Wandsworth 027C,E09000032,Wandsworth,6.62,28753,9,0.045,27321,9,0.037,28836,9,2.49,30326,10,-0.596,24672,8,-0.349,21736,7,16.993,20441,7,23.953,12451,4
4603,E01004547,Wandsworth 029C,E09000032,Wandsworth,20.336,14054,5,0.135,11970,4,0.12,9731,3,5.775,26413,9,-0.1,17573,6,0.205,13408,5,27.305,8985,3,23.142,13024,4
4604,E01004548,Wandsworth 029D,E09000032,Wandsworth,17.492,16560,6,0.109,15021,5,0.063,20576,7,5.611,26594,9,-0.015,16228,5,0.148,14336,5,28.692,7897,3,36.402,5623,2
4605,E01004549,Wandsworth 027D,E09000032,Wandsworth,19.334,14976,5,0.096,16947,6,0.085,15212,5,7.8,24150,8,0.519,8891,3,0.245,12796,4,25.928,10232,4,30.185,8702,3
4606,E01004550,Wandsworth 017D,E09000032,Wandsworth,13.202,20846,7,0.112,14660,5,0.042,27298,9,4.117,28388,9,-0.125,17976,6,0.167,14061,5,26.089,10097,4,20.351,15020,5
4607,E01004551,Wandsworth 012E,E09000032,Wandsworth,17.486,16564,6,0.073,20871,7,0.051,24355,8,5.477,26743,9,-0.322,20999,7,0.847,4911,2,28.059,8377,3,44.859,2936,1
4608,E01004552,Wandsworth 008C,E09000032,Wandsworth,10.655,23714,8,0.029,31050,10,0.018,32398,10,12.371,19596,6,-0.824,27242,9,0.562,8232,3,20.898,15614,5,36.854,5444,2
4609,E01004553,Wandsworth 015A,E09000032,Wandsworth,11.274,23022,8,0.064,22879,7,0.04,27826,9,1.727,31187,10,-0.411,22268,7,0.519,8794,3,23.69,12447,4,27.781,10087,4
4610,E01004554,Wandsworth 009A,E09000032,Wandsworth,6.516,28864,9,0.026,31448,10,0.016,32565,10,0.1,32820,10,-1.153,29968,10,0.233,12975,4,12.989,25419,8,35.285,6103,2
4611,E01004555,Wandsworth 017E,E09000032,Wandsworth,4.844,30653,10,0.02,32188,10,0.02,32258,10,0.101,32819,10,-1.457,31566,10,-0.462,23251,8,12.425,26089,8,34.083,6645,3
4612,E01004556,Wandsworth 009B,E09000032,Wandsworth,4.709,30796,10,0.033,30276,10,0.018,32426,10,0.158,32786,10,-1.23,30484,10,-0.629,25410,8,10.193,28417,9,32.98,7211,3
4613,E01004557,Wandsworth 015B,E09000032,Wandsworth,8.329,26658,9,0.056,24681,8,0.047,25773,8,1.063,31954,10,-0.726,26198,8,-0.672,25900,8,19.266,17552,6,32.23,7596,3
4614,E01004558,Wandsworth 015C,E09000032,Wandsworth,5.821,29652,10,0.054,25294,8,0.034,29661,10,0.986,32038,10,-1.358,31153,10,-0.275,20682,7,15.029,22974,7,23.738,12609,4
4615,E01004559,Wandsworth 015D,E09000032,Wandsworth,7.589,27575,9,0.048,26612,9,0.028,31010,10,0.105,32816,10,-1.076,29415,9,-0.166,19142,6,19.685,17013,6,34.493,6473,2
4616,E01004560,Wandsworth 001A,E09000032,Wandsworth,17.433,16606,6,0.077,20112,7,0.041,27642,9,3.418,29228,9,-0.629,25077,8,0.938,4050,2,25.613,10551,4,53.31,1393,1
4617,E01004562,Wandsworth 002B,E09000032,Wandsworth,29.861,8087,3,0.215,5789,2,0.116,10182,4,15.153,17247,6,-0.058,16916,6,0.182,13812,5,34.273,4440,2,47.76,2294,1
4618,E01004563,Wandsworth 002C,E09000032,Wandsworth,30.537,7775,3,0.164,9272,3,0.094,13645,5,8.483,23419,8,-0.074,17155,6,0.512,8910,3,37.906,2868,1,72.509,59,1
4619,E01004564,Wandsworth 002D,E09000032,Wandsworth,18.491,15699,5,0.108,15247,5,0.076,17250,6,7.704,24241,8,0.245,12421,4,0.047,15942,5,28.37,8134,3,32.062,7678,3
4620,E01004565,Wandsworth 005A,E09000032,Wandsworth,19.254,15043,5,0.119,13789,5,0.079,16518,6,11.94,19997,7,-0.01,16157,5,0.327,11530,4,24.256,11879,4,34.529,6457,2
4621,E01004566,Wandsworth 001B,E09000032,Wandsworth,11.738,22476,7,0.058,24291,8,0.025,31569,10,4.272,28204,9,-0.828,27273,9,0.598,7775,3,21.404,15009,5,40.904,3977,2
4622,E01004567,Wandsworth 002E,E09000032,Wandsworth,31.614,7246,3,0.25,4008,2,0.14,7483,3,17.49,15474,5,0.43,9949,4,-0.096,18081,6,38.584,2629,1,18.798,16194,5
4623,E01004568,Wandsworth 013A,E09000032,Wandsworth,23.695,11579,4,0.169,8833,3,0.084,15427,5,23.67,11522,4,0.123,14136,5,0.411,10278,4,31.899,5719,2,18.56,16385,5
4624,E01004569,Wandsworth 023A,E09000032,Wandsworth,24.659,10975,4,0.168,8984,3,0.104,11890,4,14.793,17516,6,0.183,13290,5,0.62,7447,3,30.011,6962,3,23.832,12543,4
4625,E01004570,Wandsworth 023B,E09000032,Wandsworth,33.572,6433,2,0.25,4014,2,0.142,7301,3,26.903,9872,4,0.762,6255,2,0.218,13219,5,32.773,5218,2,16.594,17904,6
4626,E01004571,Wandsworth 023C,E09000032,Wandsworth,24.607,11003,4,0.187,7520,3,0.095,13346,5,18.443,14806,5,-0.075,17179,6,0.506,8993,3,31.437,6003,2,23.852,12521,4
4627,E01004572,Wandsworth 016A,E09000032,Wandsworth,22.976,12072,4,0.142,11228,4,0.09,14195,5,8.75,23140,8,-0.328,21091,7,1.062,3057,1,35.035,4076,2,21.583,14130,5
4628,E01004573,Wandsworth 023D,E09000032,Wandsworth,27.314,9403,3,0.139,11518,4,0.099,12650,4,16.034,16549,6,0.028,15572,5,0.409,10305,4,45.471,974,1,36.312,5677,2
4629,E01004574,Wandsworth 013B,E09000032,Wandsworth,34.899,5928,2,0.277,2967,1,0.146,6969,3,29.845,8648,3,0.654,7346,3,0.057,15782,5,33.929,4601,2,15.623,18722,6
4630,E01004575,Wandsworth 013C,E09000032,Wandsworth,29.395,8305,3,0.212,6003,2,0.126,8976,3,13.071,18974,6,0.361,10852,4,0.092,15256,5,39.638,2307,1,26.946,10580,4
4631,E01004576,Wandsworth 013D,E09000032,Wandsworth,26.61,9829,3,0.179,8070,3,0.123,9305,3,16.049,16529,6,0.246,12410,4,-0.035,17216,6,38.826,2545,1,20.089,15213,5
4632,E01004577,Wandsworth 003C,E09000032,Wandsworth,14.287,19652,6,0.08,19505,6,0.039,28149,9,2.255,30587,10,-0.233,19618,6,0.215,13252,5,26.69,9568,3,42.729,3474,2
4633,E01004579,Wandsworth 004B,E09000032,Wandsworth,18.872,15348,5,0.114,14403,5,0.078,16820,6,2.865,29901,10,-0.275,20294,7,0.417,10205,4,25.928,10230,4,43.297,3341,2
4634,E01004580,Wandsworth 004C,E09000032,Wandsworth,18.717,15480,5,0.106,15416,5,0.05,24605,8,1.833,31070,10,0.322,11318,4,0.558,8291,3,29.717,7166,3,38.607,4753,2
4635,E01004581,Wandsworth 004D,E09000032,Wandsworth,15.428,18520,6,0.116,14197,5,0.06,21595,7,6.135,26031,8,-0.482,23169,8,-0.319,21312,7,27.957,8481,3,35.66,5953,2
4636,E01004582,Wandsworth 001C,E09000032,Wandsworth,9.047,25733,8,0.063,23011,8,0.042,27437,9,3.466,29172,9,-1.806,32388,10,-0.709,26318,9,23.893,12253,4,34.612,6424,2
4637,E01004583,Wandsworth 001D,E09000032,Wandsworth,12.262,21872,7,0.087,18389,6,0.046,26028,8,2.151,30723,10,-0.33,21126,7,0.097,15167,5,25.386,10762,4,29.071,9340,3
4638,E01004584,Wandsworth 003D,E09000032,Wandsworth,32.114,7042,3,0.273,3117,1,0.143,7195,3,17.284,15611,5,0.306,11537,4,-0.467,23327,8,37.44,3045,1,22.898,13205,5
4639,E01004585,Wandsworth 008D,E09000032,Wandsworth,10.139,24327,8,0.049,26313,9,0.031,30489,10,2.698,30100,10,-0.195,19069,6,0.089,15289,5,21.578,14806,5,34.928,6277,2
4640,E01004586,Wandsworth 009C,E09000032,Wandsworth,10.15,24309,8,0.054,25179,8,0.035,29307,9,2.77,30011,10,-0.651,25354,8,-0.157,18987,6,21.427,14982,5,41.035,3932,2
4641,E01004587,Wandsworth 009D,E09000032,Wandsworth,8.468,26459,9,0.04,28689,9,0.033,29789,10,1.676,31239,10,-0.704,25962,8,-0.134,18649,6,15.091,22882,7,41.792,3717,2
4642,E01004588,Wandsworth 008E,E09000032,Wandsworth,12.896,21164,7,0.036,29559,9,0.035,29473,9,1.906,30999,10,-0.48,23131,8,0.775,5686,2,22.969,13242,5,45.709,2740,1
4643,E01004589,Wandsworth 009E,E09000032,Wandsworth,7.633,27504,9,0.028,31103,10,0.022,32044,10,0.574,32461,10,-0.868,27681,9,-0.149,18868,6,16.462,21093,7,42.642,3496,2
4644,E01004590,Wandsworth 005B,E09000032,Wandsworth,25.382,10520,4,0.176,8312,3,0.132,8324,3,6.991,25048,8,-0.029,16442,6,0.412,10273,4,26.966,9306,3,35.862,5866,2
4645,E01004591,Wandsworth 005C,E09000032,Wandsworth,18.629,15550,5,0.125,13156,5,0.082,15779,5,4.939,27370,9,-0.024,16360,5,0.266,12459,4,27.034,9243,3,31.353,8079,3
4646,E01004592,Wandsworth 005D,E09000032,Wandsworth,25.647,10399,4,0.171,8683,3,0.127,8907,3,12.003,19932,7,0.176,13376,5,0.328,11519,4,25.146,10962,4,36.317,5674,2
4647,E01004593,Wandsworth 025A,E09000032,Wandsworth,8.54,26376,9,0.07,21578,7,0.039,28020,9,0.908,32125,10,-0.715,26074,8,-0.207,19717,7,21.53,14868,5,24.414,12153,4
4648,E01004594,Wandsworth 020D,E09000032,Wandsworth,5.248,30272,10,0.028,31215,10,0.02,32226,10,0.287,32698,10,-1.196,30258,10,-0.364,21946,7,13.412,24921,8,33.326,7040,3
4649,E01004595,Wandsworth 025B,E09000032,Wandsworth,8.241,26770,9,0.05,26075,8,0.029,30873,10,6.7,25370,8,-0.819,27193,9,-0.093,18036,6,19.687,17012,6,29.988,8821,3
4650,E01004596,Wandsworth 020E,E09000032,Wandsworth,6.139,29297,9,0.029,31038,10,0.027,31325,10,0.249,32723,10,-0.87,27711,9,-0.494,23699,8,14.948,23097,8,36.42,5618,2
4651,E01004597,Wandsworth 025C,E09000032,Wandsworth,11.97,22210,7,0.092,17539,6,0.067,19466,6,0.775,32269,10,-0.372,21753,7,-0.16,19033,6,19.219,17598,6,26.817,10672,4
4652,E01004598,Wandsworth 025D,E09000032,Wandsworth,8.252,26755,9,0.043,27977,9,0.03,30529,10,2.626,30195,10,-0.497,23393,8,0.027,16275,5,14.463,23700,8,36.164,5744,2
4653,E01004599,Wandsworth 025E,E09000032,Wandsworth,3.568,31858,10,0.03,30871,10,0.02,32206,10,0.521,32503,10,-1.103,29613,10,-1.037,29395,9,11.06,27575,9,25.511,11471,4
4654,E01004600,Wandsworth 018C,E09000032,Wandsworth,27.898,9097,3,0.215,5796,2,0.119,9796,3,12.588,19413,6,-0.181,18853,6,0.231,13018,4,40.422,2069,1,26.766,10701,4
4655,E01004601,Wandsworth 018D,E09000032,Wandsworth,19.4,14917,5,0.125,13116,4,0.063,20665,7,3.919,28629,9,-0.248,19834,7,0.899,4397,2,28.991,7662,3,33.847,6766,3
4656,E01004602,Wandsworth 010C,E09000032,Wandsworth,9.577,25029,8,0.03,30850,10,0.015,32570,10,1.213,31774,10,-0.92,28143,9,0.358,11048,4,19.838,16842,6,45.217,2844,1
4657,E01004604,Wandsworth 006A,E09000032,Wandsworth,7.81,27298,9,0.015,32578,10,0.02,32223,10,0.091,32823,10,-1.4,31341,10,0.209,13346,5,18.669,18275,6,41.458,3811,2
4658,E01004605,Wandsworth 006B,E09000032,Wandsworth,12.649,21436,7,0.099,16528,6,0.07,18719,6,2.296,30533,10,-0.824,27244,9,-0.283,20808,7,25.236,10882,4,25.842,11265,4
4659,E01004606,Wandsworth 006C,E09000032,Wandsworth,6.039,29425,9,0.019,32349,10,0.013,32676,10,0.915,32114,10,-0.984,28698,9,-0.607,25157,8,16.424,21137,7,38.531,4789,2
4660,E01004607,Wandsworth 006D,E09000032,Wandsworth,6.918,28435,9,0.028,31137,10,0.024,31758,10,0.444,32571,10,-1.622,32043,10,-0.035,17220,6,21.868,14480,5,34.003,6690,3
4661,E01004608,Wandsworth 006E,E09000032,Wandsworth,15.701,18238,6,0.098,16638,6,0.054,23496,8,7.563,24412,8,-0.261,20057,7,0.68,6726,3,25.408,10738,4,28.095,9898,4
4662,E01004609,Wandsworth 010E,E09000032,Wandsworth,11.246,23061,8,0.029,30978,10,0.019,32298,10,0.139,32796,10,-0.655,25407,8,0.403,10396,4,26.525,9696,3,46.29,2602,1
4663,E01004610,Wandsworth 033C,E09000032,Wandsworth,19.919,14415,5,0.102,16033,5,0.064,20527,7,5.102,27178,9,-0.481,23157,8,1.234,2074,1,29.419,7364,3,36.117,5760,2
4664,E01004611,Wandsworth 032B,E09000032,Wandsworth,15.858,18072,6,0.092,17617,6,0.056,22774,7,6.826,25227,8,-0.476,23079,8,0.39,10598,4,24.627,11500,4,41.299,3857,2
4665,E01004612,Wandsworth 032C,E09000032,Wandsworth,21.038,13529,5,0.158,9773,3,0.082,15952,5,4.682,27689,9,-0.182,18869,6,0.385,10678,4,30.19,6831,3,34.986,6246,2
4666,E01004613,Wandsworth 033D,E09000032,Wandsworth,32.542,6866,3,0.221,5454,2,0.092,13923,5,15.649,16859,6,-0.046,16710,6,1.054,3119,1,35.107,4043,2,52.271,1537,1
4667,E01004614,Wandsworth 034A,E09000032,Wandsworth,17.52,16536,6,0.127,12843,4,0.072,18315,6,13.995,18167,6,-0.051,16802,6,-0.613,25228,8,29.567,7255,3,25.969,11175,4
4668,E01004615,Wandsworth 034B,E09000032,Wandsworth,37.117,5177,2,0.254,3832,2,0.161,5662,2,22.371,12306,4,0.664,7248,3,0.732,6151,2,35.617,3795,2,26.204,11043,4
4669,E01004616,Wandsworth 034C,E09000032,Wandsworth,16.16,17793,6,0.096,16876,6,0.051,24444,8,10.605,21263,7,-0.357,21542,7,0.384,10687,4,32.62,5312,2,28.502,9669,3
4670,E01004617,Wandsworth 034D,E09000032,Wandsworth,22.718,12245,4,0.146,10865,4,0.076,17269,6,15.563,16930,6,0.548,8532,3,0.134,14586,5,35.252,3966,2,21.253,14362,5
4671,E01004618,Wandsworth 032D,E09000032,Wandsworth,13.315,20722,7,0.051,25933,8,0.032,30138,10,1.829,31073,10,-1.002,28835,9,1.473,1140,1,19.78,16909,6,33.192,7111,3
4672,E01004619,Wandsworth 015E,E09000032,Wandsworth,13.597,20376,7,0.041,28248,9,0.033,29853,10,1.471,31491,10,-1.168,30087,10,1.176,2376,1,24.249,11888,4,42.324,3580,2
4673,E01004620,Wandsworth 019C,E09000032,Wandsworth,13.595,20379,7,0.074,20599,7,0.059,21652,7,2.756,30022,10,-0.345,21379,7,-0.041,17309,6,22.319,13945,5,41.187,3885,2
4674,E01004621,Wandsworth 019D,E09000032,Wandsworth,16.179,17769,6,0.086,18550,6,0.052,24145,8,3.755,28815,9,-0.809,27095,9,0.555,8331,3,31.974,5670,2,40.286,4172,2
4675,E01004622,Wandsworth 024D,E09000032,Wandsworth,21.096,13491,5,0.105,15587,5,0.061,21323,7,19.721,13927,5,-0.289,20480,7,0.263,12508,4,42.432,1556,1,31.991,7720,3
4676,E01004623,Wandsworth 019E,E09000032,Wandsworth,8.842,25996,8,0.069,21745,7,0.045,26243,8,1.32,31661,10,-0.602,24739,8,-0.151,18910,6,21.689,14675,5,21.572,14134,5
4677,E01004624,Wandsworth 024E,E09000032,Wandsworth,19.498,14815,5,0.11,14939,5,0.077,17019,6,8.584,23329,8,-0.165,18608,6,0.794,5496,2,31.391,6031,2,25.33,11561,4
4678,E01004625,Wandsworth 027E,E09000032,Wandsworth,7.552,27625,9,0.014,32656,10,0.016,32552,10,0.793,32247,10,-1.487,31654,10,0.355,11088,4,23.932,12216,4,31.706,7878,3
4679,E01004626,Wandsworth 027F,E09000032,Wandsworth,14.008,19942,7,0.055,25010,8,0.059,21835,7,0.496,32521,10,0.271,12046,4,0.341,11305,4,25.972,10198,4,30.374,8592,3
4680,E01004627,Wandsworth 019F,E09000032,Wandsworth,10.143,24322,8,0.067,22114,7,0.055,23208,8,1.38,31605,10,-1.019,28978,9,-0.422,22729,7,23.348,12823,4,32.729,7336,3
4681,E01004628,Wandsworth 022A,E09000032,Wandsworth,23.386,11763,4,0.119,13830,5,0.098,12949,4,5.318,26946,9,1.082,3664,2,-0.747,26755,9,38.045,2819,1,21.544,14156,5
4682,E01004629,Wandsworth 020F,E09000032,Wandsworth,8.717,26152,8,0.058,24109,8,0.043,27096,9,1.023,31994,10,-1.235,30514,10,0.059,15759,5,24.982,11128,4,24.127,12331,4
4683,E01004630,Wandsworth 022B,E09000032,Wandsworth,29.906,8066,3,0.234,4790,2,0.144,7091,3,18.587,14709,5,0.212,12897,4,0.212,13294,5,33.843,4654,2,18.181,16672,6
4684,E01004631,Wandsworth 022C,E09000032,Wandsworth,20.805,13693,5,0.153,10214,4,0.084,15514,5,8.854,23020,8,0.217,12830,4,0.166,14073,5,28.082,8359,3,28.338,9761,3
4685,E01004632,Wandsworth 028A,E09000032,Wandsworth,8.395,26566,9,0.079,19745,7,0.039,28224,9,1.746,31171,10,-0.989,28730,9,-0.434,22877,7,21.883,14461,5,23.534,12755,4
4686,E01004633,Wandsworth 022D,E09000032,Wandsworth,26.263,10006,4,0.249,4065,2,0.119,9823,3,14.84,17472,6,-0.141,18251,6,-0.442,23007,8,32.893,5144,2,19.173,15906,5
4687,E01004634,Wandsworth 028B,E09000032,Wandsworth,12.856,21202,7,0.1,16275,5,0.063,20753,7,3.876,28678,9,-0.561,24202,8,-0.212,19796,7,26.414,9793,3,23.821,12548,4
4688,E01004635,Wandsworth 028C,E09000032,Wandsworth,13.215,20830,7,0.094,17202,6,0.071,18414,6,12.108,19847,7,-0.872,27732,9,-0.251,20367,7,25.542,10626,4,19.649,15562,5
4689,E01004636,Wandsworth 028D,E09000032,Wandsworth,15.699,18240,6,0.129,12676,4,0.076,17265,6,8.997,22856,7,-0.341,21301,7,-0.262,20513,7,26.241,9950,4,20.888,14635,5
4690,E01004637,Wandsworth 028E,E09000032,Wandsworth,14.919,19001,6,0.13,12567,4,0.087,14903,5,3.557,29060,9,-0.549,24046,8,-0.864,27927,9,29.06,7598,3,17.219,17425,6
4691,E01004638,Wandsworth 011B,E09000032,Wandsworth,6.727,28633,9,0.035,29733,10,0.041,27572,9,1.393,31585,10,-1.54,31816,10,0.008,16544,6,15.675,22113,7,30.705,8408,3
4692,E01004639,Wandsworth 011C,E09000032,Wandsworth,10.4,24017,8,0.059,23892,8,0.037,28692,9,3.677,28907,9,-0.803,27031,9,-0.408,22541,7,27.992,8441,3,35.268,6111,2
4693,E01004640,Wandsworth 011D,E09000032,Wandsworth,5.165,30360,10,0.033,30218,10,0.022,32009,10,1.556,31390,10,-1.443,31515,10,-0.798,27281,9,21.916,14418,5,25.728,11333,4
4694,E01004641,Wandsworth 011E,E09000032,Wandsworth,19.668,14652,5,0.124,13265,5,0.094,13596,5,2.572,30249,10,-0.34,21286,7,-0.183,19382,6,36.165,3554,2,34.595,6435,2
4695,E01004642,Wandsworth 016B,E09000032,Wandsworth,22.167,12645,4,0.117,14059,5,0.085,15276,5,13.266,18816,6,-0.043,16673,6,0.445,9841,3,41.092,1900,1,23.791,12570,4
4696,E01004643,Wandsworth 016C,E09000032,Wandsworth,21.764,12940,4,0.18,8020,3,0.113,10649,4,7.728,24214,8,-0.009,16152,5,-0.228,20016,7,30.846,6391,2,18.482,16443,6
4697,E01004644,Wandsworth 016D,E09000032,Wandsworth,18.179,15979,5,0.117,14013,5,0.071,18571,6,8.83,23042,8,-0.119,17878,6,0.225,13107,4,36.401,3459,2,19.008,16032,5
4698,E01004645,Wandsworth 016E,E09000032,Wandsworth,28.701,8654,3,0.214,5868,2,0.117,10016,4,19.184,14270,5,0.717,6711,3,0.051,15869,5,32.761,5229,2,18.554,16390,5
4699,E01033093,Wandsworth 010F,E09000032,Wandsworth,12.511,21599,7,0.07,21442,7,0.041,27568,9,4.233,28247,9,-1.109,29672,10,0.166,14068,5,18.603,18356,6,49.992,1916,1
4700,E01033098,Wandsworth 002F,E09000032,Wandsworth,17.461,16588,6,0.011,32767,10,0.011,32732,10,9.954,21874,7,-1.374,31236,10,-1.006,29140,9,48.142,551,1,65.322,276,1
4701,E01033099,Wandsworth 004E,E09000032,Wandsworth,21.195,13403,5,0.139,11555,4,0.062,21062,7,4.41,28024,9,-0.481,23158,8,0.373,10826,4,39.361,2387,1,42.077,3643,2
4702,E01033100,Wandsworth 002G,E09000032,Wandsworth,27.088,9545,3,0.176,8338,3,0.098,12813,4,9.827,22019,7,0.14,13884,5,0.451,9750,3,32.14,5558,2,47.933,2268,1
4703,E01033101,Wandsworth 004F,E09000032,Wandsworth,8.267,26739,9,0.058,24260,8,0.026,31412,10,1.359,31629,10,-1.262,30662,10,-0.237,20158,7,20.145,16473,6,36.722,5492,2
4704,E01033132,Wandsworth 002H,E09000032,Wandsworth,29.475,8273,3,0.119,13756,5,0.074,17659,6,8.96,22898,7,0.11,14355,5,0.419,10178,4,46.456,811,1,69.609,113,1
4705,E01033133,Wandsworth 004G,E09000032,Wandsworth,12.781,21289,7,0.073,20832,7,0.032,30197,10,0.508,32512,10,-0.751,26475,9,-0.284,20817,7,35.263,3960,2,39.122,4579,2
4706,E01033135,Wandsworth 010G,E09000032,Wandsworth,5.652,29855,10,0.02,32174,10,0.018,32436,10,0.06,32834,10,-0.808,27084,9,-0.302,21081,7,14.929,23126,8,33.487,6959,3
4707,E01004646,Westminster 002A,E09000033,Westminster,14.374,19570,6,0.061,23473,8,0.04,27910,9,14.799,17510,6,-2.011,32613,10,0.695,6564,2,18.552,18428,6,47.688,2311,1
4708,E01004647,Westminster 001A,E09000033,Westminster,16.324,17624,6,0.108,15228,5,0.08,16296,5,12.759,19255,6,-1.461,31583,10,0.14,14482,5,19.447,17324,6,39.136,4574,2
4709,E01004648,Westminster 002B,E09000033,Westminster,10.456,23935,8,0.076,20239,7,0.048,25372,8,6.62,25460,8,-1.842,32455,10,0.043,15996,5,20.589,15951,5,30.686,8419,3
4710,E01004649,Westminster 001B,E09000033,Westminster,6.385,29012,9,0.045,27305,9,0.019,32296,10,6.457,25644,8,-2.464,32796,10,-0.379,22159,7,19.803,16881,6,26.962,10568,4
4711,E01004650,Westminster 002C,E09000033,Westminster,5.964,29514,9,0.038,29157,9,0.025,31554,10,1.574,31368,10,-2.313,32765,10,-0.453,23157,8,18.466,18535,6,32.409,7513,3
4712,E01004651,Westminster 003A,E09000033,Westminster,9.221,25503,8,0.05,26149,8,0.025,31694,10,11.401,20521,7,-1.599,31980,10,-1.11,29920,10,23.261,12911,4,40.12,4228,2
4713,E01004652,Westminster 017A,E09000033,Westminster,15.871,18062,6,0.101,16202,5,0.048,25388,8,8.659,23238,8,-0.452,22794,7,0.706,6447,2,24.671,11463,4,33.505,6952,3
4714,E01004653,Westminster 014A,E09000033,Westminster,10.84,23503,8,0.058,24238,8,0.046,25844,8,2.277,30555,10,-1.358,31154,10,0.354,11102,4,17.709,19511,6,40.894,3980,2
4715,E01004654,Westminster 014B,E09000033,Westminster,12.798,21266,7,0.072,21167,7,0.051,24330,8,3.988,28560,9,-1.16,30025,10,0.431,10023,4,22.168,14134,5,39.314,4500,2
4716,E01004656,Westminster 014D,E09000033,Westminster,23.605,11625,4,0.137,11793,4,0.105,11728,4,7.8,24149,8,-0.423,22416,7,0.747,5973,2,27.75,8649,3,44.198,3099,1
4717,E01004657,Westminster 012A,E09000033,Westminster,11.499,22741,7,0.025,31565,10,0.01,32759,10,3.459,29179,9,-1.909,32529,10,0.729,6188,2,21.73,14627,5,50.447,1844,1
4718,E01004658,Westminster 012B,E09000033,Westminster,15.648,18296,6,0.073,20993,7,0.048,25252,8,7.353,24646,8,-0.511,23563,8,0.728,6210,2,25.555,10613,4,40.935,3971,2
4719,E01004659,Westminster 008A,E09000033,Westminster,7.589,27574,9,0.053,25509,8,0.035,29405,9,2.54,30280,10,-1.561,31883,10,-0.929,28511,9,25.027,11081,4,30.629,8448,3
4720,E01004660,Westminster 008B,E09000033,Westminster,8.583,26318,9,0.035,29713,10,0.02,32214,10,5.954,26215,8,-2.16,32710,10,0.125,14719,5,20.553,16003,5,39.256,4517,2
4721,E01004661,Westminster 012C,E09000033,Westminster,20.233,14144,5,0.126,12997,4,0.103,11990,4,2.699,30096,10,-0.695,25873,8,-0.018,16960,6,23.733,12405,4,52.05,1572,1
4722,E01004662,Westminster 012D,E09000033,Westminster,12.001,22170,7,0.043,27810,9,0.028,31075,10,1.021,31996,10,-1.892,32511,10,-0.374,22077,7,25.19,10925,4,61.821,514,1
4723,E01004663,Westminster 012E,E09000033,Westminster,17.986,16131,5,0.092,17650,6,0.074,17717,6,1.858,31050,10,-1.221,30430,10,1.208,2193,1,21.075,15410,5,40.493,4106,2
4724,E01004665,Westminster 024A,E09000033,Westminster,36.498,5376,2,0.286,2693,1,0.203,3006,1,26.28,10165,4,0.247,12393,4,-0.306,21134,7,27.256,9026,3,26.967,10567,4
4725,E01004666,Westminster 023B,E09000033,Westminster,26.096,10123,4,0.197,6849,3,0.145,7008,3,7.189,24824,8,-0.141,18256,6,0.276,12299,4,21.871,14472,5,39.147,4568,2
4726,E01004667,Westminster 023C,E09000033,Westminster,30.083,7987,3,0.179,8130,3,0.155,6090,2,11.014,20873,7,0.009,15876,5,0.239,12883,4,22.362,13891,5,59.957,688,1
4727,E01004668,Westminster 023D,E09000033,Westminster,18.423,15757,5,0.14,11437,4,0.105,11810,4,2.953,29787,10,-0.563,24232,8,-0.006,16768,6,22.369,13882,5,35.177,6153,2
4728,E01004669,Westminster 024B,E09000033,Westminster,30.923,7591,3,0.263,3494,2,0.148,6763,3,15.597,16907,6,0.163,13570,5,0.026,16280,5,24.742,11387,4,35.671,5951,2
4729,E01004670,Westminster 009A,E09000033,Westminster,48.003,2488,1,0.385,538,1,0.256,1157,1,32.239,7725,3,0.442,9800,3,-0.277,20722,7,28.455,8067,3,23.928,12469,4
4730,E01004674,Westminster 005A,E09000033,Westminster,34.303,6143,2,0.283,2790,1,0.179,4328,2,16.34,16308,5,-0.058,16919,6,0.633,7294,3,23.319,12860,4,31.277,8117,3
4731,E01004675,Westminster 005B,E09000033,Westminster,33.045,6646,3,0.267,3338,2,0.172,4806,2,6.887,25152,8,0.257,12215,4,0.583,7952,3,25.278,10853,4,32.767,7314,3
4732,E01004676,Westminster 006A,E09000033,Westminster,21.229,13382,5,0.164,9259,3,0.105,11762,4,11.063,20837,7,-0.249,19867,7,0.273,12347,4,23.683,12456,4,29.282,9227,3
4733,E01004677,Westminster 005C,E09000033,Westminster,22.942,12092,4,0.183,7824,3,0.125,9121,3,8.957,22901,7,-0.026,16399,5,-0.03,17135,6,23.051,13149,5,30.175,8707,3
4734,E01004678,Westminster 005D,E09000033,Westminster,24.677,10961,4,0.182,7895,3,0.124,9243,3,12.077,19874,7,0.019,15720,5,0.451,9754,3,22.782,13430,5,31.431,8035,3
4735,E01004679,Westminster 005E,E09000033,Westminster,32.133,7034,3,0.252,3916,2,0.155,6083,2,12.039,19898,7,-0.059,16930,6,0.529,8690,3,23.798,12346,4,44.142,3114,1
4736,E01004680,Westminster 015A,E09000033,Westminster,11.027,23309,8,0.025,31632,10,0.017,32500,10,6.054,26112,8,-1.959,32575,10,0.857,4829,2,19.019,17844,6,44.367,3058,1
4737,E01004681,Westminster 016A,E09000033,Westminster,12.054,22113,7,0.07,21593,7,0.042,27217,9,9.947,21879,7,-0.894,27925,9,-1.158,30212,10,24.152,11984,4,45.063,2882,1
4738,E01004682,Westminster 016B,E09000033,Westminster,14.246,19698,6,0.051,25862,8,0.032,30234,10,5.96,26207,8,-0.846,27467,9,0.521,8771,3,30.281,6773,3,47.705,2308,1
4739,E01004683,Westminster 015B,E09000033,Westminster,8.566,26341,9,0.024,31709,10,0.019,32325,10,1.929,30973,10,-2.064,32650,10,0.586,7917,3,19.211,17607,6,37.698,5100,2
4740,E01004684,Westminster 015C,E09000033,Westminster,21.313,13307,5,0.108,15227,5,0.063,20599,7,13.385,18694,6,-1.082,29460,9,1.282,1829,1,23.592,12557,4,46.891,2474,1
4741,E01004686,Westminster 015E,E09000033,Westminster,23.844,11469,4,0.116,14188,5,0.088,14670,5,9.808,22032,7,-0.671,25605,8,1.141,2568,1,26.079,10107,4,51.444,1673,1
4742,E01004687,Westminster 019A,E09000033,Westminster,6.967,28371,9,0.009,32804,10,0.007,32803,10,0.361,32638,10,-2.576,32810,10,0.217,13224,5,17.361,19971,7,38.612,4747,2
4743,E01004688,Westminster 019B,E09000033,Westminster,5.319,30198,10,0.006,32838,10,0.003,32838,10,5.284,26982,9,-2.34,32775,10,-0.855,27846,9,19.788,16898,6,31.686,7894,3
4744,E01004689,Westminster 019C,E09000033,Westminster,15.963,17986,6,0.009,32809,10,0.007,32804,10,4.805,27546,9,-2.528,32804,10,1.982,222,1,17.528,19754,7,51.545,1655,1
4745,E01004690,Westminster 019D,E09000033,Westminster,5.445,30073,10,0.013,32680,10,0.006,32817,10,2.295,30534,10,-2.762,32828,10,-1.274,30857,10,19.949,16714,6,36.369,5640,2
4746,E01004691,Westminster 019E,E09000033,Westminster,10.967,23381,8,0.013,32710,10,0.006,32822,10,3.779,28790,9,-2.792,32831,10,-0.196,19568,6,25.349,10795,4,59.133,761,1
4747,E01004692,Westminster 019F,E09000033,Westminster,6.602,28779,9,0.008,32817,10,0.007,32798,10,6.899,25146,8,-2.321,32767,10,-0.649,25632,8,20.247,16363,5,37.317,5254,2
4748,E01004693,Westminster 017B,E09000033,Westminster,12.614,21478,7,0.034,30090,10,0.026,31429,10,2.485,30330,10,-1.795,32370,10,1.046,3176,1,21.053,15434,5,47.548,2344,1
4749,E01004694,Westminster 016C,E09000033,Westminster,8.45,26491,9,0.026,31488,10,0.02,32231,10,2.994,29747,10,-2.124,32686,10,0.098,15163,5,26.387,9823,3,36.628,5526,2
4750,E01004695,Westminster 017C,E09000033,Westminster,12.739,21342,7,0.058,24126,8,0.03,30669,10,3.114,29601,10,-0.78,26788,9,0.843,4967,2,25.149,10958,4,36.709,5501,2
4751,E01004696,Westminster 017D,E09000033,Westminster,32.394,6924,3,0.253,3907,2,0.165,5372,2,10.259,21585,7,0.36,10854,4,0.156,14227,5,28.489,8044,3,35.34,6083,2
4752,E01004697,Westminster 016D,E09000033,Westminster,16.233,17722,6,0.08,19622,6,0.05,24557,8,9.793,22052,7,-1.073,29389,9,0.747,5965,2,24.451,11677,4,44.723,2967,1
4753,E01004698,Westminster 017E,E09000033,Westminster,19.958,14384,5,0.078,19857,7,0.06,21583,7,4.095,28422,9,-0.591,24597,8,1.465,1162,1,31.351,6047,2,38.327,4874,2
4754,E01004699,Westminster 017F,E09000033,Westminster,14.726,19200,6,0.053,25385,8,0.03,30561,10,2.4,30411,10,-1.514,31740,10,0.932,4107,2,26.465,9738,3,51.443,1675,1
4755,E01004700,Westminster 016E,E09000033,Westminster,11.301,22989,7,0.048,26760,9,0.037,28886,9,5.285,26980,9,-1.775,32345,10,0.181,13840,5,28.223,8245,3,40.504,4103,2
4756,E01004701,Westminster 007A,E09000033,Westminster,9.41,25245,8,0.063,23072,8,0.034,29596,10,3.45,29193,9,-1.166,30078,10,-0.696,26180,8,17.462,19842,7,44.905,2922,1
4757,E01004702,Westminster 009E,E09000033,Westminster,42.113,3687,2,0.315,1799,1,0.214,2526,1,22.182,12420,4,0.27,12063,4,0.592,7848,3,27.939,8497,3,37.474,5184,2
4758,E01004703,Westminster 007B,E09000033,Westminster,10.512,23871,8,0.059,24058,8,0.029,30774,10,4.762,27592,9,-2.141,32702,10,0.597,7788,3,17.18,20209,7,38.993,4621,2
4759,E01004705,Westminster 007D,E09000033,Westminster,5.344,30175,10,0.028,31166,10,0.016,32533,10,1.384,31600,10,-1.708,32228,10,-0.126,18528,6,11.189,27422,9,33.803,6794,3
4760,E01004706,Westminster 006B,E09000033,Westminster,7.391,27823,9,0.042,28062,9,0.02,32272,10,1.105,31899,10,-0.935,28272,9,0.631,7310,3,11.103,27528,9,27.727,10121,4
4761,E01004707,Westminster 006C,E09000033,Westminster,3.915,31583,10,0.025,31631,10,0.015,32609,10,0.646,32396,10,-2.2,32724,10,-0.276,20701,7,10.804,27845,9,26.515,10856,4
4762,E01004708,Westminster 006D,E09000033,Westminster,22.865,12143,4,0.148,10656,4,0.114,10483,4,4.25,28232,9,-0.3,20647,7,0.441,9893,4,23.3,12877,4,45.923,2692,1
4763,E01004709,Westminster 007E,E09000033,Westminster,20.127,14236,5,0.175,8420,3,0.12,9644,3,5.448,26780,9,-0.601,24732,8,-0.13,18588,6,20.999,15503,5,30.62,8451,3
4764,E01004710,Westminster 002D,E09000033,Westminster,31.131,7483,3,0.243,4355,2,0.153,6312,2,12.795,19217,6,-0.194,19043,6,0.898,4407,2,24.255,11880,4,33.88,6751,3
4765,E01004711,Westminster 002E,E09000033,Westminster,24.274,11199,4,0.206,6330,2,0.131,8332,3,13.828,18307,6,-0.154,18453,6,-0.151,18907,6,23.441,12728,4,27.529,10242,4
4766,E01004712,Westminster 008C,E09000033,Westminster,11.061,23263,8,0.057,24391,8,0.026,31504,10,6.017,26140,8,-1.963,32577,10,-0.109,18274,6,21.574,14811,5,50.201,1882,1
4767,E01004713,Westminster 011A,E09000033,Westminster,7.513,27672,9,0.011,32745,10,0.009,32772,10,3.033,29689,10,-2.398,32791,10,-0.531,24195,8,16.021,21649,7,49.819,1941,1
4768,E01004714,Westminster 011B,E09000033,Westminster,10.268,24181,8,0.035,29809,10,0.021,32107,10,1.454,31510,10,-2.169,32717,10,-0.229,20038,7,20.846,15668,5,57.811,877,1
4769,E01004715,Westminster 013A,E09000033,Westminster,15.84,18090,6,0.111,14814,5,0.065,20029,7,13.01,19029,6,-0.536,23873,8,-0.651,25663,8,25.484,10665,4,37.274,5274,2
4770,E01004716,Westminster 011C,E09000033,Westminster,7.362,27864,9,0.012,32727,10,0.007,32805,10,0.884,32146,10,-2.723,32825,10,-0.649,25637,8,21.968,14365,5,45.614,2764,1
4771,E01004717,Westminster 011D,E09000033,Westminster,12.041,22125,7,0.038,29081,9,0.024,31835,10,0.172,32779,10,-1.733,32275,10,-0.363,21933,7,20.928,15581,5,69.231,118,1
4772,E01004718,Westminster 004A,E09000033,Westminster,29.795,8120,3,0.206,6322,2,0.14,7451,3,20.38,13548,5,0.16,13609,5,0.475,9407,3,22.984,13231,5,40.099,4234,2
4773,E01004719,Westminster 004B,E09000033,Westminster,28.56,8731,3,0.216,5757,2,0.146,6895,3,13.199,18878,6,-0.074,17152,6,0.234,12965,4,22.382,13871,5,42.808,3450,2
4774,E01004720,Westminster 004C,E09000033,Westminster,32.043,7066,3,0.23,4985,2,0.152,6337,2,19.59,14025,5,-0.051,16807,6,0.616,7503,3,24.141,11997,4,42.833,3446,2
4775,E01004721,Westminster 004D,E09000033,Westminster,38.504,4722,2,0.288,2583,1,0.2,3115,1,16.558,16151,5,0.465,9521,3,0.728,6198,2,24.365,11758,4,31.75,7857,3
4776,E01004722,Westminster 004E,E09000033,Westminster,35.96,5553,2,0.313,1864,1,0.196,3358,2,21.196,13025,4,-0.066,17018,6,0.115,14903,5,24.742,11388,4,25.341,11556,4
4777,E01004723,Westminster 005F,E09000033,Westminster,29.307,8354,3,0.244,4295,2,0.152,6406,2,13.807,18324,6,-0.051,16805,6,0.248,12753,4,23.127,13073,4,33.89,6743,3
4778,E01004724,Westminster 001C,E09000033,Westminster,10.86,23490,8,0.076,20363,7,0.045,26319,9,17.012,15803,5,-1.645,32094,10,-0.642,25560,8,22.075,14235,5,29.831,8916,3
4779,E01004725,Westminster 003B,E09000033,Westminster,27.158,9498,3,0.21,6100,2,0.107,11453,4,15.352,17081,6,-0.585,24530,8,0.631,7321,3,30.624,6514,2,39.103,4587,2
4780,E01004726,Westminster 003C,E09000033,Westminster,9.4,25261,8,0.047,26899,9,0.034,29640,10,3.766,28805,9,-2.03,32628,10,-0.227,20009,7,18.807,18108,6,46.394,2579,1
4781,E01004727,Westminster 008D,E09000033,Westminster,10.116,24363,8,0.022,31999,10,0.007,32810,10,3.589,29020,9,-2.887,32834,10,0.207,13381,5,25.403,10742,4,47.97,2259,1
4782,E01004728,Westminster 003D,E09000033,Westminster,14.858,19059,6,0.122,13437,5,0.057,22300,7,5.516,26697,9,-0.614,24874,8,0.029,16241,5,22.468,13783,5,35.939,5832,2
4783,E01004729,Westminster 003E,E09000033,Westminster,25.605,10420,4,0.223,5342,2,0.143,7160,3,4.818,27522,9,0.049,15255,5,-0.745,26726,9,24.344,11780,4,34.973,6252,2
4784,E01004730,Westminster 001D,E09000033,Westminster,6.582,28806,9,0.047,26923,9,0.025,31610,10,2.261,30576,10,-2.469,32799,10,-0.492,23663,8,20.873,15640,5,31.228,8143,3
4785,E01004731,Westminster 020A,E09000033,Westminster,10.008,24520,8,0.054,25174,8,0.026,31415,10,6.307,25832,8,-1.985,32589,10,-1.359,31269,10,18.589,18377,6,54.183,1287,1
4786,E01004732,Westminster 020B,E09000033,Westminster,43.66,3324,2,0.283,2786,1,0.28,688,1,20.313,13590,5,1.161,3099,1,-0.833,27625,9,21.907,14434,5,26.1,11115,4
4787,E01004733,Westminster 020C,E09000033,Westminster,18.171,15991,5,0.1,16250,5,0.105,11793,4,7.629,24341,8,-1.141,29886,10,-0.702,26244,8,18.2,18865,6,55.552,1113,1
4788,E01004734,Westminster 018A,E09000033,Westminster,30.2,7933,3,0.172,8667,3,0.14,7449,3,3.345,29321,9,-0.136,18163,6,1.262,1920,1,26.387,9824,3,50.109,1897,1
4789,E01004735,Westminster 018B,E09000033,Westminster,35.28,5794,2,0.216,5737,2,0.226,2025,1,3.812,28753,9,0.647,7414,3,-0.334,21514,7,24.915,11212,4,45.73,2733,1
4790,E01004736,Westminster 018C,E09000033,Westminster,9.719,24862,8,0.006,32833,10,0.012,32702,10,4.252,28230,9,-2.151,32709,10,0.01,16515,6,19.643,17078,6,54.538,1239,1
4791,E01004737,Westminster 024C,E09000033,Westminster,20.233,14145,5,0.144,11027,4,0.111,10909,4,13.171,18897,6,-0.507,23510,8,-0.131,18607,6,22.635,13595,5,34.673,6386,2
4792,E01004738,Westminster 024D,E09000033,Westminster,9.473,25164,8,0.044,27539,9,0.031,30286,10,0.325,32668,10,-1.338,31055,10,-0.176,19301,6,21.097,15384,5,47.206,2413,1
4793,E01004739,Westminster 024E,E09000033,Westminster,9.446,25205,8,0.057,24503,8,0.021,32096,10,1.995,30899,10,-1.086,29486,9,-1.2,30458,10,23.748,12392,4,46.246,2612,1
4794,E01004740,Westminster 021A,E09000033,Westminster,33.582,6426,2,0.253,3894,2,0.161,5649,2,8.738,23148,8,0.428,9972,4,0.897,4413,2,26.887,9381,3,30.485,8526,3
4795,E01004741,Westminster 024F,E09000033,Westminster,20.616,13839,5,0.15,10517,4,0.085,15241,5,5.466,26755,9,-0.289,20485,7,0.39,10601,4,26.633,9610,3,38.574,4768,2
4796,E01004742,Westminster 022A,E09000033,Westminster,11.205,23098,8,0.085,18701,6,0.054,23295,8,1.163,31829,10,-1.022,28997,9,-0.395,22384,7,17.789,19425,6,40.069,4240,2
4797,E01004743,Westminster 021B,E09000033,Westminster,20.842,13668,5,0.176,8336,3,0.113,10696,4,8.142,23799,8,-0.298,20617,7,-0.895,28197,9,22.87,13349,5,36.467,5599,2
4798,E01004744,Westminster 020D,E09000033,Westminster,25.478,10482,4,0.187,7495,3,0.165,5311,2,5.517,26695,9,0.32,11348,4,-0.941,28605,9,20.726,15806,5,33.836,6773,3
4799,E01004745,Westminster 021C,E09000033,Westminster,16.175,17777,6,0.096,16911,6,0.072,18279,6,5.824,26362,9,-1.242,30550,10,-1.218,30572,10,20.273,16330,5,60.305,662,1
4800,E01004746,Westminster 021D,E09000033,Westminster,27.661,9216,3,0.198,6820,3,0.155,6120,2,11.147,20753,7,-0.165,18606,6,-0.328,21443,7,26.833,9430,3,43.753,3220,1
4801,E01004747,Westminster 021E,E09000033,Westminster,22.157,12655,4,0.167,9010,3,0.12,9654,3,2.015,30879,10,0.073,14899,5,-0.031,17157,6,22.236,14039,5,36.915,5424,2
4802,E01004748,Westminster 020E,E09000033,Westminster,8.835,26006,8,0.044,27703,9,0.04,27816,9,0.956,32069,10,-1.44,31499,10,-0.284,20819,7,20.308,16281,5,42.013,3660,2
4803,E01004749,Westminster 022B,E09000033,Westminster,13.225,20814,7,0.087,18339,6,0.061,21240,7,1.945,30956,10,-1.128,29788,10,-0.15,18886,6,20.379,16206,5,44.938,2913,1
4804,E01004750,Westminster 023E,E09000033,Westminster,18.907,15320,5,0.179,8121,3,0.079,16599,6,2.753,30028,10,-0.318,20944,7,-0.523,24097,8,23.828,12326,4,39.153,4566,2
4805,E01004751,Westminster 022C,E09000033,Westminster,10.367,24060,8,0.064,22710,7,0.047,25729,8,2.129,30756,10,-1.395,31316,10,0.391,10587,4,14.353,23818,8,37.824,5062,2
4806,E01004752,Westminster 022D,E09000033,Westminster,22.513,12381,4,0.158,9794,3,0.115,10307,4,2.527,30288,10,0.224,12718,4,-0.18,19345,6,24.465,11665,4,39.673,4367,2
4807,E01004753,Westminster 022E,E09000033,Westminster,16.395,17568,6,0.126,13017,4,0.09,14209,5,1.818,31082,10,-0.665,25523,8,-0.25,20340,7,19.982,16676,6,39.317,4499,2
4808,E01004754,Westminster 010A,E09000033,Westminster,45.911,2865,1,0.331,1398,1,0.226,2026,1,21.818,12664,4,0.891,5127,2,0.716,6321,2,24.425,11698,4,34.614,6422,2
4809,E01004755,Westminster 010B,E09000033,Westminster,28.633,8689,3,0.237,4647,2,0.147,6832,3,8.471,23433,8,0.151,13719,5,0.112,14948,5,26.477,9731,3,32.999,7204,3
4810,E01004756,Westminster 006E,E09000033,Westminster,22.8,12183,4,0.168,8916,3,0.119,9809,3,4.441,27986,9,0.269,12074,4,-0.01,16847,6,26.26,9926,4,29.712,8986,3
4811,E01004757,Westminster 010C,E09000033,Westminster,40.501,4110,2,0.321,1648,1,0.206,2859,1,19.094,14331,5,0.241,12485,4,0.358,11051,4,24.912,11215,4,39.957,4273,2
4812,E01004760,Westminster 014E,E09000033,Westminster,24.998,10773,4,0.193,7138,3,0.115,10326,4,6.727,25337,8,-0.173,18705,6,0.875,4633,2,23.148,13040,4,32.017,7696,3
4813,E01004761,Westminster 018D,E09000033,Westminster,8.467,26464,9,0.03,30769,10,0.028,31042,10,5.66,26546,9,-2.131,32694,10,-0.518,24038,8,21.998,14331,5,44.092,3127,1
4814,E01004762,Westminster 011E,E09000033,Westminster,10.467,23921,8,0.044,27601,9,0.03,30626,10,5.241,27030,9,-2.012,32617,10,0.117,14868,5,21.878,14465,5,46.923,2466,1
4815,E01004763,Westminster 013B,E09000033,Westminster,23.381,11768,4,0.069,21768,7,0.067,19610,6,6.069,26097,8,-0.022,16332,5,0.763,5792,2,28.823,7787,3,79.648,11,1
4816,E01004765,Westminster 013D,E09000033,Westminster,18.728,15472,5,0.112,14693,5,0.079,16525,6,4.788,27563,9,-0.564,24237,8,0.095,15200,5,24.699,11430,4,51.2,1712,1
4817,E01032512,Westminster 010F,E09000033,Westminster,43.654,3326,2,0.323,1572,1,0.232,1830,1,19.134,14301,5,0.427,9990,4,0.568,8155,3,25.88,10290,4,37.02,5383,2
4818,E01032513,Westminster 010G,E09000033,Westminster,35.818,5605,2,0.285,2717,1,0.17,4972,2,20.774,13287,5,0.155,13659,5,0.485,9268,3,27.53,8810,3,34.776,6342,2
4819,E01033593,Westminster 015F,E09000033,Westminster,26.944,9625,3,0.115,14286,5,0.073,17963,6,19.161,14281,5,-0.654,25385,8,0.554,8340,3,34.927,4118,2,77.565,17,1
4820,E01033594,Westminster 015G,E09000033,Westminster,29.28,8369,3,0.211,6035,2,0.127,8862,3,11.679,20250,7,-0.021,16322,5,0.196,13575,5,30.64,6506,2,47.995,2254,1
4821,E01033595,Westminster 013E,E09000033,Westminster,17.629,16446,6,0.078,19982,7,0.057,22442,7,3.412,29240,9,-1.07,29373,9,0.096,15184,5,26.161,10034,4,66.01,236,1
4822,E01033596,Westminster 013F,E09000033,Westminster,25.663,10393,4,0.143,11169,4,0.101,12313,4,4.736,27629,9,-0.195,19066,6,0.869,4700,2,29.197,7507,3,51.893,1596,1
4823,E01033597,Westminster 023F,E09000033,Westminster,26.867,9671,3,0.163,9395,3,0.145,7036,3,6.101,26064,8,0.107,14397,5,-0.392,22347,7,29.301,7438,3,50.211,1880,1
4824,E01033598,Westminster 009F,E09000033,Westminster,52.17,1850,1,0.397,427,1,0.27,858,1,30.05,8537,3,0.707,6805,3,0.149,14330,5,25.436,10709,4,35.503,6014,2
4825,E01033599,Westminster 023G,E09000033,Westminster,30.568,7759,3,0.251,3975,2,0.131,8362,3,14.629,17657,6,-0.231,19594,6,-0.268,20580,7,33.946,4596,2,43.708,3236,1
4826,E01033600,Westminster 007F,E09000033,Westminster,10.911,23435,8,0.073,20864,7,0.056,22855,7,2.545,30277,10,-0.819,27199,9,0.161,14147,5,18.989,17879,6,31.077,8214,3
4827,E01033601,Westminster 009G,E09000033,Westminster,32.17,7015,3,0.234,4796,2,0.147,6849,3,19.526,14069,5,0.066,15003,5,0.864,4755,2,25.738,10419,4,34.641,6407,2
4828,E01033602,Westminster 009H,E09000033,Westminster,40.99,3978,2,0.326,1521,1,0.203,2986,1,26.971,9835,3,-0.032,16488,6,0.498,9101,3,24.587,11544,4,38.246,4903,2
4829,E01033603,Westminster 009I,E09000033,Westminster,38.062,4851,2,0.261,3543,2,0.221,2236,1,10.522,21341,7,0.591,8035,3,0.205,13412,5,24.928,11196,4,40.802,4015,2
4830,E01033604,Westminster 009J,E09000033,Westminster,33.467,6478,2,0.204,6406,2,0.151,6463,2,12.981,19059,6,-0.227,19527,6,1.363,1493,1,27.769,8637,3,45.528,2782,1
4831,E01033605,Westminster 009K,E09000033,Westminster,40.54,4098,2,0.313,1872,1,0.2,3109,1,19.996,13765,5,0.388,10506,4,0.705,6453,2,25.353,10791,4,34.149,6610,3
4832,E01033606,Westminster 014F,E09000033,Westminster,14.013,19938,7,0.077,20193,7,0.059,21867,7,5.118,27163,9,-0.274,20268,7,0.136,14545,5,25.424,10720,4,34.478,6478,2
4833,E01033607,Westminster 014G,E09000033,Westminster,22.192,12626,4,0.125,13074,4,0.096,13196,5,1.674,31245,10,-0.48,23129,8,1.095,2834,1,23.5,12671,4,43.709,3235,1
4834,E01033608,Westminster 007G,E09000033,Westminster,15.129,18794,6,0.097,16761,6,0.081,16183,5,6.186,25976,8,-1.005,28864,9,-0.215,19831,7,23.728,12407,4,38.15,4934,2
