FAKE_DATA,denominator,sex,age_band,measure,interval_start,interval_end,ratio,numerator
FAKE_DATA,345,female,35 and over,Table_3_percentage_of_people_with_ADHD_then_have_had_meds_in_the_last_6_months01_09_2025_16_02,2016-04-01,2016-04-30,0.0289855072463768,10
FAKE_DATA,25,female,10 to 17,Table_3_percentage_of_people_with_ADHD_then_have_had_meds_in_the_last_6_months01_09_2025_16_02,2016-04-01,2016-04-30,0.0,0
FAKE_DATA,35,male,10 to 17,Table_3_percentage_of_people_with_ADHD_then_have_had_meds_in_the_last_6_months01_09_2025_16_02,2016-04-01,2016-04-30,0.0,0
FAKE_DATA,330,male,35 and over,Table_3_percentage_of_people_with_ADHD_then_have_had_meds_in_the_last_6_months01_09_2025_16_02,2016-04-01,2016-04-30,0.0454545454545454,15
FAKE_DATA,35,female,18 to 24,Table_3_percentage_of_people_with_ADHD_then_have_had_meds_in_the_last_6_months01_09_2025_16_02,2016-04-01,2016-04-30,0.0,0
FAKE_DATA,25,female,0 to 9,Table_3_percentage_of_people_with_ADHD_then_have_had_meds_in_the_last_6_months01_09_2025_16_02,2016-04-01,2016-04-30,0.0,0
FAKE_DATA,30,male,18 to 24,Table_3_percentage_of_people_with_ADHD_then_have_had_meds_in_the_last_6_months01_09_2025_16_02,2016-04-01,2016-04-30,0.0,0
FAKE_DATA,40,female,25 to 34,Table_3_percentage_of_people_with_ADHD_then_have_had_meds_in_the_last_6_months01_09_2025_16_02,2016-04-01,2016-04-30,0.0,0
FAKE_DATA,25,male,0 to 9,Table_3_percentage_of_people_with_ADHD_then_have_had_meds_in_the_last_6_months01_09_2025_16_02,2016-04-01,2016-04-30,0.0,0
FAKE_DATA,50,male,25 to 34,Table_3_percentage_of_people_with_ADHD_then_have_had_meds_in_the_last_6_months01_09_2025_16_02,2016-04-01,2016-04-30,0.0,0
FAKE_DATA,345,female,35 and over,Table_3_percentage_of_people_with_ADHD_then_have_had_meds_in_the_last_6_months01_09_2025_16_02,2016-05-01,2016-05-31,0.0,0
FAKE_DATA,25,female,10 to 17,Table_3_percentage_of_people_with_ADHD_then_have_had_meds_in_the_last_6_months01_09_2025_16_02,2016-05-01,2016-05-31,0.0,0
FAKE_DATA,35,male,10 to 17,Table_3_percentage_of_people_with_ADHD_then_have_had_meds_in_the_last_6_months01_09_2025_16_02,2016-05-01,2016-05-31,0.0,0
FAKE_DATA,330,male,35 and over,Table_3_percentage_of_people_with_ADHD_then_have_had_meds_in_the_last_6_months01_09_2025_16_02,2016-05-01,2016-05-31,0.0454545454545454,15
FAKE_DATA,35,female,18 to 24,Table_3_percentage_of_people_with_ADHD_then_have_had_meds_in_the_last_6_months01_09_2025_16_02,2016-05-01,2016-05-31,0.0,0
FAKE_DATA,25,female,0 to 9,Table_3_percentage_of_people_with_ADHD_then_have_had_meds_in_the_last_6_months01_09_2025_16_02,2016-05-01,2016-05-31,0.0,0
FAKE_DATA,30,male,18 to 24,Table_3_percentage_of_people_with_ADHD_then_have_had_meds_in_the_last_6_months01_09_2025_16_02,2016-05-01,2016-05-31,0.0,0
FAKE_DATA,40,female,25 to 34,Table_3_percentage_of_people_with_ADHD_then_have_had_meds_in_the_last_6_months01_09_2025_16_02,2016-05-01,2016-05-31,0.0,0
FAKE_DATA,25,male,0 to 9,Table_3_percentage_of_people_with_ADHD_then_have_had_meds_in_the_last_6_months01_09_2025_16_02,2016-05-01,2016-05-31,0.0,0
FAKE_DATA,50,male,25 to 34,Table_3_percentage_of_people_with_ADHD_then_have_had_meds_in_the_last_6_months01_09_2025_16_02,2016-05-01,2016-05-31,0.0,0
FAKE_DATA,345,female,35 and over,Table_3_percentage_of_people_with_ADHD_then_have_had_meds_in_the_last_6_months01_09_2025_16_02,2016-06-01,2016-06-30,0.0289855072463768,10
FAKE_DATA,25,female,10 to 17,Table_3_percentage_of_people_with_ADHD_then_have_had_meds_in_the_last_6_months01_09_2025_16_02,2016-06-01,2016-06-30,0.0,0
FAKE_DATA,35,male,10 to 17,Table_3_percentage_of_people_with_ADHD_then_have_had_meds_in_the_last_6_months01_09_2025_16_02,2016-06-01,2016-06-30,0.0,0
FAKE_DATA,330,male,35 and over,Table_3_percentage_of_people_with_ADHD_then_have_had_meds_in_the_last_6_months01_09_2025_16_02,2016-06-01,2016-06-30,0.0454545454545454,15
FAKE_DATA,35,female,18 to 24,Table_3_percentage_of_people_with_ADHD_then_have_had_meds_in_the_last_6_months01_09_2025_16_02,2016-06-01,2016-06-30,0.0,0
FAKE_DATA,25,female,0 to 9,Table_3_percentage_of_people_with_ADHD_then_have_had_meds_in_the_last_6_months01_09_2025_16_02,2016-06-01,2016-06-30,0.0,0
FAKE_DATA,30,male,18 to 24,Table_3_percentage_of_people_with_ADHD_then_have_had_meds_in_the_last_6_months01_09_2025_16_02,2016-06-01,2016-06-30,0.0,0
FAKE_DATA,40,female,25 to 34,Table_3_percentage_of_people_with_ADHD_then_have_had_meds_in_the_last_6_months01_09_2025_16_02,2016-06-01,2016-06-30,0.0,0
FAKE_DATA,25,male,0 to 9,Table_3_percentage_of_people_with_ADHD_then_have_had_meds_in_the_last_6_months01_09_2025_16_02,2016-06-01,2016-06-30,0.0,0
FAKE_DATA,50,male,25 to 34,Table_3_percentage_of_people_with_ADHD_then_have_had_meds_in_the_last_6_months01_09_2025_16_02,2016-06-01,2016-06-30,0.0,0
FAKE_DATA,345,female,35 and over,Table_3_percentage_of_people_with_ADHD_then_have_had_meds_in_the_last_6_months01_09_2025_16_02,2016-07-01,2016-07-31,0.0,0
FAKE_DATA,25,female,10 to 17,Table_3_percentage_of_people_with_ADHD_then_have_had_meds_in_the_last_6_months01_09_2025_16_02,2016-07-01,2016-07-31,0.0,0
FAKE_DATA,35,male,10 to 17,Table_3_percentage_of_people_with_ADHD_then_have_had_meds_in_the_last_6_months01_09_2025_16_02,2016-07-01,2016-07-31,0.0,0
FAKE_DATA,330,male,35 and over,Table_3_percentage_of_people_with_ADHD_then_have_had_meds_in_the_last_6_months01_09_2025_16_02,2016-07-01,2016-07-31,0.0454545454545454,15
FAKE_DATA,35,female,18 to 24,Table_3_percentage_of_people_with_ADHD_then_have_had_meds_in_the_last_6_months01_09_2025_16_02,2016-07-01,2016-07-31,0.0,0
FAKE_DATA,25,female,0 to 9,Table_3_percentage_of_people_with_ADHD_then_have_had_meds_in_the_last_6_months01_09_2025_16_02,2016-07-01,2016-07-31,0.0,0
FAKE_DATA,30,male,18 to 24,Table_3_percentage_of_people_with_ADHD_then_have_had_meds_in_the_last_6_months01_09_2025_16_02,2016-07-01,2016-07-31,0.0,0
FAKE_DATA,40,female,25 to 34,Table_3_percentage_of_people_with_ADHD_then_have_had_meds_in_the_last_6_months01_09_2025_16_02,2016-07-01,2016-07-31,0.0,0
FAKE_DATA,25,male,0 to 9,Table_3_percentage_of_people_with_ADHD_then_have_had_meds_in_the_last_6_months01_09_2025_16_02,2016-07-01,2016-07-31,0.0,0
FAKE_DATA,50,male,25 to 34,Table_3_percentage_of_people_with_ADHD_then_have_had_meds_in_the_last_6_months01_09_2025_16_02,2016-07-01,2016-07-31,0.0,0
FAKE_DATA,345,female,35 and over,Table_3_percentage_of_people_with_ADHD_then_have_had_meds_in_the_last_6_months01_09_2025_16_02,2016-08-01,2016-08-31,0.0289855072463768,10
FAKE_DATA,25,female,10 to 17,Table_3_percentage_of_people_with_ADHD_then_have_had_meds_in_the_last_6_months01_09_2025_16_02,2016-08-01,2016-08-31,0.0,0
FAKE_DATA,35,male,10 to 17,Table_3_percentage_of_people_with_ADHD_then_have_had_meds_in_the_last_6_months01_09_2025_16_02,2016-08-01,2016-08-31,0.0,0
FAKE_DATA,330,male,35 and over,Table_3_percentage_of_people_with_ADHD_then_have_had_meds_in_the_last_6_months01_09_2025_16_02,2016-08-01,2016-08-31,0.0454545454545454,15
FAKE_DATA,35,female,18 to 24,Table_3_percentage_of_people_with_ADHD_then_have_had_meds_in_the_last_6_months01_09_2025_16_02,2016-08-01,2016-08-31,0.0,0
FAKE_DATA,25,female,0 to 9,Table_3_percentage_of_people_with_ADHD_then_have_had_meds_in_the_last_6_months01_09_2025_16_02,2016-08-01,2016-08-31,0.0,0
FAKE_DATA,30,male,18 to 24,Table_3_percentage_of_people_with_ADHD_then_have_had_meds_in_the_last_6_months01_09_2025_16_02,2016-08-01,2016-08-31,0.0,0
FAKE_DATA,40,female,25 to 34,Table_3_percentage_of_people_with_ADHD_then_have_had_meds_in_the_last_6_months01_09_2025_16_02,2016-08-01,2016-08-31,0.0,0
FAKE_DATA,25,male,0 to 9,Table_3_percentage_of_people_with_ADHD_then_have_had_meds_in_the_last_6_months01_09_2025_16_02,2016-08-01,2016-08-31,0.0,0
FAKE_DATA,50,male,25 to 34,Table_3_percentage_of_people_with_ADHD_then_have_had_meds_in_the_last_6_months01_09_2025_16_02,2016-08-01,2016-08-31,0.0,0
FAKE_DATA,345,female,35 and over,Table_3_percentage_of_people_with_ADHD_then_have_had_meds_in_the_last_6_months01_09_2025_16_02,2016-09-01,2016-09-30,0.0289855072463768,10
FAKE_DATA,25,female,10 to 17,Table_3_percentage_of_people_with_ADHD_then_have_had_meds_in_the_last_6_months01_09_2025_16_02,2016-09-01,2016-09-30,0.0,0
FAKE_DATA,30,male,10 to 17,Table_3_percentage_of_people_with_ADHD_then_have_had_meds_in_the_last_6_months01_09_2025_16_02,2016-09-01,2016-09-30,0.0,0
FAKE_DATA,330,male,35 and over,Table_3_percentage_of_people_with_ADHD_then_have_had_meds_in_the_last_6_months01_09_2025_16_02,2016-09-01,2016-09-30,0.0454545454545454,15
FAKE_DATA,35,female,18 to 24,Table_3_percentage_of_people_with_ADHD_then_have_had_meds_in_the_last_6_months01_09_2025_16_02,2016-09-01,2016-09-30,0.0,0
FAKE_DATA,25,female,0 to 9,Table_3_percentage_of_people_with_ADHD_then_have_had_meds_in_the_last_6_months01_09_2025_16_02,2016-09-01,2016-09-30,0.0,0
FAKE_DATA,30,male,18 to 24,Table_3_percentage_of_people_with_ADHD_then_have_had_meds_in_the_last_6_months01_09_2025_16_02,2016-09-01,2016-09-30,0.0,0
FAKE_DATA,40,female,25 to 34,Table_3_percentage_of_people_with_ADHD_then_have_had_meds_in_the_last_6_months01_09_2025_16_02,2016-09-01,2016-09-30,0.0,0
FAKE_DATA,25,male,0 to 9,Table_3_percentage_of_people_with_ADHD_then_have_had_meds_in_the_last_6_months01_09_2025_16_02,2016-09-01,2016-09-30,0.0,0
FAKE_DATA,50,male,25 to 34,Table_3_percentage_of_people_with_ADHD_then_have_had_meds_in_the_last_6_months01_09_2025_16_02,2016-09-01,2016-09-30,0.0,0
FAKE_DATA,345,female,35 and over,Table_3_percentage_of_people_with_ADHD_then_have_had_meds_in_the_last_6_months01_09_2025_16_02,2016-10-01,2016-10-31,0.0289855072463768,10
FAKE_DATA,25,female,10 to 17,Table_3_percentage_of_people_with_ADHD_then_have_had_meds_in_the_last_6_months01_09_2025_16_02,2016-10-01,2016-10-31,0.0,0
FAKE_DATA,30,male,10 to 17,Table_3_percentage_of_people_with_ADHD_then_have_had_meds_in_the_last_6_months01_09_2025_16_02,2016-10-01,2016-10-31,0.0,0
FAKE_DATA,330,male,35 and over,Table_3_percentage_of_people_with_ADHD_then_have_had_meds_in_the_last_6_months01_09_2025_16_02,2016-10-01,2016-10-31,0.0454545454545454,15
FAKE_DATA,35,female,18 to 24,Table_3_percentage_of_people_with_ADHD_then_have_had_meds_in_the_last_6_months01_09_2025_16_02,2016-10-01,2016-10-31,0.0,0
FAKE_DATA,25,female,0 to 9,Table_3_percentage_of_people_with_ADHD_then_have_had_meds_in_the_last_6_months01_09_2025_16_02,2016-10-01,2016-10-31,0.0,0
FAKE_DATA,30,male,18 to 24,Table_3_percentage_of_people_with_ADHD_then_have_had_meds_in_the_last_6_months01_09_2025_16_02,2016-10-01,2016-10-31,0.0,0
FAKE_DATA,40,female,25 to 34,Table_3_percentage_of_people_with_ADHD_then_have_had_meds_in_the_last_6_months01_09_2025_16_02,2016-10-01,2016-10-31,0.0,0
FAKE_DATA,25,male,0 to 9,Table_3_percentage_of_people_with_ADHD_then_have_had_meds_in_the_last_6_months01_09_2025_16_02,2016-10-01,2016-10-31,0.0,0
FAKE_DATA,50,male,25 to 34,Table_3_percentage_of_people_with_ADHD_then_have_had_meds_in_the_last_6_months01_09_2025_16_02,2016-10-01,2016-10-31,0.0,0
FAKE_DATA,345,female,35 and over,Table_3_percentage_of_people_with_ADHD_then_have_had_meds_in_the_last_6_months01_09_2025_16_02,2016-11-01,2016-11-30,0.0289855072463768,10
FAKE_DATA,25,female,10 to 17,Table_3_percentage_of_people_with_ADHD_then_have_had_meds_in_the_last_6_months01_09_2025_16_02,2016-11-01,2016-11-30,0.0,0
FAKE_DATA,30,male,10 to 17,Table_3_percentage_of_people_with_ADHD_then_have_had_meds_in_the_last_6_months01_09_2025_16_02,2016-11-01,2016-11-30,0.0,0
FAKE_DATA,330,male,35 and over,Table_3_percentage_of_people_with_ADHD_then_have_had_meds_in_the_last_6_months01_09_2025_16_02,2016-11-01,2016-11-30,0.0454545454545454,15
FAKE_DATA,40,female,25 to 34,Table_3_percentage_of_people_with_ADHD_then_have_had_meds_in_the_last_6_months01_09_2025_16_02,2016-11-01,2016-11-30,0.0,0
FAKE_DATA,25,female,0 to 9,Table_3_percentage_of_people_with_ADHD_then_have_had_meds_in_the_last_6_months01_09_2025_16_02,2016-11-01,2016-11-30,0.0,0
FAKE_DATA,30,female,18 to 24,Table_3_percentage_of_people_with_ADHD_then_have_had_meds_in_the_last_6_months01_09_2025_16_02,2016-11-01,2016-11-30,0.0,0
FAKE_DATA,30,male,18 to 24,Table_3_percentage_of_people_with_ADHD_then_have_had_meds_in_the_last_6_months01_09_2025_16_02,2016-11-01,2016-11-30,0.0,0
FAKE_DATA,25,male,0 to 9,Table_3_percentage_of_people_with_ADHD_then_have_had_meds_in_the_last_6_months01_09_2025_16_02,2016-11-01,2016-11-30,0.0,0
FAKE_DATA,50,male,25 to 34,Table_3_percentage_of_people_with_ADHD_then_have_had_meds_in_the_last_6_months01_09_2025_16_02,2016-11-01,2016-11-30,0.0,0
FAKE_DATA,345,female,35 and over,Table_3_percentage_of_people_with_ADHD_then_have_had_meds_in_the_last_6_months01_09_2025_16_02,2016-12-01,2016-12-31,0.0434782608695652,15
FAKE_DATA,25,female,10 to 17,Table_3_percentage_of_people_with_ADHD_then_have_had_meds_in_the_last_6_months01_09_2025_16_02,2016-12-01,2016-12-31,0.0,0
FAKE_DATA,30,male,10 to 17,Table_3_percentage_of_people_with_ADHD_then_have_had_meds_in_the_last_6_months01_09_2025_16_02,2016-12-01,2016-12-31,0.0,0
FAKE_DATA,330,male,35 and over,Table_3_percentage_of_people_with_ADHD_then_have_had_meds_in_the_last_6_months01_09_2025_16_02,2016-12-01,2016-12-31,0.0454545454545454,15
FAKE_DATA,40,female,25 to 34,Table_3_percentage_of_people_with_ADHD_then_have_had_meds_in_the_last_6_months01_09_2025_16_02,2016-12-01,2016-12-31,0.0,0
FAKE_DATA,25,female,0 to 9,Table_3_percentage_of_people_with_ADHD_then_have_had_meds_in_the_last_6_months01_09_2025_16_02,2016-12-01,2016-12-31,0.0,0
FAKE_DATA,30,female,18 to 24,Table_3_percentage_of_people_with_ADHD_then_have_had_meds_in_the_last_6_months01_09_2025_16_02,2016-12-01,2016-12-31,0.0,0
FAKE_DATA,35,male,18 to 24,Table_3_percentage_of_people_with_ADHD_then_have_had_meds_in_the_last_6_months01_09_2025_16_02,2016-12-01,2016-12-31,0.0,0
FAKE_DATA,30,male,0 to 9,Table_3_percentage_of_people_with_ADHD_then_have_had_meds_in_the_last_6_months01_09_2025_16_02,2016-12-01,2016-12-31,0.0,0
FAKE_DATA,50,male,25 to 34,Table_3_percentage_of_people_with_ADHD_then_have_had_meds_in_the_last_6_months01_09_2025_16_02,2016-12-01,2016-12-31,0.0,0
FAKE_DATA,345,female,35 and over,Table_3_percentage_of_people_with_ADHD_then_have_had_meds_in_the_last_6_months01_09_2025_16_02,2017-01-01,2017-01-31,0.0289855072463768,10
FAKE_DATA,25,female,10 to 17,Table_3_percentage_of_people_with_ADHD_then_have_had_meds_in_the_last_6_months01_09_2025_16_02,2017-01-01,2017-01-31,0.0,0
FAKE_DATA,35,male,18 to 24,Table_3_percentage_of_people_with_ADHD_then_have_had_meds_in_the_last_6_months01_09_2025_16_02,2017-01-01,2017-01-31,0.0,0
FAKE_DATA,330,male,35 and over,Table_3_percentage_of_people_with_ADHD_then_have_had_meds_in_the_last_6_months01_09_2025_16_02,2017-01-01,2017-01-31,0.0303030303030303,10
FAKE_DATA,40,female,25 to 34,Table_3_percentage_of_people_with_ADHD_then_have_had_meds_in_the_last_6_months01_09_2025_16_02,2017-01-01,2017-01-31,0.0,0
FAKE_DATA,25,female,0 to 9,Table_3_percentage_of_people_with_ADHD_then_have_had_meds_in_the_last_6_months01_09_2025_16_02,2017-01-01,2017-01-31,0.0,0
FAKE_DATA,30,female,18 to 24,Table_3_percentage_of_people_with_ADHD_then_have_had_meds_in_the_last_6_months01_09_2025_16_02,2017-01-01,2017-01-31,0.0,0
FAKE_DATA,30,male,0 to 9,Table_3_percentage_of_people_with_ADHD_then_have_had_meds_in_the_last_6_months01_09_2025_16_02,2017-01-01,2017-01-31,0.0,0
FAKE_DATA,30,male,10 to 17,Table_3_percentage_of_people_with_ADHD_then_have_had_meds_in_the_last_6_months01_09_2025_16_02,2017-01-01,2017-01-31,0.0,0
FAKE_DATA,50,male,25 to 34,Table_3_percentage_of_people_with_ADHD_then_have_had_meds_in_the_last_6_months01_09_2025_16_02,2017-01-01,2017-01-31,0.0,0
FAKE_DATA,345,female,35 and over,Table_3_percentage_of_people_with_ADHD_then_have_had_meds_in_the_last_6_months01_09_2025_16_02,2017-02-01,2017-02-28,0.0289855072463768,10
FAKE_DATA,25,female,10 to 17,Table_3_percentage_of_people_with_ADHD_then_have_had_meds_in_the_last_6_months01_09_2025_16_02,2017-02-01,2017-02-28,0.0,0
FAKE_DATA,35,male,18 to 24,Table_3_percentage_of_people_with_ADHD_then_have_had_meds_in_the_last_6_months01_09_2025_16_02,2017-02-01,2017-02-28,0.0,0
FAKE_DATA,330,male,35 and over,Table_3_percentage_of_people_with_ADHD_then_have_had_meds_in_the_last_6_months01_09_2025_16_02,2017-02-01,2017-02-28,0.0303030303030303,10
FAKE_DATA,40,female,25 to 34,Table_3_percentage_of_people_with_ADHD_then_have_had_meds_in_the_last_6_months01_09_2025_16_02,2017-02-01,2017-02-28,0.0,0
FAKE_DATA,25,female,0 to 9,Table_3_percentage_of_people_with_ADHD_then_have_had_meds_in_the_last_6_months01_09_2025_16_02,2017-02-01,2017-02-28,0.0,0
FAKE_DATA,35,female,18 to 24,Table_3_percentage_of_people_with_ADHD_then_have_had_meds_in_the_last_6_months01_09_2025_16_02,2017-02-01,2017-02-28,0.0,0
FAKE_DATA,30,male,0 to 9,Table_3_percentage_of_people_with_ADHD_then_have_had_meds_in_the_last_6_months01_09_2025_16_02,2017-02-01,2017-02-28,0.0,0
FAKE_DATA,30,male,10 to 17,Table_3_percentage_of_people_with_ADHD_then_have_had_meds_in_the_last_6_months01_09_2025_16_02,2017-02-01,2017-02-28,0.0,0
FAKE_DATA,50,male,25 to 34,Table_3_percentage_of_people_with_ADHD_then_have_had_meds_in_the_last_6_months01_09_2025_16_02,2017-02-01,2017-02-28,0.0,0
FAKE_DATA,345,female,35 and over,Table_3_percentage_of_people_with_ADHD_then_have_had_meds_in_the_last_6_months01_09_2025_16_02,2017-03-01,2017-03-31,0.0289855072463768,10
FAKE_DATA,25,female,10 to 17,Table_3_percentage_of_people_with_ADHD_then_have_had_meds_in_the_last_6_months01_09_2025_16_02,2017-03-01,2017-03-31,0.0,0
FAKE_DATA,35,male,18 to 24,Table_3_percentage_of_people_with_ADHD_then_have_had_meds_in_the_last_6_months01_09_2025_16_02,2017-03-01,2017-03-31,0.0,0
FAKE_DATA,335,male,35 and over,Table_3_percentage_of_people_with_ADHD_then_have_had_meds_in_the_last_6_months01_09_2025_16_02,2017-03-01,2017-03-31,0.0298507462686567,10
FAKE_DATA,40,female,25 to 34,Table_3_percentage_of_people_with_ADHD_then_have_had_meds_in_the_last_6_months01_09_2025_16_02,2017-03-01,2017-03-31,0.0,0
FAKE_DATA,25,female,0 to 9,Table_3_percentage_of_people_with_ADHD_then_have_had_meds_in_the_last_6_months01_09_2025_16_02,2017-03-01,2017-03-31,0.0,0
FAKE_DATA,35,female,18 to 24,Table_3_percentage_of_people_with_ADHD_then_have_had_meds_in_the_last_6_months01_09_2025_16_02,2017-03-01,2017-03-31,0.0,0
FAKE_DATA,25,male,0 to 9,Table_3_percentage_of_people_with_ADHD_then_have_had_meds_in_the_last_6_months01_09_2025_16_02,2017-03-01,2017-03-31,0.0,0
FAKE_DATA,30,male,10 to 17,Table_3_percentage_of_people_with_ADHD_then_have_had_meds_in_the_last_6_months01_09_2025_16_02,2017-03-01,2017-03-31,0.0,0
FAKE_DATA,50,male,25 to 34,Table_3_percentage_of_people_with_ADHD_then_have_had_meds_in_the_last_6_months01_09_2025_16_02,2017-03-01,2017-03-31,0.0,0
FAKE_DATA,350,female,35 and over,Table_3_percentage_of_people_with_ADHD_then_have_had_meds_in_the_last_6_months01_09_2025_16_02,2017-04-01,2017-04-30,0.0285714285714285,10
FAKE_DATA,25,female,10 to 17,Table_3_percentage_of_people_with_ADHD_then_have_had_meds_in_the_last_6_months01_09_2025_16_02,2017-04-01,2017-04-30,0.0,0
FAKE_DATA,35,male,18 to 24,Table_3_percentage_of_people_with_ADHD_then_have_had_meds_in_the_last_6_months01_09_2025_16_02,2017-04-01,2017-04-30,0.0,0
FAKE_DATA,335,male,35 and over,Table_3_percentage_of_people_with_ADHD_then_have_had_meds_in_the_last_6_months01_09_2025_16_02,2017-04-01,2017-04-30,0.0298507462686567,10
FAKE_DATA,40,female,25 to 34,Table_3_percentage_of_people_with_ADHD_then_have_had_meds_in_the_last_6_months01_09_2025_16_02,2017-04-01,2017-04-30,0.0,0
FAKE_DATA,30,female,0 to 9,Table_3_percentage_of_people_with_ADHD_then_have_had_meds_in_the_last_6_months01_09_2025_16_02,2017-04-01,2017-04-30,0.0,0
FAKE_DATA,35,female,18 to 24,Table_3_percentage_of_people_with_ADHD_then_have_had_meds_in_the_last_6_months01_09_2025_16_02,2017-04-01,2017-04-30,0.0,0
FAKE_DATA,25,male,0 to 9,Table_3_percentage_of_people_with_ADHD_then_have_had_meds_in_the_last_6_months01_09_2025_16_02,2017-04-01,2017-04-30,0.0,0
FAKE_DATA,30,male,10 to 17,Table_3_percentage_of_people_with_ADHD_then_have_had_meds_in_the_last_6_months01_09_2025_16_02,2017-04-01,2017-04-30,0.0,0
FAKE_DATA,50,male,25 to 34,Table_3_percentage_of_people_with_ADHD_then_have_had_meds_in_the_last_6_months01_09_2025_16_02,2017-04-01,2017-04-30,0.0,0
FAKE_DATA,350,female,35 and over,Table_3_percentage_of_people_with_ADHD_then_have_had_meds_in_the_last_6_months01_09_2025_16_02,2017-05-01,2017-05-31,0.0285714285714285,10
FAKE_DATA,25,female,10 to 17,Table_3_percentage_of_people_with_ADHD_then_have_had_meds_in_the_last_6_months01_09_2025_16_02,2017-05-01,2017-05-31,0.0,0
FAKE_DATA,35,male,18 to 24,Table_3_percentage_of_people_with_ADHD_then_have_had_meds_in_the_last_6_months01_09_2025_16_02,2017-05-01,2017-05-31,0.0,0
FAKE_DATA,335,male,35 and over,Table_3_percentage_of_people_with_ADHD_then_have_had_meds_in_the_last_6_months01_09_2025_16_02,2017-05-01,2017-05-31,0.0298507462686567,10
FAKE_DATA,40,female,25 to 34,Table_3_percentage_of_people_with_ADHD_then_have_had_meds_in_the_last_6_months01_09_2025_16_02,2017-05-01,2017-05-31,0.0,0
FAKE_DATA,25,female,0 to 9,Table_3_percentage_of_people_with_ADHD_then_have_had_meds_in_the_last_6_months01_09_2025_16_02,2017-05-01,2017-05-31,0.0,0
FAKE_DATA,35,female,18 to 24,Table_3_percentage_of_people_with_ADHD_then_have_had_meds_in_the_last_6_months01_09_2025_16_02,2017-05-01,2017-05-31,0.0,0
FAKE_DATA,25,male,0 to 9,Table_3_percentage_of_people_with_ADHD_then_have_had_meds_in_the_last_6_months01_09_2025_16_02,2017-05-01,2017-05-31,0.0,0
FAKE_DATA,30,male,10 to 17,Table_3_percentage_of_people_with_ADHD_then_have_had_meds_in_the_last_6_months01_09_2025_16_02,2017-05-01,2017-05-31,0.0,0
FAKE_DATA,50,male,25 to 34,Table_3_percentage_of_people_with_ADHD_then_have_had_meds_in_the_last_6_months01_09_2025_16_02,2017-05-01,2017-05-31,0.0,0
FAKE_DATA,350,female,35 and over,Table_3_percentage_of_people_with_ADHD_then_have_had_meds_in_the_last_6_months01_09_2025_16_02,2017-06-01,2017-06-30,0.0285714285714285,10
FAKE_DATA,25,female,10 to 17,Table_3_percentage_of_people_with_ADHD_then_have_had_meds_in_the_last_6_months01_09_2025_16_02,2017-06-01,2017-06-30,0.0,0
FAKE_DATA,35,male,18 to 24,Table_3_percentage_of_people_with_ADHD_then_have_had_meds_in_the_last_6_months01_09_2025_16_02,2017-06-01,2017-06-30,0.0,0
FAKE_DATA,335,male,35 and over,Table_3_percentage_of_people_with_ADHD_then_have_had_meds_in_the_last_6_months01_09_2025_16_02,2017-06-01,2017-06-30,0.0298507462686567,10
FAKE_DATA,40,female,25 to 34,Table_3_percentage_of_people_with_ADHD_then_have_had_meds_in_the_last_6_months01_09_2025_16_02,2017-06-01,2017-06-30,0.0,0
FAKE_DATA,25,female,0 to 9,Table_3_percentage_of_people_with_ADHD_then_have_had_meds_in_the_last_6_months01_09_2025_16_02,2017-06-01,2017-06-30,0.0,0
FAKE_DATA,35,female,18 to 24,Table_3_percentage_of_people_with_ADHD_then_have_had_meds_in_the_last_6_months01_09_2025_16_02,2017-06-01,2017-06-30,0.0,0
FAKE_DATA,25,male,0 to 9,Table_3_percentage_of_people_with_ADHD_then_have_had_meds_in_the_last_6_months01_09_2025_16_02,2017-06-01,2017-06-30,0.0,0
FAKE_DATA,30,male,10 to 17,Table_3_percentage_of_people_with_ADHD_then_have_had_meds_in_the_last_6_months01_09_2025_16_02,2017-06-01,2017-06-30,0.0,0
FAKE_DATA,50,male,25 to 34,Table_3_percentage_of_people_with_ADHD_then_have_had_meds_in_the_last_6_months01_09_2025_16_02,2017-06-01,2017-06-30,0.0,0
FAKE_DATA,350,female,35 and over,Table_3_percentage_of_people_with_ADHD_then_have_had_meds_in_the_last_6_months01_09_2025_16_02,2017-07-01,2017-07-31,0.0,0
FAKE_DATA,25,female,10 to 17,Table_3_percentage_of_people_with_ADHD_then_have_had_meds_in_the_last_6_months01_09_2025_16_02,2017-07-01,2017-07-31,0.0,0
FAKE_DATA,35,male,18 to 24,Table_3_percentage_of_people_with_ADHD_then_have_had_meds_in_the_last_6_months01_09_2025_16_02,2017-07-01,2017-07-31,0.0,0
FAKE_DATA,335,male,35 and over,Table_3_percentage_of_people_with_ADHD_then_have_had_meds_in_the_last_6_months01_09_2025_16_02,2017-07-01,2017-07-31,0.0298507462686567,10
FAKE_DATA,40,female,25 to 34,Table_3_percentage_of_people_with_ADHD_then_have_had_meds_in_the_last_6_months01_09_2025_16_02,2017-07-01,2017-07-31,0.0,0
FAKE_DATA,25,female,0 to 9,Table_3_percentage_of_people_with_ADHD_then_have_had_meds_in_the_last_6_months01_09_2025_16_02,2017-07-01,2017-07-31,0.0,0
FAKE_DATA,35,female,18 to 24,Table_3_percentage_of_people_with_ADHD_then_have_had_meds_in_the_last_6_months01_09_2025_16_02,2017-07-01,2017-07-31,0.0,0
FAKE_DATA,25,male,0 to 9,Table_3_percentage_of_people_with_ADHD_then_have_had_meds_in_the_last_6_months01_09_2025_16_02,2017-07-01,2017-07-31,0.0,0
FAKE_DATA,25,male,10 to 17,Table_3_percentage_of_people_with_ADHD_then_have_had_meds_in_the_last_6_months01_09_2025_16_02,2017-07-01,2017-07-31,0.0,0
FAKE_DATA,50,male,25 to 34,Table_3_percentage_of_people_with_ADHD_then_have_had_meds_in_the_last_6_months01_09_2025_16_02,2017-07-01,2017-07-31,0.0,0
FAKE_DATA,350,female,35 and over,Table_3_percentage_of_people_with_ADHD_then_have_had_meds_in_the_last_6_months01_09_2025_16_02,2017-08-01,2017-08-31,0.0,0
FAKE_DATA,25,female,10 to 17,Table_3_percentage_of_people_with_ADHD_then_have_had_meds_in_the_last_6_months01_09_2025_16_02,2017-08-01,2017-08-31,0.0,0
FAKE_DATA,35,male,18 to 24,Table_3_percentage_of_people_with_ADHD_then_have_had_meds_in_the_last_6_months01_09_2025_16_02,2017-08-01,2017-08-31,0.0,0
FAKE_DATA,335,male,35 and over,Table_3_percentage_of_people_with_ADHD_then_have_had_meds_in_the_last_6_months01_09_2025_16_02,2017-08-01,2017-08-31,0.0298507462686567,10
FAKE_DATA,45,female,25 to 34,Table_3_percentage_of_people_with_ADHD_then_have_had_meds_in_the_last_6_months01_09_2025_16_02,2017-08-01,2017-08-31,0.0,0
FAKE_DATA,30,female,0 to 9,Table_3_percentage_of_people_with_ADHD_then_have_had_meds_in_the_last_6_months01_09_2025_16_02,2017-08-01,2017-08-31,0.0,0
FAKE_DATA,35,female,18 to 24,Table_3_percentage_of_people_with_ADHD_then_have_had_meds_in_the_last_6_months01_09_2025_16_02,2017-08-01,2017-08-31,0.0,0
FAKE_DATA,25,male,0 to 9,Table_3_percentage_of_people_with_ADHD_then_have_had_meds_in_the_last_6_months01_09_2025_16_02,2017-08-01,2017-08-31,0.0,0
FAKE_DATA,30,male,10 to 17,Table_3_percentage_of_people_with_ADHD_then_have_had_meds_in_the_last_6_months01_09_2025_16_02,2017-08-01,2017-08-31,0.0,0
FAKE_DATA,50,male,25 to 34,Table_3_percentage_of_people_with_ADHD_then_have_had_meds_in_the_last_6_months01_09_2025_16_02,2017-08-01,2017-08-31,0.0,0
FAKE_DATA,350,female,35 and over,Table_3_percentage_of_people_with_ADHD_then_have_had_meds_in_the_last_6_months01_09_2025_16_02,2017-09-01,2017-09-30,0.0,0
FAKE_DATA,25,female,10 to 17,Table_3_percentage_of_people_with_ADHD_then_have_had_meds_in_the_last_6_months01_09_2025_16_02,2017-09-01,2017-09-30,0.0,0
FAKE_DATA,40,male,18 to 24,Table_3_percentage_of_people_with_ADHD_then_have_had_meds_in_the_last_6_months01_09_2025_16_02,2017-09-01,2017-09-30,0.0,0
FAKE_DATA,335,male,35 and over,Table_3_percentage_of_people_with_ADHD_then_have_had_meds_in_the_last_6_months01_09_2025_16_02,2017-09-01,2017-09-30,0.0298507462686567,10
FAKE_DATA,45,female,25 to 34,Table_3_percentage_of_people_with_ADHD_then_have_had_meds_in_the_last_6_months01_09_2025_16_02,2017-09-01,2017-09-30,0.0,0
FAKE_DATA,30,female,0 to 9,Table_3_percentage_of_people_with_ADHD_then_have_had_meds_in_the_last_6_months01_09_2025_16_02,2017-09-01,2017-09-30,0.0,0
FAKE_DATA,35,female,18 to 24,Table_3_percentage_of_people_with_ADHD_then_have_had_meds_in_the_last_6_months01_09_2025_16_02,2017-09-01,2017-09-30,0.0,0
FAKE_DATA,25,male,0 to 9,Table_3_percentage_of_people_with_ADHD_then_have_had_meds_in_the_last_6_months01_09_2025_16_02,2017-09-01,2017-09-30,0.0,0
FAKE_DATA,30,male,10 to 17,Table_3_percentage_of_people_with_ADHD_then_have_had_meds_in_the_last_6_months01_09_2025_16_02,2017-09-01,2017-09-30,0.0,0
FAKE_DATA,50,male,25 to 34,Table_3_percentage_of_people_with_ADHD_then_have_had_meds_in_the_last_6_months01_09_2025_16_02,2017-09-01,2017-09-30,0.0,0
FAKE_DATA,350,female,35 and over,Table_3_percentage_of_people_with_ADHD_then_have_had_meds_in_the_last_6_months01_09_2025_16_02,2017-10-01,2017-10-31,0.0,0
FAKE_DATA,25,female,10 to 17,Table_3_percentage_of_people_with_ADHD_then_have_had_meds_in_the_last_6_months01_09_2025_16_02,2017-10-01,2017-10-31,0.0,0
FAKE_DATA,40,male,18 to 24,Table_3_percentage_of_people_with_ADHD_then_have_had_meds_in_the_last_6_months01_09_2025_16_02,2017-10-01,2017-10-31,0.0,0
FAKE_DATA,335,male,35 and over,Table_3_percentage_of_people_with_ADHD_then_have_had_meds_in_the_last_6_months01_09_2025_16_02,2017-10-01,2017-10-31,0.0298507462686567,10
FAKE_DATA,45,female,25 to 34,Table_3_percentage_of_people_with_ADHD_then_have_had_meds_in_the_last_6_months01_09_2025_16_02,2017-10-01,2017-10-31,0.0,0
FAKE_DATA,30,female,0 to 9,Table_3_percentage_of_people_with_ADHD_then_have_had_meds_in_the_last_6_months01_09_2025_16_02,2017-10-01,2017-10-31,0.0,0
FAKE_DATA,35,female,18 to 24,Table_3_percentage_of_people_with_ADHD_then_have_had_meds_in_the_last_6_months01_09_2025_16_02,2017-10-01,2017-10-31,0.0,0
FAKE_DATA,25,male,0 to 9,Table_3_percentage_of_people_with_ADHD_then_have_had_meds_in_the_last_6_months01_09_2025_16_02,2017-10-01,2017-10-31,0.0,0
FAKE_DATA,30,male,10 to 17,Table_3_percentage_of_people_with_ADHD_then_have_had_meds_in_the_last_6_months01_09_2025_16_02,2017-10-01,2017-10-31,0.0,0
FAKE_DATA,50,male,25 to 34,Table_3_percentage_of_people_with_ADHD_then_have_had_meds_in_the_last_6_months01_09_2025_16_02,2017-10-01,2017-10-31,0.0,0
FAKE_DATA,350,female,35 and over,Table_3_percentage_of_people_with_ADHD_then_have_had_meds_in_the_last_6_months01_09_2025_16_02,2017-11-01,2017-11-30,0.0,0
FAKE_DATA,25,female,10 to 17,Table_3_percentage_of_people_with_ADHD_then_have_had_meds_in_the_last_6_months01_09_2025_16_02,2017-11-01,2017-11-30,0.0,0
FAKE_DATA,40,male,18 to 24,Table_3_percentage_of_people_with_ADHD_then_have_had_meds_in_the_last_6_months01_09_2025_16_02,2017-11-01,2017-11-30,0.0,0
FAKE_DATA,335,male,35 and over,Table_3_percentage_of_people_with_ADHD_then_have_had_meds_in_the_last_6_months01_09_2025_16_02,2017-11-01,2017-11-30,0.0298507462686567,10
FAKE_DATA,40,female,25 to 34,Table_3_percentage_of_people_with_ADHD_then_have_had_meds_in_the_last_6_months01_09_2025_16_02,2017-11-01,2017-11-30,0.0,0
FAKE_DATA,30,female,0 to 9,Table_3_percentage_of_people_with_ADHD_then_have_had_meds_in_the_last_6_months01_09_2025_16_02,2017-11-01,2017-11-30,0.0,0
FAKE_DATA,35,female,18 to 24,Table_3_percentage_of_people_with_ADHD_then_have_had_meds_in_the_last_6_months01_09_2025_16_02,2017-11-01,2017-11-30,0.0,0
FAKE_DATA,25,male,0 to 9,Table_3_percentage_of_people_with_ADHD_then_have_had_meds_in_the_last_6_months01_09_2025_16_02,2017-11-01,2017-11-30,0.0,0
FAKE_DATA,30,male,10 to 17,Table_3_percentage_of_people_with_ADHD_then_have_had_meds_in_the_last_6_months01_09_2025_16_02,2017-11-01,2017-11-30,0.0,0
FAKE_DATA,50,male,25 to 34,Table_3_percentage_of_people_with_ADHD_then_have_had_meds_in_the_last_6_months01_09_2025_16_02,2017-11-01,2017-11-30,0.0,0
FAKE_DATA,350,female,35 and over,Table_3_percentage_of_people_with_ADHD_then_have_had_meds_in_the_last_6_months01_09_2025_16_02,2017-12-01,2017-12-31,0.0,0
FAKE_DATA,25,female,10 to 17,Table_3_percentage_of_people_with_ADHD_then_have_had_meds_in_the_last_6_months01_09_2025_16_02,2017-12-01,2017-12-31,0.0,0
FAKE_DATA,40,male,18 to 24,Table_3_percentage_of_people_with_ADHD_then_have_had_meds_in_the_last_6_months01_09_2025_16_02,2017-12-01,2017-12-31,0.0,0
FAKE_DATA,335,male,35 and over,Table_3_percentage_of_people_with_ADHD_then_have_had_meds_in_the_last_6_months01_09_2025_16_02,2017-12-01,2017-12-31,0.0298507462686567,10
FAKE_DATA,40,female,25 to 34,Table_3_percentage_of_people_with_ADHD_then_have_had_meds_in_the_last_6_months01_09_2025_16_02,2017-12-01,2017-12-31,0.0,0
FAKE_DATA,30,female,0 to 9,Table_3_percentage_of_people_with_ADHD_then_have_had_meds_in_the_last_6_months01_09_2025_16_02,2017-12-01,2017-12-31,0.0,0
FAKE_DATA,35,female,18 to 24,Table_3_percentage_of_people_with_ADHD_then_have_had_meds_in_the_last_6_months01_09_2025_16_02,2017-12-01,2017-12-31,0.0,0
FAKE_DATA,25,male,0 to 9,Table_3_percentage_of_people_with_ADHD_then_have_had_meds_in_the_last_6_months01_09_2025_16_02,2017-12-01,2017-12-31,0.0,0
FAKE_DATA,25,male,10 to 17,Table_3_percentage_of_people_with_ADHD_then_have_had_meds_in_the_last_6_months01_09_2025_16_02,2017-12-01,2017-12-31,0.0,0
FAKE_DATA,50,male,25 to 34,Table_3_percentage_of_people_with_ADHD_then_have_had_meds_in_the_last_6_months01_09_2025_16_02,2017-12-01,2017-12-31,0.0,0
FAKE_DATA,350,female,35 and over,Table_3_percentage_of_people_with_ADHD_then_have_had_meds_in_the_last_6_months01_09_2025_16_02,2018-01-01,2018-01-31,0.0,0
FAKE_DATA,25,female,10 to 17,Table_3_percentage_of_people_with_ADHD_then_have_had_meds_in_the_last_6_months01_09_2025_16_02,2018-01-01,2018-01-31,0.0,0
FAKE_DATA,40,male,18 to 24,Table_3_percentage_of_people_with_ADHD_then_have_had_meds_in_the_last_6_months01_09_2025_16_02,2018-01-01,2018-01-31,0.0,0
FAKE_DATA,340,male,35 and over,Table_3_percentage_of_people_with_ADHD_then_have_had_meds_in_the_last_6_months01_09_2025_16_02,2018-01-01,2018-01-31,0.0441176470588235,15
FAKE_DATA,40,female,25 to 34,Table_3_percentage_of_people_with_ADHD_then_have_had_meds_in_the_last_6_months01_09_2025_16_02,2018-01-01,2018-01-31,0.0,0
FAKE_DATA,30,female,0 to 9,Table_3_percentage_of_people_with_ADHD_then_have_had_meds_in_the_last_6_months01_09_2025_16_02,2018-01-01,2018-01-31,0.0,0
FAKE_DATA,35,female,18 to 24,Table_3_percentage_of_people_with_ADHD_then_have_had_meds_in_the_last_6_months01_09_2025_16_02,2018-01-01,2018-01-31,0.0,0
FAKE_DATA,25,male,0 to 9,Table_3_percentage_of_people_with_ADHD_then_have_had_meds_in_the_last_6_months01_09_2025_16_02,2018-01-01,2018-01-31,0.0,0
FAKE_DATA,25,male,10 to 17,Table_3_percentage_of_people_with_ADHD_then_have_had_meds_in_the_last_6_months01_09_2025_16_02,2018-01-01,2018-01-31,0.0,0
FAKE_DATA,45,male,25 to 34,Table_3_percentage_of_people_with_ADHD_then_have_had_meds_in_the_last_6_months01_09_2025_16_02,2018-01-01,2018-01-31,0.0,0
FAKE_DATA,350,female,35 and over,Table_3_percentage_of_people_with_ADHD_then_have_had_meds_in_the_last_6_months01_09_2025_16_02,2018-02-01,2018-02-28,0.0,0
FAKE_DATA,25,female,10 to 17,Table_3_percentage_of_people_with_ADHD_then_have_had_meds_in_the_last_6_months01_09_2025_16_02,2018-02-01,2018-02-28,0.0,0
FAKE_DATA,40,male,18 to 24,Table_3_percentage_of_people_with_ADHD_then_have_had_meds_in_the_last_6_months01_09_2025_16_02,2018-02-01,2018-02-28,0.0,0
FAKE_DATA,340,male,35 and over,Table_3_percentage_of_people_with_ADHD_then_have_had_meds_in_the_last_6_months01_09_2025_16_02,2018-02-01,2018-02-28,0.0441176470588235,15
FAKE_DATA,40,female,25 to 34,Table_3_percentage_of_people_with_ADHD_then_have_had_meds_in_the_last_6_months01_09_2025_16_02,2018-02-01,2018-02-28,0.0,0
FAKE_DATA,30,female,0 to 9,Table_3_percentage_of_people_with_ADHD_then_have_had_meds_in_the_last_6_months01_09_2025_16_02,2018-02-01,2018-02-28,0.0,0
FAKE_DATA,35,female,18 to 24,Table_3_percentage_of_people_with_ADHD_then_have_had_meds_in_the_last_6_months01_09_2025_16_02,2018-02-01,2018-02-28,0.0,0
FAKE_DATA,25,male,0 to 9,Table_3_percentage_of_people_with_ADHD_then_have_had_meds_in_the_last_6_months01_09_2025_16_02,2018-02-01,2018-02-28,0.0,0
FAKE_DATA,30,male,10 to 17,Table_3_percentage_of_people_with_ADHD_then_have_had_meds_in_the_last_6_months01_09_2025_16_02,2018-02-01,2018-02-28,0.0,0
FAKE_DATA,45,male,25 to 34,Table_3_percentage_of_people_with_ADHD_then_have_had_meds_in_the_last_6_months01_09_2025_16_02,2018-02-01,2018-02-28,0.0,0
FAKE_DATA,355,female,35 and over,Table_3_percentage_of_people_with_ADHD_then_have_had_meds_in_the_last_6_months01_09_2025_16_02,2018-03-01,2018-03-31,0.0,0
FAKE_DATA,25,female,10 to 17,Table_3_percentage_of_people_with_ADHD_then_have_had_meds_in_the_last_6_months01_09_2025_16_02,2018-03-01,2018-03-31,0.0,0
FAKE_DATA,40,male,18 to 24,Table_3_percentage_of_people_with_ADHD_then_have_had_meds_in_the_last_6_months01_09_2025_16_02,2018-03-01,2018-03-31,0.0,0
FAKE_DATA,340,male,35 and over,Table_3_percentage_of_people_with_ADHD_then_have_had_meds_in_the_last_6_months01_09_2025_16_02,2018-03-01,2018-03-31,0.0294117647058823,10
FAKE_DATA,40,female,25 to 34,Table_3_percentage_of_people_with_ADHD_then_have_had_meds_in_the_last_6_months01_09_2025_16_02,2018-03-01,2018-03-31,0.0,0
FAKE_DATA,30,female,0 to 9,Table_3_percentage_of_people_with_ADHD_then_have_had_meds_in_the_last_6_months01_09_2025_16_02,2018-03-01,2018-03-31,0.0,0
FAKE_DATA,30,female,18 to 24,Table_3_percentage_of_people_with_ADHD_then_have_had_meds_in_the_last_6_months01_09_2025_16_02,2018-03-01,2018-03-31,0.0,0
FAKE_DATA,25,male,0 to 9,Table_3_percentage_of_people_with_ADHD_then_have_had_meds_in_the_last_6_months01_09_2025_16_02,2018-03-01,2018-03-31,0.0,0
FAKE_DATA,25,male,10 to 17,Table_3_percentage_of_people_with_ADHD_then_have_had_meds_in_the_last_6_months01_09_2025_16_02,2018-03-01,2018-03-31,0.0,0
FAKE_DATA,45,male,25 to 34,Table_3_percentage_of_people_with_ADHD_then_have_had_meds_in_the_last_6_months01_09_2025_16_02,2018-03-01,2018-03-31,0.0,0
FAKE_DATA,355,female,35 and over,Table_3_percentage_of_people_with_ADHD_then_have_had_meds_in_the_last_6_months01_09_2025_16_02,2018-04-01,2018-04-30,0.028169014084507,10
FAKE_DATA,25,female,10 to 17,Table_3_percentage_of_people_with_ADHD_then_have_had_meds_in_the_last_6_months01_09_2025_16_02,2018-04-01,2018-04-30,0.0,0
FAKE_DATA,40,male,18 to 24,Table_3_percentage_of_people_with_ADHD_then_have_had_meds_in_the_last_6_months01_09_2025_16_02,2018-04-01,2018-04-30,0.0,0
FAKE_DATA,340,male,35 and over,Table_3_percentage_of_people_with_ADHD_then_have_had_meds_in_the_last_6_months01_09_2025_16_02,2018-04-01,2018-04-30,0.0294117647058823,10
FAKE_DATA,40,female,25 to 34,Table_3_percentage_of_people_with_ADHD_then_have_had_meds_in_the_last_6_months01_09_2025_16_02,2018-04-01,2018-04-30,0.0,0
FAKE_DATA,30,female,0 to 9,Table_3_percentage_of_people_with_ADHD_then_have_had_meds_in_the_last_6_months01_09_2025_16_02,2018-04-01,2018-04-30,0.3333333333333333,10
FAKE_DATA,35,female,18 to 24,Table_3_percentage_of_people_with_ADHD_then_have_had_meds_in_the_last_6_months01_09_2025_16_02,2018-04-01,2018-04-30,0.0,0
FAKE_DATA,25,male,0 to 9,Table_3_percentage_of_people_with_ADHD_then_have_had_meds_in_the_last_6_months01_09_2025_16_02,2018-04-01,2018-04-30,0.0,0
FAKE_DATA,25,male,10 to 17,Table_3_percentage_of_people_with_ADHD_then_have_had_meds_in_the_last_6_months01_09_2025_16_02,2018-04-01,2018-04-30,0.0,0
FAKE_DATA,45,male,25 to 34,Table_3_percentage_of_people_with_ADHD_then_have_had_meds_in_the_last_6_months01_09_2025_16_02,2018-04-01,2018-04-30,0.0,0
FAKE_DATA,355,female,35 and over,Table_3_percentage_of_people_with_ADHD_then_have_had_meds_in_the_last_6_months01_09_2025_16_02,2018-05-01,2018-05-31,0.0,0
FAKE_DATA,25,female,10 to 17,Table_3_percentage_of_people_with_ADHD_then_have_had_meds_in_the_last_6_months01_09_2025_16_02,2018-05-01,2018-05-31,0.0,0
FAKE_DATA,40,male,18 to 24,Table_3_percentage_of_people_with_ADHD_then_have_had_meds_in_the_last_6_months01_09_2025_16_02,2018-05-01,2018-05-31,0.0,0
FAKE_DATA,340,male,35 and over,Table_3_percentage_of_people_with_ADHD_then_have_had_meds_in_the_last_6_months01_09_2025_16_02,2018-05-01,2018-05-31,0.0441176470588235,15
FAKE_DATA,40,female,25 to 34,Table_3_percentage_of_people_with_ADHD_then_have_had_meds_in_the_last_6_months01_09_2025_16_02,2018-05-01,2018-05-31,0.0,0
FAKE_DATA,25,female,0 to 9,Table_3_percentage_of_people_with_ADHD_then_have_had_meds_in_the_last_6_months01_09_2025_16_02,2018-05-01,2018-05-31,0.0,0
FAKE_DATA,30,female,18 to 24,Table_3_percentage_of_people_with_ADHD_then_have_had_meds_in_the_last_6_months01_09_2025_16_02,2018-05-01,2018-05-31,0.0,0
FAKE_DATA,25,male,0 to 9,Table_3_percentage_of_people_with_ADHD_then_have_had_meds_in_the_last_6_months01_09_2025_16_02,2018-05-01,2018-05-31,0.4,10
FAKE_DATA,25,male,10 to 17,Table_3_percentage_of_people_with_ADHD_then_have_had_meds_in_the_last_6_months01_09_2025_16_02,2018-05-01,2018-05-31,0.0,0
FAKE_DATA,45,male,25 to 34,Table_3_percentage_of_people_with_ADHD_then_have_had_meds_in_the_last_6_months01_09_2025_16_02,2018-05-01,2018-05-31,0.0,0
FAKE_DATA,355,female,35 and over,Table_3_percentage_of_people_with_ADHD_then_have_had_meds_in_the_last_6_months01_09_2025_16_02,2018-06-01,2018-06-30,0.0,0
FAKE_DATA,25,female,10 to 17,Table_3_percentage_of_people_with_ADHD_then_have_had_meds_in_the_last_6_months01_09_2025_16_02,2018-06-01,2018-06-30,0.0,0
FAKE_DATA,40,male,18 to 24,Table_3_percentage_of_people_with_ADHD_then_have_had_meds_in_the_last_6_months01_09_2025_16_02,2018-06-01,2018-06-30,0.0,0
FAKE_DATA,340,male,35 and over,Table_3_percentage_of_people_with_ADHD_then_have_had_meds_in_the_last_6_months01_09_2025_16_02,2018-06-01,2018-06-30,0.0294117647058823,10
FAKE_DATA,40,female,25 to 34,Table_3_percentage_of_people_with_ADHD_then_have_had_meds_in_the_last_6_months01_09_2025_16_02,2018-06-01,2018-06-30,0.0,0
FAKE_DATA,25,female,0 to 9,Table_3_percentage_of_people_with_ADHD_then_have_had_meds_in_the_last_6_months01_09_2025_16_02,2018-06-01,2018-06-30,0.4,10
FAKE_DATA,35,female,18 to 24,Table_3_percentage_of_people_with_ADHD_then_have_had_meds_in_the_last_6_months01_09_2025_16_02,2018-06-01,2018-06-30,0.0,0
FAKE_DATA,25,male,0 to 9,Table_3_percentage_of_people_with_ADHD_then_have_had_meds_in_the_last_6_months01_09_2025_16_02,2018-06-01,2018-06-30,0.4,10
FAKE_DATA,25,male,10 to 17,Table_3_percentage_of_people_with_ADHD_then_have_had_meds_in_the_last_6_months01_09_2025_16_02,2018-06-01,2018-06-30,0.0,0
FAKE_DATA,45,male,25 to 34,Table_3_percentage_of_people_with_ADHD_then_have_had_meds_in_the_last_6_months01_09_2025_16_02,2018-06-01,2018-06-30,0.0,0
FAKE_DATA,355,female,35 and over,Table_3_percentage_of_people_with_ADHD_then_have_had_meds_in_the_last_6_months01_09_2025_16_02,2018-07-01,2018-07-31,0.0,0
FAKE_DATA,25,female,10 to 17,Table_3_percentage_of_people_with_ADHD_then_have_had_meds_in_the_last_6_months01_09_2025_16_02,2018-07-01,2018-07-31,0.0,0
FAKE_DATA,40,male,18 to 24,Table_3_percentage_of_people_with_ADHD_then_have_had_meds_in_the_last_6_months01_09_2025_16_02,2018-07-01,2018-07-31,0.0,0
FAKE_DATA,340,male,35 and over,Table_3_percentage_of_people_with_ADHD_then_have_had_meds_in_the_last_6_months01_09_2025_16_02,2018-07-01,2018-07-31,0.0294117647058823,10
FAKE_DATA,40,female,25 to 34,Table_3_percentage_of_people_with_ADHD_then_have_had_meds_in_the_last_6_months01_09_2025_16_02,2018-07-01,2018-07-31,0.0,0
FAKE_DATA,25,female,0 to 9,Table_3_percentage_of_people_with_ADHD_then_have_had_meds_in_the_last_6_months01_09_2025_16_02,2018-07-01,2018-07-31,0.0,0
FAKE_DATA,35,female,18 to 24,Table_3_percentage_of_people_with_ADHD_then_have_had_meds_in_the_last_6_months01_09_2025_16_02,2018-07-01,2018-07-31,0.0,0
FAKE_DATA,25,male,0 to 9,Table_3_percentage_of_people_with_ADHD_then_have_had_meds_in_the_last_6_months01_09_2025_16_02,2018-07-01,2018-07-31,0.4,10
FAKE_DATA,25,male,10 to 17,Table_3_percentage_of_people_with_ADHD_then_have_had_meds_in_the_last_6_months01_09_2025_16_02,2018-07-01,2018-07-31,0.0,0
FAKE_DATA,45,male,25 to 34,Table_3_percentage_of_people_with_ADHD_then_have_had_meds_in_the_last_6_months01_09_2025_16_02,2018-07-01,2018-07-31,0.0,0
FAKE_DATA,355,female,35 and over,Table_3_percentage_of_people_with_ADHD_then_have_had_meds_in_the_last_6_months01_09_2025_16_02,2018-08-01,2018-08-31,0.028169014084507,10
FAKE_DATA,25,female,10 to 17,Table_3_percentage_of_people_with_ADHD_then_have_had_meds_in_the_last_6_months01_09_2025_16_02,2018-08-01,2018-08-31,0.0,0
FAKE_DATA,40,male,18 to 24,Table_3_percentage_of_people_with_ADHD_then_have_had_meds_in_the_last_6_months01_09_2025_16_02,2018-08-01,2018-08-31,0.0,0
FAKE_DATA,340,male,35 and over,Table_3_percentage_of_people_with_ADHD_then_have_had_meds_in_the_last_6_months01_09_2025_16_02,2018-08-01,2018-08-31,0.0,0
FAKE_DATA,40,female,25 to 34,Table_3_percentage_of_people_with_ADHD_then_have_had_meds_in_the_last_6_months01_09_2025_16_02,2018-08-01,2018-08-31,0.0,0
FAKE_DATA,25,female,0 to 9,Table_3_percentage_of_people_with_ADHD_then_have_had_meds_in_the_last_6_months01_09_2025_16_02,2018-08-01,2018-08-31,0.0,0
FAKE_DATA,35,female,18 to 24,Table_3_percentage_of_people_with_ADHD_then_have_had_meds_in_the_last_6_months01_09_2025_16_02,2018-08-01,2018-08-31,0.0,0
FAKE_DATA,25,male,0 to 9,Table_3_percentage_of_people_with_ADHD_then_have_had_meds_in_the_last_6_months01_09_2025_16_02,2018-08-01,2018-08-31,0.0,0
FAKE_DATA,25,male,10 to 17,Table_3_percentage_of_people_with_ADHD_then_have_had_meds_in_the_last_6_months01_09_2025_16_02,2018-08-01,2018-08-31,0.0,0
FAKE_DATA,45,male,25 to 34,Table_3_percentage_of_people_with_ADHD_then_have_had_meds_in_the_last_6_months01_09_2025_16_02,2018-08-01,2018-08-31,0.0,0
FAKE_DATA,355,female,35 and over,Table_3_percentage_of_people_with_ADHD_then_have_had_meds_in_the_last_6_months01_09_2025_16_02,2018-09-01,2018-09-30,0.028169014084507,10
FAKE_DATA,25,female,10 to 17,Table_3_percentage_of_people_with_ADHD_then_have_had_meds_in_the_last_6_months01_09_2025_16_02,2018-09-01,2018-09-30,0.0,0
FAKE_DATA,45,male,18 to 24,Table_3_percentage_of_people_with_ADHD_then_have_had_meds_in_the_last_6_months01_09_2025_16_02,2018-09-01,2018-09-30,0.0,0
FAKE_DATA,340,male,35 and over,Table_3_percentage_of_people_with_ADHD_then_have_had_meds_in_the_last_6_months01_09_2025_16_02,2018-09-01,2018-09-30,0.0,0
FAKE_DATA,40,female,25 to 34,Table_3_percentage_of_people_with_ADHD_then_have_had_meds_in_the_last_6_months01_09_2025_16_02,2018-09-01,2018-09-30,0.0,0
FAKE_DATA,25,female,0 to 9,Table_3_percentage_of_people_with_ADHD_then_have_had_meds_in_the_last_6_months01_09_2025_16_02,2018-09-01,2018-09-30,0.0,0
FAKE_DATA,35,female,18 to 24,Table_3_percentage_of_people_with_ADHD_then_have_had_meds_in_the_last_6_months01_09_2025_16_02,2018-09-01,2018-09-30,0.0,0
FAKE_DATA,25,male,0 to 9,Table_3_percentage_of_people_with_ADHD_then_have_had_meds_in_the_last_6_months01_09_2025_16_02,2018-09-01,2018-09-30,0.4,10
FAKE_DATA,25,male,10 to 17,Table_3_percentage_of_people_with_ADHD_then_have_had_meds_in_the_last_6_months01_09_2025_16_02,2018-09-01,2018-09-30,0.0,0
FAKE_DATA,45,male,25 to 34,Table_3_percentage_of_people_with_ADHD_then_have_had_meds_in_the_last_6_months01_09_2025_16_02,2018-09-01,2018-09-30,0.0,0
FAKE_DATA,355,female,35 and over,Table_3_percentage_of_people_with_ADHD_then_have_had_meds_in_the_last_6_months01_09_2025_16_02,2018-10-01,2018-10-31,0.028169014084507,10
FAKE_DATA,25,female,10 to 17,Table_3_percentage_of_people_with_ADHD_then_have_had_meds_in_the_last_6_months01_09_2025_16_02,2018-10-01,2018-10-31,0.0,0
FAKE_DATA,45,male,18 to 24,Table_3_percentage_of_people_with_ADHD_then_have_had_meds_in_the_last_6_months01_09_2025_16_02,2018-10-01,2018-10-31,0.0,0
FAKE_DATA,340,male,35 and over,Table_3_percentage_of_people_with_ADHD_then_have_had_meds_in_the_last_6_months01_09_2025_16_02,2018-10-01,2018-10-31,0.0,0
FAKE_DATA,40,female,25 to 34,Table_3_percentage_of_people_with_ADHD_then_have_had_meds_in_the_last_6_months01_09_2025_16_02,2018-10-01,2018-10-31,0.0,0
FAKE_DATA,25,female,0 to 9,Table_3_percentage_of_people_with_ADHD_then_have_had_meds_in_the_last_6_months01_09_2025_16_02,2018-10-01,2018-10-31,0.0,0
FAKE_DATA,30,female,18 to 24,Table_3_percentage_of_people_with_ADHD_then_have_had_meds_in_the_last_6_months01_09_2025_16_02,2018-10-01,2018-10-31,0.0,0
FAKE_DATA,25,male,0 to 9,Table_3_percentage_of_people_with_ADHD_then_have_had_meds_in_the_last_6_months01_09_2025_16_02,2018-10-01,2018-10-31,0.4,10
FAKE_DATA,25,male,10 to 17,Table_3_percentage_of_people_with_ADHD_then_have_had_meds_in_the_last_6_months01_09_2025_16_02,2018-10-01,2018-10-31,0.0,0
FAKE_DATA,45,male,25 to 34,Table_3_percentage_of_people_with_ADHD_then_have_had_meds_in_the_last_6_months01_09_2025_16_02,2018-10-01,2018-10-31,0.0,0
FAKE_DATA,355,female,35 and over,Table_3_percentage_of_people_with_ADHD_then_have_had_meds_in_the_last_6_months01_09_2025_16_02,2018-11-01,2018-11-30,0.0,0
FAKE_DATA,30,female,10 to 17,Table_3_percentage_of_people_with_ADHD_then_have_had_meds_in_the_last_6_months01_09_2025_16_02,2018-11-01,2018-11-30,0.0,0
FAKE_DATA,45,male,18 to 24,Table_3_percentage_of_people_with_ADHD_then_have_had_meds_in_the_last_6_months01_09_2025_16_02,2018-11-01,2018-11-30,0.0,0
FAKE_DATA,340,male,35 and over,Table_3_percentage_of_people_with_ADHD_then_have_had_meds_in_the_last_6_months01_09_2025_16_02,2018-11-01,2018-11-30,0.0,0
FAKE_DATA,40,female,25 to 34,Table_3_percentage_of_people_with_ADHD_then_have_had_meds_in_the_last_6_months01_09_2025_16_02,2018-11-01,2018-11-30,0.0,0
FAKE_DATA,25,female,0 to 9,Table_3_percentage_of_people_with_ADHD_then_have_had_meds_in_the_last_6_months01_09_2025_16_02,2018-11-01,2018-11-30,0.0,0
FAKE_DATA,30,female,18 to 24,Table_3_percentage_of_people_with_ADHD_then_have_had_meds_in_the_last_6_months01_09_2025_16_02,2018-11-01,2018-11-30,0.0,0
FAKE_DATA,25,male,0 to 9,Table_3_percentage_of_people_with_ADHD_then_have_had_meds_in_the_last_6_months01_09_2025_16_02,2018-11-01,2018-11-30,0.4,10
FAKE_DATA,25,male,10 to 17,Table_3_percentage_of_people_with_ADHD_then_have_had_meds_in_the_last_6_months01_09_2025_16_02,2018-11-01,2018-11-30,0.0,0
FAKE_DATA,45,male,25 to 34,Table_3_percentage_of_people_with_ADHD_then_have_had_meds_in_the_last_6_months01_09_2025_16_02,2018-11-01,2018-11-30,0.0,0
FAKE_DATA,355,female,35 and over,Table_3_percentage_of_people_with_ADHD_then_have_had_meds_in_the_last_6_months01_09_2025_16_02,2018-12-01,2018-12-31,0.0,0
FAKE_DATA,30,female,10 to 17,Table_3_percentage_of_people_with_ADHD_then_have_had_meds_in_the_last_6_months01_09_2025_16_02,2018-12-01,2018-12-31,0.0,0
FAKE_DATA,45,male,18 to 24,Table_3_percentage_of_people_with_ADHD_then_have_had_meds_in_the_last_6_months01_09_2025_16_02,2018-12-01,2018-12-31,0.0,0
FAKE_DATA,345,male,35 and over,Table_3_percentage_of_people_with_ADHD_then_have_had_meds_in_the_last_6_months01_09_2025_16_02,2018-12-01,2018-12-31,0.0,0
FAKE_DATA,40,female,25 to 34,Table_3_percentage_of_people_with_ADHD_then_have_had_meds_in_the_last_6_months01_09_2025_16_02,2018-12-01,2018-12-31,0.0,0
FAKE_DATA,25,female,0 to 9,Table_3_percentage_of_people_with_ADHD_then_have_had_meds_in_the_last_6_months01_09_2025_16_02,2018-12-01,2018-12-31,0.0,0
FAKE_DATA,30,female,18 to 24,Table_3_percentage_of_people_with_ADHD_then_have_had_meds_in_the_last_6_months01_09_2025_16_02,2018-12-01,2018-12-31,0.0,0
FAKE_DATA,25,male,0 to 9,Table_3_percentage_of_people_with_ADHD_then_have_had_meds_in_the_last_6_months01_09_2025_16_02,2018-12-01,2018-12-31,0.4,10
FAKE_DATA,25,male,10 to 17,Table_3_percentage_of_people_with_ADHD_then_have_had_meds_in_the_last_6_months01_09_2025_16_02,2018-12-01,2018-12-31,0.0,0
FAKE_DATA,45,male,25 to 34,Table_3_percentage_of_people_with_ADHD_then_have_had_meds_in_the_last_6_months01_09_2025_16_02,2018-12-01,2018-12-31,0.0,0
FAKE_DATA,355,female,35 and over,Table_3_percentage_of_people_with_ADHD_then_have_had_meds_in_the_last_6_months01_09_2025_16_02,2019-01-01,2019-01-31,0.028169014084507,10
FAKE_DATA,25,female,10 to 17,Table_3_percentage_of_people_with_ADHD_then_have_had_meds_in_the_last_6_months01_09_2025_16_02,2019-01-01,2019-01-31,0.0,0
FAKE_DATA,40,male,18 to 24,Table_3_percentage_of_people_with_ADHD_then_have_had_meds_in_the_last_6_months01_09_2025_16_02,2019-01-01,2019-01-31,0.0,0
FAKE_DATA,345,male,35 and over,Table_3_percentage_of_people_with_ADHD_then_have_had_meds_in_the_last_6_months01_09_2025_16_02,2019-01-01,2019-01-31,0.0,0
FAKE_DATA,45,female,25 to 34,Table_3_percentage_of_people_with_ADHD_then_have_had_meds_in_the_last_6_months01_09_2025_16_02,2019-01-01,2019-01-31,0.0,0
FAKE_DATA,25,female,0 to 9,Table_3_percentage_of_people_with_ADHD_then_have_had_meds_in_the_last_6_months01_09_2025_16_02,2019-01-01,2019-01-31,0.0,0
FAKE_DATA,30,female,18 to 24,Table_3_percentage_of_people_with_ADHD_then_have_had_meds_in_the_last_6_months01_09_2025_16_02,2019-01-01,2019-01-31,0.0,0
FAKE_DATA,25,male,0 to 9,Table_3_percentage_of_people_with_ADHD_then_have_had_meds_in_the_last_6_months01_09_2025_16_02,2019-01-01,2019-01-31,0.4,10
FAKE_DATA,25,male,10 to 17,Table_3_percentage_of_people_with_ADHD_then_have_had_meds_in_the_last_6_months01_09_2025_16_02,2019-01-01,2019-01-31,0.0,0
FAKE_DATA,45,male,25 to 34,Table_3_percentage_of_people_with_ADHD_then_have_had_meds_in_the_last_6_months01_09_2025_16_02,2019-01-01,2019-01-31,0.0,0
FAKE_DATA,355,female,35 and over,Table_3_percentage_of_people_with_ADHD_then_have_had_meds_in_the_last_6_months01_09_2025_16_02,2019-02-01,2019-02-28,0.028169014084507,10
FAKE_DATA,25,female,10 to 17,Table_3_percentage_of_people_with_ADHD_then_have_had_meds_in_the_last_6_months01_09_2025_16_02,2019-02-01,2019-02-28,0.0,0
FAKE_DATA,40,male,18 to 24,Table_3_percentage_of_people_with_ADHD_then_have_had_meds_in_the_last_6_months01_09_2025_16_02,2019-02-01,2019-02-28,0.0,0
FAKE_DATA,345,male,35 and over,Table_3_percentage_of_people_with_ADHD_then_have_had_meds_in_the_last_6_months01_09_2025_16_02,2019-02-01,2019-02-28,0.0289855072463768,10
FAKE_DATA,45,female,25 to 34,Table_3_percentage_of_people_with_ADHD_then_have_had_meds_in_the_last_6_months01_09_2025_16_02,2019-02-01,2019-02-28,0.0,0
FAKE_DATA,25,female,0 to 9,Table_3_percentage_of_people_with_ADHD_then_have_had_meds_in_the_last_6_months01_09_2025_16_02,2019-02-01,2019-02-28,0.0,0
FAKE_DATA,30,female,18 to 24,Table_3_percentage_of_people_with_ADHD_then_have_had_meds_in_the_last_6_months01_09_2025_16_02,2019-02-01,2019-02-28,0.0,0
FAKE_DATA,25,male,0 to 9,Table_3_percentage_of_people_with_ADHD_then_have_had_meds_in_the_last_6_months01_09_2025_16_02,2019-02-01,2019-02-28,0.4,10
FAKE_DATA,25,male,10 to 17,Table_3_percentage_of_people_with_ADHD_then_have_had_meds_in_the_last_6_months01_09_2025_16_02,2019-02-01,2019-02-28,0.0,0
FAKE_DATA,45,male,25 to 34,Table_3_percentage_of_people_with_ADHD_then_have_had_meds_in_the_last_6_months01_09_2025_16_02,2019-02-01,2019-02-28,0.0,0
FAKE_DATA,355,female,35 and over,Table_3_percentage_of_people_with_ADHD_then_have_had_meds_in_the_last_6_months01_09_2025_16_02,2019-03-01,2019-03-31,0.028169014084507,10
FAKE_DATA,25,female,10 to 17,Table_3_percentage_of_people_with_ADHD_then_have_had_meds_in_the_last_6_months01_09_2025_16_02,2019-03-01,2019-03-31,0.0,0
FAKE_DATA,40,male,18 to 24,Table_3_percentage_of_people_with_ADHD_then_have_had_meds_in_the_last_6_months01_09_2025_16_02,2019-03-01,2019-03-31,0.0,0
FAKE_DATA,345,male,35 and over,Table_3_percentage_of_people_with_ADHD_then_have_had_meds_in_the_last_6_months01_09_2025_16_02,2019-03-01,2019-03-31,0.0289855072463768,10
FAKE_DATA,45,female,25 to 34,Table_3_percentage_of_people_with_ADHD_then_have_had_meds_in_the_last_6_months01_09_2025_16_02,2019-03-01,2019-03-31,0.0,0
FAKE_DATA,25,female,0 to 9,Table_3_percentage_of_people_with_ADHD_then_have_had_meds_in_the_last_6_months01_09_2025_16_02,2019-03-01,2019-03-31,0.0,0
FAKE_DATA,30,female,18 to 24,Table_3_percentage_of_people_with_ADHD_then_have_had_meds_in_the_last_6_months01_09_2025_16_02,2019-03-01,2019-03-31,0.0,0
FAKE_DATA,25,male,0 to 9,Table_3_percentage_of_people_with_ADHD_then_have_had_meds_in_the_last_6_months01_09_2025_16_02,2019-03-01,2019-03-31,0.4,10
FAKE_DATA,25,male,10 to 17,Table_3_percentage_of_people_with_ADHD_then_have_had_meds_in_the_last_6_months01_09_2025_16_02,2019-03-01,2019-03-31,0.0,0
FAKE_DATA,50,male,25 to 34,Table_3_percentage_of_people_with_ADHD_then_have_had_meds_in_the_last_6_months01_09_2025_16_02,2019-03-01,2019-03-31,0.0,0
FAKE_DATA,355,female,35 and over,Table_3_percentage_of_people_with_ADHD_then_have_had_meds_in_the_last_6_months01_09_2025_16_02,2019-04-01,2019-04-30,0.0,0
FAKE_DATA,25,female,10 to 17,Table_3_percentage_of_people_with_ADHD_then_have_had_meds_in_the_last_6_months01_09_2025_16_02,2019-04-01,2019-04-30,0.0,0
FAKE_DATA,40,male,18 to 24,Table_3_percentage_of_people_with_ADHD_then_have_had_meds_in_the_last_6_months01_09_2025_16_02,2019-04-01,2019-04-30,0.0,0
FAKE_DATA,345,male,35 and over,Table_3_percentage_of_people_with_ADHD_then_have_had_meds_in_the_last_6_months01_09_2025_16_02,2019-04-01,2019-04-30,0.0289855072463768,10
FAKE_DATA,45,female,25 to 34,Table_3_percentage_of_people_with_ADHD_then_have_had_meds_in_the_last_6_months01_09_2025_16_02,2019-04-01,2019-04-30,0.0,0
FAKE_DATA,25,female,0 to 9,Table_3_percentage_of_people_with_ADHD_then_have_had_meds_in_the_last_6_months01_09_2025_16_02,2019-04-01,2019-04-30,0.0,0
FAKE_DATA,30,female,18 to 24,Table_3_percentage_of_people_with_ADHD_then_have_had_meds_in_the_last_6_months01_09_2025_16_02,2019-04-01,2019-04-30,0.0,0
FAKE_DATA,25,male,0 to 9,Table_3_percentage_of_people_with_ADHD_then_have_had_meds_in_the_last_6_months01_09_2025_16_02,2019-04-01,2019-04-30,0.4,10
FAKE_DATA,25,male,10 to 17,Table_3_percentage_of_people_with_ADHD_then_have_had_meds_in_the_last_6_months01_09_2025_16_02,2019-04-01,2019-04-30,0.0,0
FAKE_DATA,50,male,25 to 34,Table_3_percentage_of_people_with_ADHD_then_have_had_meds_in_the_last_6_months01_09_2025_16_02,2019-04-01,2019-04-30,0.0,0
FAKE_DATA,355,female,35 and over,Table_3_percentage_of_people_with_ADHD_then_have_had_meds_in_the_last_6_months01_09_2025_16_02,2019-05-01,2019-05-31,0.0,0
FAKE_DATA,25,female,10 to 17,Table_3_percentage_of_people_with_ADHD_then_have_had_meds_in_the_last_6_months01_09_2025_16_02,2019-05-01,2019-05-31,0.0,0
FAKE_DATA,40,male,18 to 24,Table_3_percentage_of_people_with_ADHD_then_have_had_meds_in_the_last_6_months01_09_2025_16_02,2019-05-01,2019-05-31,0.0,0
FAKE_DATA,345,male,35 and over,Table_3_percentage_of_people_with_ADHD_then_have_had_meds_in_the_last_6_months01_09_2025_16_02,2019-05-01,2019-05-31,0.0434782608695652,15
FAKE_DATA,45,female,25 to 34,Table_3_percentage_of_people_with_ADHD_then_have_had_meds_in_the_last_6_months01_09_2025_16_02,2019-05-01,2019-05-31,0.0,0
FAKE_DATA,25,female,0 to 9,Table_3_percentage_of_people_with_ADHD_then_have_had_meds_in_the_last_6_months01_09_2025_16_02,2019-05-01,2019-05-31,0.0,0
FAKE_DATA,30,female,18 to 24,Table_3_percentage_of_people_with_ADHD_then_have_had_meds_in_the_last_6_months01_09_2025_16_02,2019-05-01,2019-05-31,0.0,0
FAKE_DATA,25,male,0 to 9,Table_3_percentage_of_people_with_ADHD_then_have_had_meds_in_the_last_6_months01_09_2025_16_02,2019-05-01,2019-05-31,0.4,10
FAKE_DATA,25,male,10 to 17,Table_3_percentage_of_people_with_ADHD_then_have_had_meds_in_the_last_6_months01_09_2025_16_02,2019-05-01,2019-05-31,0.0,0
FAKE_DATA,50,male,25 to 34,Table_3_percentage_of_people_with_ADHD_then_have_had_meds_in_the_last_6_months01_09_2025_16_02,2019-05-01,2019-05-31,0.0,0
FAKE_DATA,355,female,35 and over,Table_3_percentage_of_people_with_ADHD_then_have_had_meds_in_the_last_6_months01_09_2025_16_02,2019-06-01,2019-06-30,0.028169014084507,10
FAKE_DATA,25,female,10 to 17,Table_3_percentage_of_people_with_ADHD_then_have_had_meds_in_the_last_6_months01_09_2025_16_02,2019-06-01,2019-06-30,0.0,0
FAKE_DATA,40,male,18 to 24,Table_3_percentage_of_people_with_ADHD_then_have_had_meds_in_the_last_6_months01_09_2025_16_02,2019-06-01,2019-06-30,0.0,0
FAKE_DATA,345,male,35 and over,Table_3_percentage_of_people_with_ADHD_then_have_had_meds_in_the_last_6_months01_09_2025_16_02,2019-06-01,2019-06-30,0.0434782608695652,15
FAKE_DATA,45,female,25 to 34,Table_3_percentage_of_people_with_ADHD_then_have_had_meds_in_the_last_6_months01_09_2025_16_02,2019-06-01,2019-06-30,0.0,0
FAKE_DATA,25,female,0 to 9,Table_3_percentage_of_people_with_ADHD_then_have_had_meds_in_the_last_6_months01_09_2025_16_02,2019-06-01,2019-06-30,0.0,0
FAKE_DATA,30,female,18 to 24,Table_3_percentage_of_people_with_ADHD_then_have_had_meds_in_the_last_6_months01_09_2025_16_02,2019-06-01,2019-06-30,0.0,0
FAKE_DATA,25,male,0 to 9,Table_3_percentage_of_people_with_ADHD_then_have_had_meds_in_the_last_6_months01_09_2025_16_02,2019-06-01,2019-06-30,0.4,10
FAKE_DATA,25,male,10 to 17,Table_3_percentage_of_people_with_ADHD_then_have_had_meds_in_the_last_6_months01_09_2025_16_02,2019-06-01,2019-06-30,0.0,0
FAKE_DATA,50,male,25 to 34,Table_3_percentage_of_people_with_ADHD_then_have_had_meds_in_the_last_6_months01_09_2025_16_02,2019-06-01,2019-06-30,0.0,0
FAKE_DATA,355,female,35 and over,Table_3_percentage_of_people_with_ADHD_then_have_had_meds_in_the_last_6_months01_09_2025_16_02,2019-07-01,2019-07-31,0.028169014084507,10
FAKE_DATA,25,female,10 to 17,Table_3_percentage_of_people_with_ADHD_then_have_had_meds_in_the_last_6_months01_09_2025_16_02,2019-07-01,2019-07-31,0.0,0
FAKE_DATA,40,male,18 to 24,Table_3_percentage_of_people_with_ADHD_then_have_had_meds_in_the_last_6_months01_09_2025_16_02,2019-07-01,2019-07-31,0.0,0
FAKE_DATA,345,male,35 and over,Table_3_percentage_of_people_with_ADHD_then_have_had_meds_in_the_last_6_months01_09_2025_16_02,2019-07-01,2019-07-31,0.0434782608695652,15
FAKE_DATA,45,female,25 to 34,Table_3_percentage_of_people_with_ADHD_then_have_had_meds_in_the_last_6_months01_09_2025_16_02,2019-07-01,2019-07-31,0.0,0
FAKE_DATA,25,female,0 to 9,Table_3_percentage_of_people_with_ADHD_then_have_had_meds_in_the_last_6_months01_09_2025_16_02,2019-07-01,2019-07-31,0.0,0
FAKE_DATA,30,female,18 to 24,Table_3_percentage_of_people_with_ADHD_then_have_had_meds_in_the_last_6_months01_09_2025_16_02,2019-07-01,2019-07-31,0.0,0
FAKE_DATA,25,male,0 to 9,Table_3_percentage_of_people_with_ADHD_then_have_had_meds_in_the_last_6_months01_09_2025_16_02,2019-07-01,2019-07-31,0.0,0
FAKE_DATA,25,male,10 to 17,Table_3_percentage_of_people_with_ADHD_then_have_had_meds_in_the_last_6_months01_09_2025_16_02,2019-07-01,2019-07-31,0.0,0
FAKE_DATA,50,male,25 to 34,Table_3_percentage_of_people_with_ADHD_then_have_had_meds_in_the_last_6_months01_09_2025_16_02,2019-07-01,2019-07-31,0.0,0
FAKE_DATA,355,female,35 and over,Table_3_percentage_of_people_with_ADHD_then_have_had_meds_in_the_last_6_months01_09_2025_16_02,2019-08-01,2019-08-31,0.028169014084507,10
FAKE_DATA,25,female,10 to 17,Table_3_percentage_of_people_with_ADHD_then_have_had_meds_in_the_last_6_months01_09_2025_16_02,2019-08-01,2019-08-31,0.0,0
FAKE_DATA,40,male,18 to 24,Table_3_percentage_of_people_with_ADHD_then_have_had_meds_in_the_last_6_months01_09_2025_16_02,2019-08-01,2019-08-31,0.0,0
FAKE_DATA,345,male,35 and over,Table_3_percentage_of_people_with_ADHD_then_have_had_meds_in_the_last_6_months01_09_2025_16_02,2019-08-01,2019-08-31,0.0434782608695652,15
FAKE_DATA,45,female,25 to 34,Table_3_percentage_of_people_with_ADHD_then_have_had_meds_in_the_last_6_months01_09_2025_16_02,2019-08-01,2019-08-31,0.0,0
FAKE_DATA,20,female,0 to 9,Table_3_percentage_of_people_with_ADHD_then_have_had_meds_in_the_last_6_months01_09_2025_16_02,2019-08-01,2019-08-31,0.0,0
FAKE_DATA,35,female,18 to 24,Table_3_percentage_of_people_with_ADHD_then_have_had_meds_in_the_last_6_months01_09_2025_16_02,2019-08-01,2019-08-31,0.0,0
FAKE_DATA,25,male,0 to 9,Table_3_percentage_of_people_with_ADHD_then_have_had_meds_in_the_last_6_months01_09_2025_16_02,2019-08-01,2019-08-31,0.0,0
FAKE_DATA,25,male,10 to 17,Table_3_percentage_of_people_with_ADHD_then_have_had_meds_in_the_last_6_months01_09_2025_16_02,2019-08-01,2019-08-31,0.0,0
FAKE_DATA,50,male,25 to 34,Table_3_percentage_of_people_with_ADHD_then_have_had_meds_in_the_last_6_months01_09_2025_16_02,2019-08-01,2019-08-31,0.0,0
FAKE_DATA,355,female,35 and over,Table_3_percentage_of_people_with_ADHD_then_have_had_meds_in_the_last_6_months01_09_2025_16_02,2019-09-01,2019-09-30,0.0422535211267605,15
FAKE_DATA,25,female,10 to 17,Table_3_percentage_of_people_with_ADHD_then_have_had_meds_in_the_last_6_months01_09_2025_16_02,2019-09-01,2019-09-30,0.0,0
FAKE_DATA,40,male,18 to 24,Table_3_percentage_of_people_with_ADHD_then_have_had_meds_in_the_last_6_months01_09_2025_16_02,2019-09-01,2019-09-30,0.0,0
FAKE_DATA,345,male,35 and over,Table_3_percentage_of_people_with_ADHD_then_have_had_meds_in_the_last_6_months01_09_2025_16_02,2019-09-01,2019-09-30,0.0434782608695652,15
FAKE_DATA,45,female,25 to 34,Table_3_percentage_of_people_with_ADHD_then_have_had_meds_in_the_last_6_months01_09_2025_16_02,2019-09-01,2019-09-30,0.0,0
FAKE_DATA,20,female,0 to 9,Table_3_percentage_of_people_with_ADHD_then_have_had_meds_in_the_last_6_months01_09_2025_16_02,2019-09-01,2019-09-30,0.0,0
FAKE_DATA,35,female,18 to 24,Table_3_percentage_of_people_with_ADHD_then_have_had_meds_in_the_last_6_months01_09_2025_16_02,2019-09-01,2019-09-30,0.0,0
FAKE_DATA,25,male,0 to 9,Table_3_percentage_of_people_with_ADHD_then_have_had_meds_in_the_last_6_months01_09_2025_16_02,2019-09-01,2019-09-30,0.0,0
FAKE_DATA,25,male,10 to 17,Table_3_percentage_of_people_with_ADHD_then_have_had_meds_in_the_last_6_months01_09_2025_16_02,2019-09-01,2019-09-30,0.0,0
FAKE_DATA,50,male,25 to 34,Table_3_percentage_of_people_with_ADHD_then_have_had_meds_in_the_last_6_months01_09_2025_16_02,2019-09-01,2019-09-30,0.0,0
FAKE_DATA,355,female,35 and over,Table_3_percentage_of_people_with_ADHD_then_have_had_meds_in_the_last_6_months01_09_2025_16_02,2019-10-01,2019-10-31,0.028169014084507,10
FAKE_DATA,25,female,10 to 17,Table_3_percentage_of_people_with_ADHD_then_have_had_meds_in_the_last_6_months01_09_2025_16_02,2019-10-01,2019-10-31,0.0,0
FAKE_DATA,40,male,18 to 24,Table_3_percentage_of_people_with_ADHD_then_have_had_meds_in_the_last_6_months01_09_2025_16_02,2019-10-01,2019-10-31,0.0,0
FAKE_DATA,345,male,35 and over,Table_3_percentage_of_people_with_ADHD_then_have_had_meds_in_the_last_6_months01_09_2025_16_02,2019-10-01,2019-10-31,0.0289855072463768,10
FAKE_DATA,45,female,25 to 34,Table_3_percentage_of_people_with_ADHD_then_have_had_meds_in_the_last_6_months01_09_2025_16_02,2019-10-01,2019-10-31,0.0,0
FAKE_DATA,20,female,0 to 9,Table_3_percentage_of_people_with_ADHD_then_have_had_meds_in_the_last_6_months01_09_2025_16_02,2019-10-01,2019-10-31,0.0,0
FAKE_DATA,35,female,18 to 24,Table_3_percentage_of_people_with_ADHD_then_have_had_meds_in_the_last_6_months01_09_2025_16_02,2019-10-01,2019-10-31,0.0,0
FAKE_DATA,25,male,0 to 9,Table_3_percentage_of_people_with_ADHD_then_have_had_meds_in_the_last_6_months01_09_2025_16_02,2019-10-01,2019-10-31,0.0,0
FAKE_DATA,25,male,10 to 17,Table_3_percentage_of_people_with_ADHD_then_have_had_meds_in_the_last_6_months01_09_2025_16_02,2019-10-01,2019-10-31,0.0,0
FAKE_DATA,50,male,25 to 34,Table_3_percentage_of_people_with_ADHD_then_have_had_meds_in_the_last_6_months01_09_2025_16_02,2019-10-01,2019-10-31,0.0,0
FAKE_DATA,360,female,35 and over,Table_3_percentage_of_people_with_ADHD_then_have_had_meds_in_the_last_6_months01_09_2025_16_02,2019-11-01,2019-11-30,0.0277777777777777,10
FAKE_DATA,25,female,10 to 17,Table_3_percentage_of_people_with_ADHD_then_have_had_meds_in_the_last_6_months01_09_2025_16_02,2019-11-01,2019-11-30,0.0,0
FAKE_DATA,40,male,18 to 24,Table_3_percentage_of_people_with_ADHD_then_have_had_meds_in_the_last_6_months01_09_2025_16_02,2019-11-01,2019-11-30,0.0,0
FAKE_DATA,350,male,35 and over,Table_3_percentage_of_people_with_ADHD_then_have_had_meds_in_the_last_6_months01_09_2025_16_02,2019-11-01,2019-11-30,0.0285714285714285,10
FAKE_DATA,45,female,25 to 34,Table_3_percentage_of_people_with_ADHD_then_have_had_meds_in_the_last_6_months01_09_2025_16_02,2019-11-01,2019-11-30,0.0,0
FAKE_DATA,20,female,0 to 9,Table_3_percentage_of_people_with_ADHD_then_have_had_meds_in_the_last_6_months01_09_2025_16_02,2019-11-01,2019-11-30,0.0,0
FAKE_DATA,35,female,18 to 24,Table_3_percentage_of_people_with_ADHD_then_have_had_meds_in_the_last_6_months01_09_2025_16_02,2019-11-01,2019-11-30,0.0,0
FAKE_DATA,25,male,0 to 9,Table_3_percentage_of_people_with_ADHD_then_have_had_meds_in_the_last_6_months01_09_2025_16_02,2019-11-01,2019-11-30,0.0,0
FAKE_DATA,25,male,10 to 17,Table_3_percentage_of_people_with_ADHD_then_have_had_meds_in_the_last_6_months01_09_2025_16_02,2019-11-01,2019-11-30,0.0,0
FAKE_DATA,45,male,25 to 34,Table_3_percentage_of_people_with_ADHD_then_have_had_meds_in_the_last_6_months01_09_2025_16_02,2019-11-01,2019-11-30,0.0,0
FAKE_DATA,360,female,35 and over,Table_3_percentage_of_people_with_ADHD_then_have_had_meds_in_the_last_6_months01_09_2025_16_02,2019-12-01,2019-12-31,0.0416666666666666,15
FAKE_DATA,25,female,10 to 17,Table_3_percentage_of_people_with_ADHD_then_have_had_meds_in_the_last_6_months01_09_2025_16_02,2019-12-01,2019-12-31,0.0,0
FAKE_DATA,40,male,18 to 24,Table_3_percentage_of_people_with_ADHD_then_have_had_meds_in_the_last_6_months01_09_2025_16_02,2019-12-01,2019-12-31,0.0,0
FAKE_DATA,350,male,35 and over,Table_3_percentage_of_people_with_ADHD_then_have_had_meds_in_the_last_6_months01_09_2025_16_02,2019-12-01,2019-12-31,0.0285714285714285,10
FAKE_DATA,45,female,25 to 34,Table_3_percentage_of_people_with_ADHD_then_have_had_meds_in_the_last_6_months01_09_2025_16_02,2019-12-01,2019-12-31,0.0,0
FAKE_DATA,20,female,0 to 9,Table_3_percentage_of_people_with_ADHD_then_have_had_meds_in_the_last_6_months01_09_2025_16_02,2019-12-01,2019-12-31,0.0,0
FAKE_DATA,30,female,18 to 24,Table_3_percentage_of_people_with_ADHD_then_have_had_meds_in_the_last_6_months01_09_2025_16_02,2019-12-01,2019-12-31,0.0,0
FAKE_DATA,25,male,0 to 9,Table_3_percentage_of_people_with_ADHD_then_have_had_meds_in_the_last_6_months01_09_2025_16_02,2019-12-01,2019-12-31,0.0,0
FAKE_DATA,25,male,10 to 17,Table_3_percentage_of_people_with_ADHD_then_have_had_meds_in_the_last_6_months01_09_2025_16_02,2019-12-01,2019-12-31,0.0,0
FAKE_DATA,45,male,25 to 34,Table_3_percentage_of_people_with_ADHD_then_have_had_meds_in_the_last_6_months01_09_2025_16_02,2019-12-01,2019-12-31,0.0,0
FAKE_DATA,365,female,35 and over,Table_3_percentage_of_people_with_ADHD_then_have_had_meds_in_the_last_6_months01_09_2025_16_02,2020-01-01,2020-01-31,0.0410958904109589,15
FAKE_DATA,25,female,10 to 17,Table_3_percentage_of_people_with_ADHD_then_have_had_meds_in_the_last_6_months01_09_2025_16_02,2020-01-01,2020-01-31,0.0,0
FAKE_DATA,45,male,18 to 24,Table_3_percentage_of_people_with_ADHD_then_have_had_meds_in_the_last_6_months01_09_2025_16_02,2020-01-01,2020-01-31,0.0,0
FAKE_DATA,350,male,35 and over,Table_3_percentage_of_people_with_ADHD_then_have_had_meds_in_the_last_6_months01_09_2025_16_02,2020-01-01,2020-01-31,0.0,0
FAKE_DATA,40,female,25 to 34,Table_3_percentage_of_people_with_ADHD_then_have_had_meds_in_the_last_6_months01_09_2025_16_02,2020-01-01,2020-01-31,0.0,0
FAKE_DATA,20,female,0 to 9,Table_3_percentage_of_people_with_ADHD_then_have_had_meds_in_the_last_6_months01_09_2025_16_02,2020-01-01,2020-01-31,0.0,0
FAKE_DATA,30,female,18 to 24,Table_3_percentage_of_people_with_ADHD_then_have_had_meds_in_the_last_6_months01_09_2025_16_02,2020-01-01,2020-01-31,0.0,0
FAKE_DATA,25,male,0 to 9,Table_3_percentage_of_people_with_ADHD_then_have_had_meds_in_the_last_6_months01_09_2025_16_02,2020-01-01,2020-01-31,0.0,0
FAKE_DATA,20,male,10 to 17,Table_3_percentage_of_people_with_ADHD_then_have_had_meds_in_the_last_6_months01_09_2025_16_02,2020-01-01,2020-01-31,0.0,0
FAKE_DATA,45,male,25 to 34,Table_3_percentage_of_people_with_ADHD_then_have_had_meds_in_the_last_6_months01_09_2025_16_02,2020-01-01,2020-01-31,0.0,0
FAKE_DATA,365,female,35 and over,Table_3_percentage_of_people_with_ADHD_then_have_had_meds_in_the_last_6_months01_09_2025_16_02,2020-02-01,2020-02-29,0.0273972602739726,10
FAKE_DATA,25,female,10 to 17,Table_3_percentage_of_people_with_ADHD_then_have_had_meds_in_the_last_6_months01_09_2025_16_02,2020-02-01,2020-02-29,0.0,0
FAKE_DATA,40,male,18 to 24,Table_3_percentage_of_people_with_ADHD_then_have_had_meds_in_the_last_6_months01_09_2025_16_02,2020-02-01,2020-02-29,0.0,0
FAKE_DATA,350,male,35 and over,Table_3_percentage_of_people_with_ADHD_then_have_had_meds_in_the_last_6_months01_09_2025_16_02,2020-02-01,2020-02-29,0.0285714285714285,10
FAKE_DATA,40,female,25 to 34,Table_3_percentage_of_people_with_ADHD_then_have_had_meds_in_the_last_6_months01_09_2025_16_02,2020-02-01,2020-02-29,0.0,0
FAKE_DATA,20,female,0 to 9,Table_3_percentage_of_people_with_ADHD_then_have_had_meds_in_the_last_6_months01_09_2025_16_02,2020-02-01,2020-02-29,0.0,0
FAKE_DATA,30,female,18 to 24,Table_3_percentage_of_people_with_ADHD_then_have_had_meds_in_the_last_6_months01_09_2025_16_02,2020-02-01,2020-02-29,0.0,0
FAKE_DATA,25,male,0 to 9,Table_3_percentage_of_people_with_ADHD_then_have_had_meds_in_the_last_6_months01_09_2025_16_02,2020-02-01,2020-02-29,0.0,0
FAKE_DATA,20,male,10 to 17,Table_3_percentage_of_people_with_ADHD_then_have_had_meds_in_the_last_6_months01_09_2025_16_02,2020-02-01,2020-02-29,0.0,0
FAKE_DATA,45,male,25 to 34,Table_3_percentage_of_people_with_ADHD_then_have_had_meds_in_the_last_6_months01_09_2025_16_02,2020-02-01,2020-02-29,0.0,0
FAKE_DATA,365,female,35 and over,Table_3_percentage_of_people_with_ADHD_then_have_had_meds_in_the_last_6_months01_09_2025_16_02,2020-03-01,2020-03-31,0.0273972602739726,10
FAKE_DATA,25,female,10 to 17,Table_3_percentage_of_people_with_ADHD_then_have_had_meds_in_the_last_6_months01_09_2025_16_02,2020-03-01,2020-03-31,0.0,0
FAKE_DATA,40,male,18 to 24,Table_3_percentage_of_people_with_ADHD_then_have_had_meds_in_the_last_6_months01_09_2025_16_02,2020-03-01,2020-03-31,0.0,0
FAKE_DATA,350,male,35 and over,Table_3_percentage_of_people_with_ADHD_then_have_had_meds_in_the_last_6_months01_09_2025_16_02,2020-03-01,2020-03-31,0.0285714285714285,10
FAKE_DATA,40,female,25 to 34,Table_3_percentage_of_people_with_ADHD_then_have_had_meds_in_the_last_6_months01_09_2025_16_02,2020-03-01,2020-03-31,0.0,0
FAKE_DATA,20,female,0 to 9,Table_3_percentage_of_people_with_ADHD_then_have_had_meds_in_the_last_6_months01_09_2025_16_02,2020-03-01,2020-03-31,0.0,0
FAKE_DATA,30,female,18 to 24,Table_3_percentage_of_people_with_ADHD_then_have_had_meds_in_the_last_6_months01_09_2025_16_02,2020-03-01,2020-03-31,0.0,0
FAKE_DATA,25,male,0 to 9,Table_3_percentage_of_people_with_ADHD_then_have_had_meds_in_the_last_6_months01_09_2025_16_02,2020-03-01,2020-03-31,0.0,0
FAKE_DATA,25,male,10 to 17,Table_3_percentage_of_people_with_ADHD_then_have_had_meds_in_the_last_6_months01_09_2025_16_02,2020-03-01,2020-03-31,0.0,0
FAKE_DATA,45,male,25 to 34,Table_3_percentage_of_people_with_ADHD_then_have_had_meds_in_the_last_6_months01_09_2025_16_02,2020-03-01,2020-03-31,0.0,0
FAKE_DATA,365,female,35 and over,Table_3_percentage_of_people_with_ADHD_then_have_had_meds_in_the_last_6_months01_09_2025_16_02,2020-04-01,2020-04-30,0.0,0
FAKE_DATA,25,female,10 to 17,Table_3_percentage_of_people_with_ADHD_then_have_had_meds_in_the_last_6_months01_09_2025_16_02,2020-04-01,2020-04-30,0.0,0
FAKE_DATA,40,male,18 to 24,Table_3_percentage_of_people_with_ADHD_then_have_had_meds_in_the_last_6_months01_09_2025_16_02,2020-04-01,2020-04-30,0.0,0
FAKE_DATA,355,male,35 and over,Table_3_percentage_of_people_with_ADHD_then_have_had_meds_in_the_last_6_months01_09_2025_16_02,2020-04-01,2020-04-30,0.028169014084507,10
FAKE_DATA,40,female,25 to 34,Table_3_percentage_of_people_with_ADHD_then_have_had_meds_in_the_last_6_months01_09_2025_16_02,2020-04-01,2020-04-30,0.0,0
FAKE_DATA,20,female,0 to 9,Table_3_percentage_of_people_with_ADHD_then_have_had_meds_in_the_last_6_months01_09_2025_16_02,2020-04-01,2020-04-30,0.0,0
FAKE_DATA,30,female,18 to 24,Table_3_percentage_of_people_with_ADHD_then_have_had_meds_in_the_last_6_months01_09_2025_16_02,2020-04-01,2020-04-30,0.0,0
FAKE_DATA,25,male,0 to 9,Table_3_percentage_of_people_with_ADHD_then_have_had_meds_in_the_last_6_months01_09_2025_16_02,2020-04-01,2020-04-30,0.0,0
FAKE_DATA,25,male,10 to 17,Table_3_percentage_of_people_with_ADHD_then_have_had_meds_in_the_last_6_months01_09_2025_16_02,2020-04-01,2020-04-30,0.0,0
FAKE_DATA,45,male,25 to 34,Table_3_percentage_of_people_with_ADHD_then_have_had_meds_in_the_last_6_months01_09_2025_16_02,2020-04-01,2020-04-30,0.0,0
FAKE_DATA,365,female,35 and over,Table_3_percentage_of_people_with_ADHD_then_have_had_meds_in_the_last_6_months01_09_2025_16_02,2020-05-01,2020-05-31,0.0273972602739726,10
FAKE_DATA,25,female,10 to 17,Table_3_percentage_of_people_with_ADHD_then_have_had_meds_in_the_last_6_months01_09_2025_16_02,2020-05-01,2020-05-31,0.0,0
FAKE_DATA,45,male,18 to 24,Table_3_percentage_of_people_with_ADHD_then_have_had_meds_in_the_last_6_months01_09_2025_16_02,2020-05-01,2020-05-31,0.0,0
FAKE_DATA,355,male,35 and over,Table_3_percentage_of_people_with_ADHD_then_have_had_meds_in_the_last_6_months01_09_2025_16_02,2020-05-01,2020-05-31,0.0422535211267605,15
FAKE_DATA,40,female,25 to 34,Table_3_percentage_of_people_with_ADHD_then_have_had_meds_in_the_last_6_months01_09_2025_16_02,2020-05-01,2020-05-31,0.0,0
FAKE_DATA,20,female,0 to 9,Table_3_percentage_of_people_with_ADHD_then_have_had_meds_in_the_last_6_months01_09_2025_16_02,2020-05-01,2020-05-31,0.0,0
FAKE_DATA,30,female,18 to 24,Table_3_percentage_of_people_with_ADHD_then_have_had_meds_in_the_last_6_months01_09_2025_16_02,2020-05-01,2020-05-31,0.0,0
FAKE_DATA,25,male,0 to 9,Table_3_percentage_of_people_with_ADHD_then_have_had_meds_in_the_last_6_months01_09_2025_16_02,2020-05-01,2020-05-31,0.0,0
FAKE_DATA,20,male,10 to 17,Table_3_percentage_of_people_with_ADHD_then_have_had_meds_in_the_last_6_months01_09_2025_16_02,2020-05-01,2020-05-31,0.0,0
FAKE_DATA,45,male,25 to 34,Table_3_percentage_of_people_with_ADHD_then_have_had_meds_in_the_last_6_months01_09_2025_16_02,2020-05-01,2020-05-31,0.0,0
FAKE_DATA,365,female,35 and over,Table_3_percentage_of_people_with_ADHD_then_have_had_meds_in_the_last_6_months01_09_2025_16_02,2020-06-01,2020-06-30,0.0273972602739726,10
FAKE_DATA,25,female,10 to 17,Table_3_percentage_of_people_with_ADHD_then_have_had_meds_in_the_last_6_months01_09_2025_16_02,2020-06-01,2020-06-30,0.0,0
FAKE_DATA,45,male,18 to 24,Table_3_percentage_of_people_with_ADHD_then_have_had_meds_in_the_last_6_months01_09_2025_16_02,2020-06-01,2020-06-30,0.0,0
FAKE_DATA,355,male,35 and over,Table_3_percentage_of_people_with_ADHD_then_have_had_meds_in_the_last_6_months01_09_2025_16_02,2020-06-01,2020-06-30,0.0422535211267605,15
FAKE_DATA,40,female,25 to 34,Table_3_percentage_of_people_with_ADHD_then_have_had_meds_in_the_last_6_months01_09_2025_16_02,2020-06-01,2020-06-30,0.0,0
FAKE_DATA,20,female,0 to 9,Table_3_percentage_of_people_with_ADHD_then_have_had_meds_in_the_last_6_months01_09_2025_16_02,2020-06-01,2020-06-30,0.0,0
FAKE_DATA,30,female,18 to 24,Table_3_percentage_of_people_with_ADHD_then_have_had_meds_in_the_last_6_months01_09_2025_16_02,2020-06-01,2020-06-30,0.0,0
FAKE_DATA,25,male,0 to 9,Table_3_percentage_of_people_with_ADHD_then_have_had_meds_in_the_last_6_months01_09_2025_16_02,2020-06-01,2020-06-30,0.0,0
FAKE_DATA,20,male,10 to 17,Table_3_percentage_of_people_with_ADHD_then_have_had_meds_in_the_last_6_months01_09_2025_16_02,2020-06-01,2020-06-30,0.0,0
FAKE_DATA,45,male,25 to 34,Table_3_percentage_of_people_with_ADHD_then_have_had_meds_in_the_last_6_months01_09_2025_16_02,2020-06-01,2020-06-30,0.0,0
FAKE_DATA,365,female,35 and over,Table_3_percentage_of_people_with_ADHD_then_have_had_meds_in_the_last_6_months01_09_2025_16_02,2020-07-01,2020-07-31,0.0273972602739726,10
FAKE_DATA,25,female,10 to 17,Table_3_percentage_of_people_with_ADHD_then_have_had_meds_in_the_last_6_months01_09_2025_16_02,2020-07-01,2020-07-31,0.0,0
FAKE_DATA,45,male,18 to 24,Table_3_percentage_of_people_with_ADHD_then_have_had_meds_in_the_last_6_months01_09_2025_16_02,2020-07-01,2020-07-31,0.0,0
FAKE_DATA,355,male,35 and over,Table_3_percentage_of_people_with_ADHD_then_have_had_meds_in_the_last_6_months01_09_2025_16_02,2020-07-01,2020-07-31,0.028169014084507,10
FAKE_DATA,40,female,25 to 34,Table_3_percentage_of_people_with_ADHD_then_have_had_meds_in_the_last_6_months01_09_2025_16_02,2020-07-01,2020-07-31,0.0,0
FAKE_DATA,20,female,0 to 9,Table_3_percentage_of_people_with_ADHD_then_have_had_meds_in_the_last_6_months01_09_2025_16_02,2020-07-01,2020-07-31,0.0,0
FAKE_DATA,30,female,18 to 24,Table_3_percentage_of_people_with_ADHD_then_have_had_meds_in_the_last_6_months01_09_2025_16_02,2020-07-01,2020-07-31,0.0,0
FAKE_DATA,25,male,0 to 9,Table_3_percentage_of_people_with_ADHD_then_have_had_meds_in_the_last_6_months01_09_2025_16_02,2020-07-01,2020-07-31,0.0,0
FAKE_DATA,20,male,10 to 17,Table_3_percentage_of_people_with_ADHD_then_have_had_meds_in_the_last_6_months01_09_2025_16_02,2020-07-01,2020-07-31,0.0,0
FAKE_DATA,45,male,25 to 34,Table_3_percentage_of_people_with_ADHD_then_have_had_meds_in_the_last_6_months01_09_2025_16_02,2020-07-01,2020-07-31,0.0,0
FAKE_DATA,365,female,35 and over,Table_3_percentage_of_people_with_ADHD_then_have_had_meds_in_the_last_6_months01_09_2025_16_02,2020-08-01,2020-08-31,0.0273972602739726,10
FAKE_DATA,25,female,10 to 17,Table_3_percentage_of_people_with_ADHD_then_have_had_meds_in_the_last_6_months01_09_2025_16_02,2020-08-01,2020-08-31,0.0,0
FAKE_DATA,45,male,18 to 24,Table_3_percentage_of_people_with_ADHD_then_have_had_meds_in_the_last_6_months01_09_2025_16_02,2020-08-01,2020-08-31,0.0,0
FAKE_DATA,355,male,35 and over,Table_3_percentage_of_people_with_ADHD_then_have_had_meds_in_the_last_6_months01_09_2025_16_02,2020-08-01,2020-08-31,0.0422535211267605,15
FAKE_DATA,40,female,25 to 34,Table_3_percentage_of_people_with_ADHD_then_have_had_meds_in_the_last_6_months01_09_2025_16_02,2020-08-01,2020-08-31,0.0,0
FAKE_DATA,20,female,0 to 9,Table_3_percentage_of_people_with_ADHD_then_have_had_meds_in_the_last_6_months01_09_2025_16_02,2020-08-01,2020-08-31,0.0,0
FAKE_DATA,30,female,18 to 24,Table_3_percentage_of_people_with_ADHD_then_have_had_meds_in_the_last_6_months01_09_2025_16_02,2020-08-01,2020-08-31,0.0,0
FAKE_DATA,25,male,0 to 9,Table_3_percentage_of_people_with_ADHD_then_have_had_meds_in_the_last_6_months01_09_2025_16_02,2020-08-01,2020-08-31,0.0,0
FAKE_DATA,20,male,10 to 17,Table_3_percentage_of_people_with_ADHD_then_have_had_meds_in_the_last_6_months01_09_2025_16_02,2020-08-01,2020-08-31,0.0,0
FAKE_DATA,45,male,25 to 34,Table_3_percentage_of_people_with_ADHD_then_have_had_meds_in_the_last_6_months01_09_2025_16_02,2020-08-01,2020-08-31,0.0,0
FAKE_DATA,365,female,35 and over,Table_3_percentage_of_people_with_ADHD_then_have_had_meds_in_the_last_6_months01_09_2025_16_02,2020-09-01,2020-09-30,0.0273972602739726,10
FAKE_DATA,25,female,10 to 17,Table_3_percentage_of_people_with_ADHD_then_have_had_meds_in_the_last_6_months01_09_2025_16_02,2020-09-01,2020-09-30,0.0,0
FAKE_DATA,45,male,18 to 24,Table_3_percentage_of_people_with_ADHD_then_have_had_meds_in_the_last_6_months01_09_2025_16_02,2020-09-01,2020-09-30,0.0,0
FAKE_DATA,355,male,35 and over,Table_3_percentage_of_people_with_ADHD_then_have_had_meds_in_the_last_6_months01_09_2025_16_02,2020-09-01,2020-09-30,0.028169014084507,10
FAKE_DATA,45,female,25 to 34,Table_3_percentage_of_people_with_ADHD_then_have_had_meds_in_the_last_6_months01_09_2025_16_02,2020-09-01,2020-09-30,0.0,0
FAKE_DATA,20,female,0 to 9,Table_3_percentage_of_people_with_ADHD_then_have_had_meds_in_the_last_6_months01_09_2025_16_02,2020-09-01,2020-09-30,0.0,0
FAKE_DATA,30,female,18 to 24,Table_3_percentage_of_people_with_ADHD_then_have_had_meds_in_the_last_6_months01_09_2025_16_02,2020-09-01,2020-09-30,0.0,0
FAKE_DATA,25,male,0 to 9,Table_3_percentage_of_people_with_ADHD_then_have_had_meds_in_the_last_6_months01_09_2025_16_02,2020-09-01,2020-09-30,0.0,0
FAKE_DATA,25,male,10 to 17,Table_3_percentage_of_people_with_ADHD_then_have_had_meds_in_the_last_6_months01_09_2025_16_02,2020-09-01,2020-09-30,0.0,0
FAKE_DATA,45,male,25 to 34,Table_3_percentage_of_people_with_ADHD_then_have_had_meds_in_the_last_6_months01_09_2025_16_02,2020-09-01,2020-09-30,0.0,0
FAKE_DATA,370,female,35 and over,Table_3_percentage_of_people_with_ADHD_then_have_had_meds_in_the_last_6_months01_09_2025_16_02,2020-10-01,2020-10-31,0.027027027027027,10
FAKE_DATA,25,female,10 to 17,Table_3_percentage_of_people_with_ADHD_then_have_had_meds_in_the_last_6_months01_09_2025_16_02,2020-10-01,2020-10-31,0.0,0
FAKE_DATA,40,male,18 to 24,Table_3_percentage_of_people_with_ADHD_then_have_had_meds_in_the_last_6_months01_09_2025_16_02,2020-10-01,2020-10-31,0.0,0
FAKE_DATA,355,male,35 and over,Table_3_percentage_of_people_with_ADHD_then_have_had_meds_in_the_last_6_months01_09_2025_16_02,2020-10-01,2020-10-31,0.028169014084507,10
FAKE_DATA,45,female,25 to 34,Table_3_percentage_of_people_with_ADHD_then_have_had_meds_in_the_last_6_months01_09_2025_16_02,2020-10-01,2020-10-31,0.0,0
FAKE_DATA,20,female,0 to 9,Table_3_percentage_of_people_with_ADHD_then_have_had_meds_in_the_last_6_months01_09_2025_16_02,2020-10-01,2020-10-31,0.0,0
FAKE_DATA,25,female,18 to 24,Table_3_percentage_of_people_with_ADHD_then_have_had_meds_in_the_last_6_months01_09_2025_16_02,2020-10-01,2020-10-31,0.0,0
FAKE_DATA,25,male,0 to 9,Table_3_percentage_of_people_with_ADHD_then_have_had_meds_in_the_last_6_months01_09_2025_16_02,2020-10-01,2020-10-31,0.0,0
FAKE_DATA,25,male,10 to 17,Table_3_percentage_of_people_with_ADHD_then_have_had_meds_in_the_last_6_months01_09_2025_16_02,2020-10-01,2020-10-31,0.0,0
FAKE_DATA,45,male,25 to 34,Table_3_percentage_of_people_with_ADHD_then_have_had_meds_in_the_last_6_months01_09_2025_16_02,2020-10-01,2020-10-31,0.0,0
FAKE_DATA,370,female,35 and over,Table_3_percentage_of_people_with_ADHD_then_have_had_meds_in_the_last_6_months01_09_2025_16_02,2020-11-01,2020-11-30,0.027027027027027,10
FAKE_DATA,25,female,10 to 17,Table_3_percentage_of_people_with_ADHD_then_have_had_meds_in_the_last_6_months01_09_2025_16_02,2020-11-01,2020-11-30,0.0,0
FAKE_DATA,40,male,18 to 24,Table_3_percentage_of_people_with_ADHD_then_have_had_meds_in_the_last_6_months01_09_2025_16_02,2020-11-01,2020-11-30,0.0,0
FAKE_DATA,360,male,35 and over,Table_3_percentage_of_people_with_ADHD_then_have_had_meds_in_the_last_6_months01_09_2025_16_02,2020-11-01,2020-11-30,0.0277777777777777,10
FAKE_DATA,45,female,25 to 34,Table_3_percentage_of_people_with_ADHD_then_have_had_meds_in_the_last_6_months01_09_2025_16_02,2020-11-01,2020-11-30,0.0,0
FAKE_DATA,20,female,0 to 9,Table_3_percentage_of_people_with_ADHD_then_have_had_meds_in_the_last_6_months01_09_2025_16_02,2020-11-01,2020-11-30,0.0,0
FAKE_DATA,25,female,18 to 24,Table_3_percentage_of_people_with_ADHD_then_have_had_meds_in_the_last_6_months01_09_2025_16_02,2020-11-01,2020-11-30,0.0,0
FAKE_DATA,25,male,0 to 9,Table_3_percentage_of_people_with_ADHD_then_have_had_meds_in_the_last_6_months01_09_2025_16_02,2020-11-01,2020-11-30,0.0,0
FAKE_DATA,25,male,10 to 17,Table_3_percentage_of_people_with_ADHD_then_have_had_meds_in_the_last_6_months01_09_2025_16_02,2020-11-01,2020-11-30,0.0,0
FAKE_DATA,45,male,25 to 34,Table_3_percentage_of_people_with_ADHD_then_have_had_meds_in_the_last_6_months01_09_2025_16_02,2020-11-01,2020-11-30,0.0,0
FAKE_DATA,370,female,35 and over,Table_3_percentage_of_people_with_ADHD_then_have_had_meds_in_the_last_6_months01_09_2025_16_02,2020-12-01,2020-12-31,0.0,0
FAKE_DATA,25,female,10 to 17,Table_3_percentage_of_people_with_ADHD_then_have_had_meds_in_the_last_6_months01_09_2025_16_02,2020-12-01,2020-12-31,0.0,0
FAKE_DATA,40,male,18 to 24,Table_3_percentage_of_people_with_ADHD_then_have_had_meds_in_the_last_6_months01_09_2025_16_02,2020-12-01,2020-12-31,0.0,0
FAKE_DATA,360,male,35 and over,Table_3_percentage_of_people_with_ADHD_then_have_had_meds_in_the_last_6_months01_09_2025_16_02,2020-12-01,2020-12-31,0.0277777777777777,10
FAKE_DATA,45,female,25 to 34,Table_3_percentage_of_people_with_ADHD_then_have_had_meds_in_the_last_6_months01_09_2025_16_02,2020-12-01,2020-12-31,0.0,0
FAKE_DATA,20,female,0 to 9,Table_3_percentage_of_people_with_ADHD_then_have_had_meds_in_the_last_6_months01_09_2025_16_02,2020-12-01,2020-12-31,0.0,0
FAKE_DATA,25,female,18 to 24,Table_3_percentage_of_people_with_ADHD_then_have_had_meds_in_the_last_6_months01_09_2025_16_02,2020-12-01,2020-12-31,0.0,0
FAKE_DATA,25,male,0 to 9,Table_3_percentage_of_people_with_ADHD_then_have_had_meds_in_the_last_6_months01_09_2025_16_02,2020-12-01,2020-12-31,0.0,0
FAKE_DATA,25,male,10 to 17,Table_3_percentage_of_people_with_ADHD_then_have_had_meds_in_the_last_6_months01_09_2025_16_02,2020-12-01,2020-12-31,0.0,0
FAKE_DATA,45,male,25 to 34,Table_3_percentage_of_people_with_ADHD_then_have_had_meds_in_the_last_6_months01_09_2025_16_02,2020-12-01,2020-12-31,0.0,0
FAKE_DATA,370,female,35 and over,Table_3_percentage_of_people_with_ADHD_then_have_had_meds_in_the_last_6_months01_09_2025_16_02,2021-01-01,2021-01-31,0.0,0
FAKE_DATA,25,female,10 to 17,Table_3_percentage_of_people_with_ADHD_then_have_had_meds_in_the_last_6_months01_09_2025_16_02,2021-01-01,2021-01-31,0.0,0
FAKE_DATA,40,male,18 to 24,Table_3_percentage_of_people_with_ADHD_then_have_had_meds_in_the_last_6_months01_09_2025_16_02,2021-01-01,2021-01-31,0.0,0
FAKE_DATA,360,male,35 and over,Table_3_percentage_of_people_with_ADHD_then_have_had_meds_in_the_last_6_months01_09_2025_16_02,2021-01-01,2021-01-31,0.0277777777777777,10
FAKE_DATA,45,female,25 to 34,Table_3_percentage_of_people_with_ADHD_then_have_had_meds_in_the_last_6_months01_09_2025_16_02,2021-01-01,2021-01-31,0.0,0
FAKE_DATA,20,female,0 to 9,Table_3_percentage_of_people_with_ADHD_then_have_had_meds_in_the_last_6_months01_09_2025_16_02,2021-01-01,2021-01-31,0.0,0
FAKE_DATA,25,female,18 to 24,Table_3_percentage_of_people_with_ADHD_then_have_had_meds_in_the_last_6_months01_09_2025_16_02,2021-01-01,2021-01-31,0.0,0
FAKE_DATA,25,male,0 to 9,Table_3_percentage_of_people_with_ADHD_then_have_had_meds_in_the_last_6_months01_09_2025_16_02,2021-01-01,2021-01-31,0.0,0
FAKE_DATA,25,male,10 to 17,Table_3_percentage_of_people_with_ADHD_then_have_had_meds_in_the_last_6_months01_09_2025_16_02,2021-01-01,2021-01-31,0.0,0
FAKE_DATA,45,male,25 to 34,Table_3_percentage_of_people_with_ADHD_then_have_had_meds_in_the_last_6_months01_09_2025_16_02,2021-01-01,2021-01-31,0.0,0
FAKE_DATA,370,female,35 and over,Table_3_percentage_of_people_with_ADHD_then_have_had_meds_in_the_last_6_months01_09_2025_16_02,2021-02-01,2021-02-28,0.0,0
FAKE_DATA,25,female,10 to 17,Table_3_percentage_of_people_with_ADHD_then_have_had_meds_in_the_last_6_months01_09_2025_16_02,2021-02-01,2021-02-28,0.0,0
FAKE_DATA,40,male,18 to 24,Table_3_percentage_of_people_with_ADHD_then_have_had_meds_in_the_last_6_months01_09_2025_16_02,2021-02-01,2021-02-28,0.0,0
FAKE_DATA,360,male,35 and over,Table_3_percentage_of_people_with_ADHD_then_have_had_meds_in_the_last_6_months01_09_2025_16_02,2021-02-01,2021-02-28,0.0277777777777777,10
FAKE_DATA,45,female,25 to 34,Table_3_percentage_of_people_with_ADHD_then_have_had_meds_in_the_last_6_months01_09_2025_16_02,2021-02-01,2021-02-28,0.0,0
FAKE_DATA,20,female,0 to 9,Table_3_percentage_of_people_with_ADHD_then_have_had_meds_in_the_last_6_months01_09_2025_16_02,2021-02-01,2021-02-28,0.0,0
FAKE_DATA,25,female,18 to 24,Table_3_percentage_of_people_with_ADHD_then_have_had_meds_in_the_last_6_months01_09_2025_16_02,2021-02-01,2021-02-28,0.0,0
FAKE_DATA,20,male,0 to 9,Table_3_percentage_of_people_with_ADHD_then_have_had_meds_in_the_last_6_months01_09_2025_16_02,2021-02-01,2021-02-28,0.0,0
FAKE_DATA,25,male,10 to 17,Table_3_percentage_of_people_with_ADHD_then_have_had_meds_in_the_last_6_months01_09_2025_16_02,2021-02-01,2021-02-28,0.0,0
FAKE_DATA,45,male,25 to 34,Table_3_percentage_of_people_with_ADHD_then_have_had_meds_in_the_last_6_months01_09_2025_16_02,2021-02-01,2021-02-28,0.0,0
FAKE_DATA,370,female,35 and over,Table_3_percentage_of_people_with_ADHD_then_have_had_meds_in_the_last_6_months01_09_2025_16_02,2021-03-01,2021-03-31,0.0,0
FAKE_DATA,25,female,10 to 17,Table_3_percentage_of_people_with_ADHD_then_have_had_meds_in_the_last_6_months01_09_2025_16_02,2021-03-01,2021-03-31,0.0,0
FAKE_DATA,40,male,18 to 24,Table_3_percentage_of_people_with_ADHD_then_have_had_meds_in_the_last_6_months01_09_2025_16_02,2021-03-01,2021-03-31,0.0,0
FAKE_DATA,360,male,35 and over,Table_3_percentage_of_people_with_ADHD_then_have_had_meds_in_the_last_6_months01_09_2025_16_02,2021-03-01,2021-03-31,0.0277777777777777,10
FAKE_DATA,45,female,25 to 34,Table_3_percentage_of_people_with_ADHD_then_have_had_meds_in_the_last_6_months01_09_2025_16_02,2021-03-01,2021-03-31,0.0,0
FAKE_DATA,20,female,0 to 9,Table_3_percentage_of_people_with_ADHD_then_have_had_meds_in_the_last_6_months01_09_2025_16_02,2021-03-01,2021-03-31,0.0,0
FAKE_DATA,25,female,18 to 24,Table_3_percentage_of_people_with_ADHD_then_have_had_meds_in_the_last_6_months01_09_2025_16_02,2021-03-01,2021-03-31,0.0,0
FAKE_DATA,20,male,0 to 9,Table_3_percentage_of_people_with_ADHD_then_have_had_meds_in_the_last_6_months01_09_2025_16_02,2021-03-01,2021-03-31,0.0,0
FAKE_DATA,25,male,10 to 17,Table_3_percentage_of_people_with_ADHD_then_have_had_meds_in_the_last_6_months01_09_2025_16_02,2021-03-01,2021-03-31,0.0,0
FAKE_DATA,45,male,25 to 34,Table_3_percentage_of_people_with_ADHD_then_have_had_meds_in_the_last_6_months01_09_2025_16_02,2021-03-01,2021-03-31,0.0,0
FAKE_DATA,370,female,35 and over,Table_3_percentage_of_people_with_ADHD_then_have_had_meds_in_the_last_6_months01_09_2025_16_02,2021-04-01,2021-04-30,0.0,0
FAKE_DATA,30,female,10 to 17,Table_3_percentage_of_people_with_ADHD_then_have_had_meds_in_the_last_6_months01_09_2025_16_02,2021-04-01,2021-04-30,0.0,0
FAKE_DATA,40,male,18 to 24,Table_3_percentage_of_people_with_ADHD_then_have_had_meds_in_the_last_6_months01_09_2025_16_02,2021-04-01,2021-04-30,0.0,0
FAKE_DATA,360,male,35 and over,Table_3_percentage_of_people_with_ADHD_then_have_had_meds_in_the_last_6_months01_09_2025_16_02,2021-04-01,2021-04-30,0.0277777777777777,10
FAKE_DATA,45,female,25 to 34,Table_3_percentage_of_people_with_ADHD_then_have_had_meds_in_the_last_6_months01_09_2025_16_02,2021-04-01,2021-04-30,0.0,0
FAKE_DATA,20,female,0 to 9,Table_3_percentage_of_people_with_ADHD_then_have_had_meds_in_the_last_6_months01_09_2025_16_02,2021-04-01,2021-04-30,0.0,0
FAKE_DATA,25,female,18 to 24,Table_3_percentage_of_people_with_ADHD_then_have_had_meds_in_the_last_6_months01_09_2025_16_02,2021-04-01,2021-04-30,0.0,0
FAKE_DATA,20,male,0 to 9,Table_3_percentage_of_people_with_ADHD_then_have_had_meds_in_the_last_6_months01_09_2025_16_02,2021-04-01,2021-04-30,0.0,0
FAKE_DATA,25,male,10 to 17,Table_3_percentage_of_people_with_ADHD_then_have_had_meds_in_the_last_6_months01_09_2025_16_02,2021-04-01,2021-04-30,0.0,0
FAKE_DATA,45,male,25 to 34,Table_3_percentage_of_people_with_ADHD_then_have_had_meds_in_the_last_6_months01_09_2025_16_02,2021-04-01,2021-04-30,0.0,0
FAKE_DATA,370,female,35 and over,Table_3_percentage_of_people_with_ADHD_then_have_had_meds_in_the_last_6_months01_09_2025_16_02,2021-05-01,2021-05-31,0.0,0
FAKE_DATA,30,female,10 to 17,Table_3_percentage_of_people_with_ADHD_then_have_had_meds_in_the_last_6_months01_09_2025_16_02,2021-05-01,2021-05-31,0.0,0
FAKE_DATA,40,male,18 to 24,Table_3_percentage_of_people_with_ADHD_then_have_had_meds_in_the_last_6_months01_09_2025_16_02,2021-05-01,2021-05-31,0.0,0
FAKE_DATA,360,male,35 and over,Table_3_percentage_of_people_with_ADHD_then_have_had_meds_in_the_last_6_months01_09_2025_16_02,2021-05-01,2021-05-31,0.0277777777777777,10
FAKE_DATA,45,female,25 to 34,Table_3_percentage_of_people_with_ADHD_then_have_had_meds_in_the_last_6_months01_09_2025_16_02,2021-05-01,2021-05-31,0.0,0
FAKE_DATA,20,female,0 to 9,Table_3_percentage_of_people_with_ADHD_then_have_had_meds_in_the_last_6_months01_09_2025_16_02,2021-05-01,2021-05-31,0.0,0
FAKE_DATA,25,female,18 to 24,Table_3_percentage_of_people_with_ADHD_then_have_had_meds_in_the_last_6_months01_09_2025_16_02,2021-05-01,2021-05-31,0.0,0
FAKE_DATA,20,male,0 to 9,Table_3_percentage_of_people_with_ADHD_then_have_had_meds_in_the_last_6_months01_09_2025_16_02,2021-05-01,2021-05-31,0.0,0
FAKE_DATA,25,male,10 to 17,Table_3_percentage_of_people_with_ADHD_then_have_had_meds_in_the_last_6_months01_09_2025_16_02,2021-05-01,2021-05-31,0.0,0
FAKE_DATA,40,male,25 to 34,Table_3_percentage_of_people_with_ADHD_then_have_had_meds_in_the_last_6_months01_09_2025_16_02,2021-05-01,2021-05-31,0.0,0
FAKE_DATA,370,female,35 and over,Table_3_percentage_of_people_with_ADHD_then_have_had_meds_in_the_last_6_months01_09_2025_16_02,2021-06-01,2021-06-30,0.0,0
FAKE_DATA,30,female,10 to 17,Table_3_percentage_of_people_with_ADHD_then_have_had_meds_in_the_last_6_months01_09_2025_16_02,2021-06-01,2021-06-30,0.0,0
FAKE_DATA,40,male,18 to 24,Table_3_percentage_of_people_with_ADHD_then_have_had_meds_in_the_last_6_months01_09_2025_16_02,2021-06-01,2021-06-30,0.0,0
FAKE_DATA,365,male,35 and over,Table_3_percentage_of_people_with_ADHD_then_have_had_meds_in_the_last_6_months01_09_2025_16_02,2021-06-01,2021-06-30,0.0273972602739726,10
FAKE_DATA,45,female,25 to 34,Table_3_percentage_of_people_with_ADHD_then_have_had_meds_in_the_last_6_months01_09_2025_16_02,2021-06-01,2021-06-30,0.0,0
FAKE_DATA,20,female,0 to 9,Table_3_percentage_of_people_with_ADHD_then_have_had_meds_in_the_last_6_months01_09_2025_16_02,2021-06-01,2021-06-30,0.0,0
FAKE_DATA,25,female,18 to 24,Table_3_percentage_of_people_with_ADHD_then_have_had_meds_in_the_last_6_months01_09_2025_16_02,2021-06-01,2021-06-30,0.0,0
FAKE_DATA,20,male,0 to 9,Table_3_percentage_of_people_with_ADHD_then_have_had_meds_in_the_last_6_months01_09_2025_16_02,2021-06-01,2021-06-30,0.0,0
FAKE_DATA,25,male,10 to 17,Table_3_percentage_of_people_with_ADHD_then_have_had_meds_in_the_last_6_months01_09_2025_16_02,2021-06-01,2021-06-30,0.0,0
FAKE_DATA,40,male,25 to 34,Table_3_percentage_of_people_with_ADHD_then_have_had_meds_in_the_last_6_months01_09_2025_16_02,2021-06-01,2021-06-30,0.0,0
FAKE_DATA,370,female,35 and over,Table_3_percentage_of_people_with_ADHD_then_have_had_meds_in_the_last_6_months01_09_2025_16_02,2021-07-01,2021-07-31,0.0,0
FAKE_DATA,30,female,10 to 17,Table_3_percentage_of_people_with_ADHD_then_have_had_meds_in_the_last_6_months01_09_2025_16_02,2021-07-01,2021-07-31,0.0,0
FAKE_DATA,40,male,18 to 24,Table_3_percentage_of_people_with_ADHD_then_have_had_meds_in_the_last_6_months01_09_2025_16_02,2021-07-01,2021-07-31,0.0,0
FAKE_DATA,365,male,35 and over,Table_3_percentage_of_people_with_ADHD_then_have_had_meds_in_the_last_6_months01_09_2025_16_02,2021-07-01,2021-07-31,0.0273972602739726,10
FAKE_DATA,50,female,25 to 34,Table_3_percentage_of_people_with_ADHD_then_have_had_meds_in_the_last_6_months01_09_2025_16_02,2021-07-01,2021-07-31,0.0,0
FAKE_DATA,20,female,0 to 9,Table_3_percentage_of_people_with_ADHD_then_have_had_meds_in_the_last_6_months01_09_2025_16_02,2021-07-01,2021-07-31,0.0,0
FAKE_DATA,20,female,18 to 24,Table_3_percentage_of_people_with_ADHD_then_have_had_meds_in_the_last_6_months01_09_2025_16_02,2021-07-01,2021-07-31,0.0,0
FAKE_DATA,20,male,0 to 9,Table_3_percentage_of_people_with_ADHD_then_have_had_meds_in_the_last_6_months01_09_2025_16_02,2021-07-01,2021-07-31,0.0,0
FAKE_DATA,25,male,10 to 17,Table_3_percentage_of_people_with_ADHD_then_have_had_meds_in_the_last_6_months01_09_2025_16_02,2021-07-01,2021-07-31,0.0,0
FAKE_DATA,40,male,25 to 34,Table_3_percentage_of_people_with_ADHD_then_have_had_meds_in_the_last_6_months01_09_2025_16_02,2021-07-01,2021-07-31,0.0,0
FAKE_DATA,370,female,35 and over,Table_3_percentage_of_people_with_ADHD_then_have_had_meds_in_the_last_6_months01_09_2025_16_02,2021-08-01,2021-08-31,0.0,0
FAKE_DATA,30,female,10 to 17,Table_3_percentage_of_people_with_ADHD_then_have_had_meds_in_the_last_6_months01_09_2025_16_02,2021-08-01,2021-08-31,0.0,0
FAKE_DATA,35,male,18 to 24,Table_3_percentage_of_people_with_ADHD_then_have_had_meds_in_the_last_6_months01_09_2025_16_02,2021-08-01,2021-08-31,0.0,0
FAKE_DATA,365,male,35 and over,Table_3_percentage_of_people_with_ADHD_then_have_had_meds_in_the_last_6_months01_09_2025_16_02,2021-08-01,2021-08-31,0.0410958904109589,15
FAKE_DATA,50,female,25 to 34,Table_3_percentage_of_people_with_ADHD_then_have_had_meds_in_the_last_6_months01_09_2025_16_02,2021-08-01,2021-08-31,0.0,0
FAKE_DATA,20,female,0 to 9,Table_3_percentage_of_people_with_ADHD_then_have_had_meds_in_the_last_6_months01_09_2025_16_02,2021-08-01,2021-08-31,0.0,0
FAKE_DATA,20,female,18 to 24,Table_3_percentage_of_people_with_ADHD_then_have_had_meds_in_the_last_6_months01_09_2025_16_02,2021-08-01,2021-08-31,0.0,0
FAKE_DATA,20,male,0 to 9,Table_3_percentage_of_people_with_ADHD_then_have_had_meds_in_the_last_6_months01_09_2025_16_02,2021-08-01,2021-08-31,0.0,0
FAKE_DATA,25,male,10 to 17,Table_3_percentage_of_people_with_ADHD_then_have_had_meds_in_the_last_6_months01_09_2025_16_02,2021-08-01,2021-08-31,0.0,0
FAKE_DATA,40,male,25 to 34,Table_3_percentage_of_people_with_ADHD_then_have_had_meds_in_the_last_6_months01_09_2025_16_02,2021-08-01,2021-08-31,0.0,0
FAKE_DATA,370,female,35 and over,Table_3_percentage_of_people_with_ADHD_then_have_had_meds_in_the_last_6_months01_09_2025_16_02,2021-09-01,2021-09-30,0.0,0
FAKE_DATA,30,female,10 to 17,Table_3_percentage_of_people_with_ADHD_then_have_had_meds_in_the_last_6_months01_09_2025_16_02,2021-09-01,2021-09-30,0.0,0
FAKE_DATA,40,male,18 to 24,Table_3_percentage_of_people_with_ADHD_then_have_had_meds_in_the_last_6_months01_09_2025_16_02,2021-09-01,2021-09-30,0.0,0
FAKE_DATA,365,male,35 and over,Table_3_percentage_of_people_with_ADHD_then_have_had_meds_in_the_last_6_months01_09_2025_16_02,2021-09-01,2021-09-30,0.0410958904109589,15
FAKE_DATA,50,female,25 to 34,Table_3_percentage_of_people_with_ADHD_then_have_had_meds_in_the_last_6_months01_09_2025_16_02,2021-09-01,2021-09-30,0.0,0
FAKE_DATA,20,female,0 to 9,Table_3_percentage_of_people_with_ADHD_then_have_had_meds_in_the_last_6_months01_09_2025_16_02,2021-09-01,2021-09-30,0.0,0
FAKE_DATA,20,male,0 to 9,Table_3_percentage_of_people_with_ADHD_then_have_had_meds_in_the_last_6_months01_09_2025_16_02,2021-09-01,2021-09-30,0.0,0
FAKE_DATA,25,male,10 to 17,Table_3_percentage_of_people_with_ADHD_then_have_had_meds_in_the_last_6_months01_09_2025_16_02,2021-09-01,2021-09-30,0.0,0
FAKE_DATA,40,male,25 to 34,Table_3_percentage_of_people_with_ADHD_then_have_had_meds_in_the_last_6_months01_09_2025_16_02,2021-09-01,2021-09-30,0.0,0
FAKE_DATA,20,female,18 to 24,Table_3_percentage_of_people_with_ADHD_then_have_had_meds_in_the_last_6_months01_09_2025_16_02,2021-09-01,2021-09-30,0.0,0
FAKE_DATA,370,female,35 and over,Table_3_percentage_of_people_with_ADHD_then_have_had_meds_in_the_last_6_months01_09_2025_16_02,2021-10-01,2021-10-31,0.027027027027027,10
FAKE_DATA,30,female,10 to 17,Table_3_percentage_of_people_with_ADHD_then_have_had_meds_in_the_last_6_months01_09_2025_16_02,2021-10-01,2021-10-31,0.0,0
FAKE_DATA,40,male,18 to 24,Table_3_percentage_of_people_with_ADHD_then_have_had_meds_in_the_last_6_months01_09_2025_16_02,2021-10-01,2021-10-31,0.0,0
FAKE_DATA,365,male,35 and over,Table_3_percentage_of_people_with_ADHD_then_have_had_meds_in_the_last_6_months01_09_2025_16_02,2021-10-01,2021-10-31,0.0410958904109589,15
FAKE_DATA,45,female,25 to 34,Table_3_percentage_of_people_with_ADHD_then_have_had_meds_in_the_last_6_months01_09_2025_16_02,2021-10-01,2021-10-31,0.0,0
FAKE_DATA,20,female,0 to 9,Table_3_percentage_of_people_with_ADHD_then_have_had_meds_in_the_last_6_months01_09_2025_16_02,2021-10-01,2021-10-31,0.0,0
FAKE_DATA,20,male,0 to 9,Table_3_percentage_of_people_with_ADHD_then_have_had_meds_in_the_last_6_months01_09_2025_16_02,2021-10-01,2021-10-31,0.0,0
FAKE_DATA,25,male,10 to 17,Table_3_percentage_of_people_with_ADHD_then_have_had_meds_in_the_last_6_months01_09_2025_16_02,2021-10-01,2021-10-31,0.0,0
FAKE_DATA,40,male,25 to 34,Table_3_percentage_of_people_with_ADHD_then_have_had_meds_in_the_last_6_months01_09_2025_16_02,2021-10-01,2021-10-31,0.0,0
FAKE_DATA,20,female,18 to 24,Table_3_percentage_of_people_with_ADHD_then_have_had_meds_in_the_last_6_months01_09_2025_16_02,2021-10-01,2021-10-31,0.0,0
FAKE_DATA,370,female,35 and over,Table_3_percentage_of_people_with_ADHD_then_have_had_meds_in_the_last_6_months01_09_2025_16_02,2021-11-01,2021-11-30,0.027027027027027,10
FAKE_DATA,30,female,10 to 17,Table_3_percentage_of_people_with_ADHD_then_have_had_meds_in_the_last_6_months01_09_2025_16_02,2021-11-01,2021-11-30,0.0,0
FAKE_DATA,35,male,18 to 24,Table_3_percentage_of_people_with_ADHD_then_have_had_meds_in_the_last_6_months01_09_2025_16_02,2021-11-01,2021-11-30,0.0,0
FAKE_DATA,365,male,35 and over,Table_3_percentage_of_people_with_ADHD_then_have_had_meds_in_the_last_6_months01_09_2025_16_02,2021-11-01,2021-11-30,0.0273972602739726,10
FAKE_DATA,50,female,25 to 34,Table_3_percentage_of_people_with_ADHD_then_have_had_meds_in_the_last_6_months01_09_2025_16_02,2021-11-01,2021-11-30,0.0,0
FAKE_DATA,20,female,0 to 9,Table_3_percentage_of_people_with_ADHD_then_have_had_meds_in_the_last_6_months01_09_2025_16_02,2021-11-01,2021-11-30,0.0,0
FAKE_DATA,20,male,0 to 9,Table_3_percentage_of_people_with_ADHD_then_have_had_meds_in_the_last_6_months01_09_2025_16_02,2021-11-01,2021-11-30,0.0,0
FAKE_DATA,25,male,10 to 17,Table_3_percentage_of_people_with_ADHD_then_have_had_meds_in_the_last_6_months01_09_2025_16_02,2021-11-01,2021-11-30,0.0,0
FAKE_DATA,45,male,25 to 34,Table_3_percentage_of_people_with_ADHD_then_have_had_meds_in_the_last_6_months01_09_2025_16_02,2021-11-01,2021-11-30,0.0,0
FAKE_DATA,20,female,18 to 24,Table_3_percentage_of_people_with_ADHD_then_have_had_meds_in_the_last_6_months01_09_2025_16_02,2021-11-01,2021-11-30,0.0,0
FAKE_DATA,370,female,35 and over,Table_3_percentage_of_people_with_ADHD_then_have_had_meds_in_the_last_6_months01_09_2025_16_02,2021-12-01,2021-12-31,0.027027027027027,10
FAKE_DATA,30,female,10 to 17,Table_3_percentage_of_people_with_ADHD_then_have_had_meds_in_the_last_6_months01_09_2025_16_02,2021-12-01,2021-12-31,0.0,0
FAKE_DATA,35,male,18 to 24,Table_3_percentage_of_people_with_ADHD_then_have_had_meds_in_the_last_6_months01_09_2025_16_02,2021-12-01,2021-12-31,0.0,0
FAKE_DATA,365,male,35 and over,Table_3_percentage_of_people_with_ADHD_then_have_had_meds_in_the_last_6_months01_09_2025_16_02,2021-12-01,2021-12-31,0.0273972602739726,10
FAKE_DATA,50,female,25 to 34,Table_3_percentage_of_people_with_ADHD_then_have_had_meds_in_the_last_6_months01_09_2025_16_02,2021-12-01,2021-12-31,0.0,0
FAKE_DATA,20,female,0 to 9,Table_3_percentage_of_people_with_ADHD_then_have_had_meds_in_the_last_6_months01_09_2025_16_02,2021-12-01,2021-12-31,0.0,0
FAKE_DATA,20,male,0 to 9,Table_3_percentage_of_people_with_ADHD_then_have_had_meds_in_the_last_6_months01_09_2025_16_02,2021-12-01,2021-12-31,0.0,0
FAKE_DATA,25,male,10 to 17,Table_3_percentage_of_people_with_ADHD_then_have_had_meds_in_the_last_6_months01_09_2025_16_02,2021-12-01,2021-12-31,0.0,0
FAKE_DATA,45,male,25 to 34,Table_3_percentage_of_people_with_ADHD_then_have_had_meds_in_the_last_6_months01_09_2025_16_02,2021-12-01,2021-12-31,0.0,0
FAKE_DATA,20,female,18 to 24,Table_3_percentage_of_people_with_ADHD_then_have_had_meds_in_the_last_6_months01_09_2025_16_02,2021-12-01,2021-12-31,0.0,0
FAKE_DATA,365,female,35 and over,Table_3_percentage_of_people_with_ADHD_then_have_had_meds_in_the_last_6_months01_09_2025_16_02,2022-01-01,2022-01-31,0.0,0
FAKE_DATA,30,female,10 to 17,Table_3_percentage_of_people_with_ADHD_then_have_had_meds_in_the_last_6_months01_09_2025_16_02,2022-01-01,2022-01-31,0.0,0
FAKE_DATA,35,male,18 to 24,Table_3_percentage_of_people_with_ADHD_then_have_had_meds_in_the_last_6_months01_09_2025_16_02,2022-01-01,2022-01-31,0.0,0
FAKE_DATA,365,male,35 and over,Table_3_percentage_of_people_with_ADHD_then_have_had_meds_in_the_last_6_months01_09_2025_16_02,2022-01-01,2022-01-31,0.0273972602739726,10
FAKE_DATA,50,female,25 to 34,Table_3_percentage_of_people_with_ADHD_then_have_had_meds_in_the_last_6_months01_09_2025_16_02,2022-01-01,2022-01-31,0.0,0
FAKE_DATA,20,female,0 to 9,Table_3_percentage_of_people_with_ADHD_then_have_had_meds_in_the_last_6_months01_09_2025_16_02,2022-01-01,2022-01-31,0.0,0
FAKE_DATA,20,male,0 to 9,Table_3_percentage_of_people_with_ADHD_then_have_had_meds_in_the_last_6_months01_09_2025_16_02,2022-01-01,2022-01-31,0.0,0
FAKE_DATA,25,male,10 to 17,Table_3_percentage_of_people_with_ADHD_then_have_had_meds_in_the_last_6_months01_09_2025_16_02,2022-01-01,2022-01-31,0.0,0
FAKE_DATA,45,male,25 to 34,Table_3_percentage_of_people_with_ADHD_then_have_had_meds_in_the_last_6_months01_09_2025_16_02,2022-01-01,2022-01-31,0.0,0
FAKE_DATA,20,female,18 to 24,Table_3_percentage_of_people_with_ADHD_then_have_had_meds_in_the_last_6_months01_09_2025_16_02,2022-01-01,2022-01-31,0.0,0
FAKE_DATA,365,female,35 and over,Table_3_percentage_of_people_with_ADHD_then_have_had_meds_in_the_last_6_months01_09_2025_16_02,2022-02-01,2022-02-28,0.0273972602739726,10
FAKE_DATA,35,female,10 to 17,Table_3_percentage_of_people_with_ADHD_then_have_had_meds_in_the_last_6_months01_09_2025_16_02,2022-02-01,2022-02-28,0.0,0
FAKE_DATA,30,male,18 to 24,Table_3_percentage_of_people_with_ADHD_then_have_had_meds_in_the_last_6_months01_09_2025_16_02,2022-02-01,2022-02-28,0.0,0
FAKE_DATA,365,male,35 and over,Table_3_percentage_of_people_with_ADHD_then_have_had_meds_in_the_last_6_months01_09_2025_16_02,2022-02-01,2022-02-28,0.0273972602739726,10
FAKE_DATA,45,female,25 to 34,Table_3_percentage_of_people_with_ADHD_then_have_had_meds_in_the_last_6_months01_09_2025_16_02,2022-02-01,2022-02-28,0.0,0
FAKE_DATA,15,female,0 to 9,Table_3_percentage_of_people_with_ADHD_then_have_had_meds_in_the_last_6_months01_09_2025_16_02,2022-02-01,2022-02-28,0.0,0
FAKE_DATA,45,male,25 to 34,Table_3_percentage_of_people_with_ADHD_then_have_had_meds_in_the_last_6_months01_09_2025_16_02,2022-02-01,2022-02-28,0.0,0
FAKE_DATA,20,male,0 to 9,Table_3_percentage_of_people_with_ADHD_then_have_had_meds_in_the_last_6_months01_09_2025_16_02,2022-02-01,2022-02-28,0.0,0
FAKE_DATA,25,male,10 to 17,Table_3_percentage_of_people_with_ADHD_then_have_had_meds_in_the_last_6_months01_09_2025_16_02,2022-02-01,2022-02-28,0.0,0
FAKE_DATA,20,female,18 to 24,Table_3_percentage_of_people_with_ADHD_then_have_had_meds_in_the_last_6_months01_09_2025_16_02,2022-02-01,2022-02-28,0.0,0
FAKE_DATA,365,female,35 and over,Table_3_percentage_of_people_with_ADHD_then_have_had_meds_in_the_last_6_months01_09_2025_16_02,2022-03-01,2022-03-31,0.0273972602739726,10
FAKE_DATA,30,female,10 to 17,Table_3_percentage_of_people_with_ADHD_then_have_had_meds_in_the_last_6_months01_09_2025_16_02,2022-03-01,2022-03-31,0.0,0
FAKE_DATA,30,male,18 to 24,Table_3_percentage_of_people_with_ADHD_then_have_had_meds_in_the_last_6_months01_09_2025_16_02,2022-03-01,2022-03-31,0.0,0
FAKE_DATA,365,male,35 and over,Table_3_percentage_of_people_with_ADHD_then_have_had_meds_in_the_last_6_months01_09_2025_16_02,2022-03-01,2022-03-31,0.0273972602739726,10
FAKE_DATA,50,female,25 to 34,Table_3_percentage_of_people_with_ADHD_then_have_had_meds_in_the_last_6_months01_09_2025_16_02,2022-03-01,2022-03-31,0.0,0
FAKE_DATA,15,female,0 to 9,Table_3_percentage_of_people_with_ADHD_then_have_had_meds_in_the_last_6_months01_09_2025_16_02,2022-03-01,2022-03-31,0.0,0
FAKE_DATA,45,male,25 to 34,Table_3_percentage_of_people_with_ADHD_then_have_had_meds_in_the_last_6_months01_09_2025_16_02,2022-03-01,2022-03-31,0.0,0
FAKE_DATA,20,male,0 to 9,Table_3_percentage_of_people_with_ADHD_then_have_had_meds_in_the_last_6_months01_09_2025_16_02,2022-03-01,2022-03-31,0.0,0
FAKE_DATA,25,male,10 to 17,Table_3_percentage_of_people_with_ADHD_then_have_had_meds_in_the_last_6_months01_09_2025_16_02,2022-03-01,2022-03-31,0.0,0
FAKE_DATA,20,female,18 to 24,Table_3_percentage_of_people_with_ADHD_then_have_had_meds_in_the_last_6_months01_09_2025_16_02,2022-03-01,2022-03-31,0.0,0
FAKE_DATA,365,female,35 and over,Table_3_percentage_of_people_with_ADHD_then_have_had_meds_in_the_last_6_months01_09_2025_16_02,2022-04-01,2022-04-30,0.0273972602739726,10
FAKE_DATA,30,female,10 to 17,Table_3_percentage_of_people_with_ADHD_then_have_had_meds_in_the_last_6_months01_09_2025_16_02,2022-04-01,2022-04-30,0.0,0
FAKE_DATA,30,male,18 to 24,Table_3_percentage_of_people_with_ADHD_then_have_had_meds_in_the_last_6_months01_09_2025_16_02,2022-04-01,2022-04-30,0.0,0
FAKE_DATA,365,male,35 and over,Table_3_percentage_of_people_with_ADHD_then_have_had_meds_in_the_last_6_months01_09_2025_16_02,2022-04-01,2022-04-30,0.0273972602739726,10
FAKE_DATA,50,female,25 to 34,Table_3_percentage_of_people_with_ADHD_then_have_had_meds_in_the_last_6_months01_09_2025_16_02,2022-04-01,2022-04-30,0.0,0
FAKE_DATA,15,female,0 to 9,Table_3_percentage_of_people_with_ADHD_then_have_had_meds_in_the_last_6_months01_09_2025_16_02,2022-04-01,2022-04-30,0.0,0
FAKE_DATA,45,male,25 to 34,Table_3_percentage_of_people_with_ADHD_then_have_had_meds_in_the_last_6_months01_09_2025_16_02,2022-04-01,2022-04-30,0.0,0
FAKE_DATA,20,male,0 to 9,Table_3_percentage_of_people_with_ADHD_then_have_had_meds_in_the_last_6_months01_09_2025_16_02,2022-04-01,2022-04-30,0.0,0
FAKE_DATA,25,male,10 to 17,Table_3_percentage_of_people_with_ADHD_then_have_had_meds_in_the_last_6_months01_09_2025_16_02,2022-04-01,2022-04-30,0.0,0
FAKE_DATA,20,female,18 to 24,Table_3_percentage_of_people_with_ADHD_then_have_had_meds_in_the_last_6_months01_09_2025_16_02,2022-04-01,2022-04-30,0.0,0
FAKE_DATA,365,female,35 and over,Table_3_percentage_of_people_with_ADHD_then_have_had_meds_in_the_last_6_months01_09_2025_16_02,2022-05-01,2022-05-31,0.0273972602739726,10
FAKE_DATA,30,female,10 to 17,Table_3_percentage_of_people_with_ADHD_then_have_had_meds_in_the_last_6_months01_09_2025_16_02,2022-05-01,2022-05-31,0.0,0
FAKE_DATA,35,male,18 to 24,Table_3_percentage_of_people_with_ADHD_then_have_had_meds_in_the_last_6_months01_09_2025_16_02,2022-05-01,2022-05-31,0.0,0
FAKE_DATA,365,male,35 and over,Table_3_percentage_of_people_with_ADHD_then_have_had_meds_in_the_last_6_months01_09_2025_16_02,2022-05-01,2022-05-31,0.0,0
FAKE_DATA,50,female,25 to 34,Table_3_percentage_of_people_with_ADHD_then_have_had_meds_in_the_last_6_months01_09_2025_16_02,2022-05-01,2022-05-31,0.0,0
FAKE_DATA,15,female,0 to 9,Table_3_percentage_of_people_with_ADHD_then_have_had_meds_in_the_last_6_months01_09_2025_16_02,2022-05-01,2022-05-31,0.0,0
FAKE_DATA,45,male,25 to 34,Table_3_percentage_of_people_with_ADHD_then_have_had_meds_in_the_last_6_months01_09_2025_16_02,2022-05-01,2022-05-31,0.0,0
FAKE_DATA,20,male,0 to 9,Table_3_percentage_of_people_with_ADHD_then_have_had_meds_in_the_last_6_months01_09_2025_16_02,2022-05-01,2022-05-31,0.0,0
FAKE_DATA,25,male,10 to 17,Table_3_percentage_of_people_with_ADHD_then_have_had_meds_in_the_last_6_months01_09_2025_16_02,2022-05-01,2022-05-31,0.0,0
FAKE_DATA,20,female,18 to 24,Table_3_percentage_of_people_with_ADHD_then_have_had_meds_in_the_last_6_months01_09_2025_16_02,2022-05-01,2022-05-31,0.0,0
FAKE_DATA,365,female,35 and over,Table_3_percentage_of_people_with_ADHD_then_have_had_meds_in_the_last_6_months01_09_2025_16_02,2022-06-01,2022-06-30,0.0410958904109589,15
FAKE_DATA,30,female,10 to 17,Table_3_percentage_of_people_with_ADHD_then_have_had_meds_in_the_last_6_months01_09_2025_16_02,2022-06-01,2022-06-30,0.0,0
FAKE_DATA,35,male,18 to 24,Table_3_percentage_of_people_with_ADHD_then_have_had_meds_in_the_last_6_months01_09_2025_16_02,2022-06-01,2022-06-30,0.0,0
FAKE_DATA,365,male,35 and over,Table_3_percentage_of_people_with_ADHD_then_have_had_meds_in_the_last_6_months01_09_2025_16_02,2022-06-01,2022-06-30,0.0273972602739726,10
FAKE_DATA,50,female,25 to 34,Table_3_percentage_of_people_with_ADHD_then_have_had_meds_in_the_last_6_months01_09_2025_16_02,2022-06-01,2022-06-30,0.0,0
FAKE_DATA,15,female,0 to 9,Table_3_percentage_of_people_with_ADHD_then_have_had_meds_in_the_last_6_months01_09_2025_16_02,2022-06-01,2022-06-30,0.0,0
FAKE_DATA,45,male,25 to 34,Table_3_percentage_of_people_with_ADHD_then_have_had_meds_in_the_last_6_months01_09_2025_16_02,2022-06-01,2022-06-30,0.0,0
FAKE_DATA,20,male,0 to 9,Table_3_percentage_of_people_with_ADHD_then_have_had_meds_in_the_last_6_months01_09_2025_16_02,2022-06-01,2022-06-30,0.0,0
FAKE_DATA,25,male,10 to 17,Table_3_percentage_of_people_with_ADHD_then_have_had_meds_in_the_last_6_months01_09_2025_16_02,2022-06-01,2022-06-30,0.0,0
FAKE_DATA,20,female,18 to 24,Table_3_percentage_of_people_with_ADHD_then_have_had_meds_in_the_last_6_months01_09_2025_16_02,2022-06-01,2022-06-30,0.0,0
FAKE_DATA,365,female,35 and over,Table_3_percentage_of_people_with_ADHD_then_have_had_meds_in_the_last_6_months01_09_2025_16_02,2022-07-01,2022-07-31,0.0410958904109589,15
FAKE_DATA,35,female,10 to 17,Table_3_percentage_of_people_with_ADHD_then_have_had_meds_in_the_last_6_months01_09_2025_16_02,2022-07-01,2022-07-31,0.0,0
FAKE_DATA,35,male,18 to 24,Table_3_percentage_of_people_with_ADHD_then_have_had_meds_in_the_last_6_months01_09_2025_16_02,2022-07-01,2022-07-31,0.0,0
FAKE_DATA,370,male,35 and over,Table_3_percentage_of_people_with_ADHD_then_have_had_meds_in_the_last_6_months01_09_2025_16_02,2022-07-01,2022-07-31,0.027027027027027,10
FAKE_DATA,50,female,25 to 34,Table_3_percentage_of_people_with_ADHD_then_have_had_meds_in_the_last_6_months01_09_2025_16_02,2022-07-01,2022-07-31,0.0,0
FAKE_DATA,45,male,25 to 34,Table_3_percentage_of_people_with_ADHD_then_have_had_meds_in_the_last_6_months01_09_2025_16_02,2022-07-01,2022-07-31,0.0,0
FAKE_DATA,20,male,0 to 9,Table_3_percentage_of_people_with_ADHD_then_have_had_meds_in_the_last_6_months01_09_2025_16_02,2022-07-01,2022-07-31,0.0,0
FAKE_DATA,25,male,10 to 17,Table_3_percentage_of_people_with_ADHD_then_have_had_meds_in_the_last_6_months01_09_2025_16_02,2022-07-01,2022-07-31,0.0,0
FAKE_DATA,20,female,18 to 24,Table_3_percentage_of_people_with_ADHD_then_have_had_meds_in_the_last_6_months01_09_2025_16_02,2022-07-01,2022-07-31,0.0,0
FAKE_DATA,15,female,0 to 9,Table_3_percentage_of_people_with_ADHD_then_have_had_meds_in_the_last_6_months01_09_2025_16_02,2022-07-01,2022-07-31,0.0,0
FAKE_DATA,365,female,35 and over,Table_3_percentage_of_people_with_ADHD_then_have_had_meds_in_the_last_6_months01_09_2025_16_02,2022-08-01,2022-08-31,0.0410958904109589,15
FAKE_DATA,35,female,10 to 17,Table_3_percentage_of_people_with_ADHD_then_have_had_meds_in_the_last_6_months01_09_2025_16_02,2022-08-01,2022-08-31,0.0,0
FAKE_DATA,35,male,18 to 24,Table_3_percentage_of_people_with_ADHD_then_have_had_meds_in_the_last_6_months01_09_2025_16_02,2022-08-01,2022-08-31,0.0,0
FAKE_DATA,370,male,35 and over,Table_3_percentage_of_people_with_ADHD_then_have_had_meds_in_the_last_6_months01_09_2025_16_02,2022-08-01,2022-08-31,0.0,0
FAKE_DATA,50,female,25 to 34,Table_3_percentage_of_people_with_ADHD_then_have_had_meds_in_the_last_6_months01_09_2025_16_02,2022-08-01,2022-08-31,0.0,0
FAKE_DATA,45,male,25 to 34,Table_3_percentage_of_people_with_ADHD_then_have_had_meds_in_the_last_6_months01_09_2025_16_02,2022-08-01,2022-08-31,0.0,0
FAKE_DATA,20,male,0 to 9,Table_3_percentage_of_people_with_ADHD_then_have_had_meds_in_the_last_6_months01_09_2025_16_02,2022-08-01,2022-08-31,0.0,0
FAKE_DATA,25,male,10 to 17,Table_3_percentage_of_people_with_ADHD_then_have_had_meds_in_the_last_6_months01_09_2025_16_02,2022-08-01,2022-08-31,0.0,0
FAKE_DATA,20,female,18 to 24,Table_3_percentage_of_people_with_ADHD_then_have_had_meds_in_the_last_6_months01_09_2025_16_02,2022-08-01,2022-08-31,0.0,0
FAKE_DATA,15,female,0 to 9,Table_3_percentage_of_people_with_ADHD_then_have_had_meds_in_the_last_6_months01_09_2025_16_02,2022-08-01,2022-08-31,0.0,0
FAKE_DATA,370,female,35 and over,Table_3_percentage_of_people_with_ADHD_then_have_had_meds_in_the_last_6_months01_09_2025_16_02,2022-09-01,2022-09-30,0.0405405405405405,15
FAKE_DATA,35,female,10 to 17,Table_3_percentage_of_people_with_ADHD_then_have_had_meds_in_the_last_6_months01_09_2025_16_02,2022-09-01,2022-09-30,0.0,0
FAKE_DATA,30,male,18 to 24,Table_3_percentage_of_people_with_ADHD_then_have_had_meds_in_the_last_6_months01_09_2025_16_02,2022-09-01,2022-09-30,0.0,0
FAKE_DATA,370,male,35 and over,Table_3_percentage_of_people_with_ADHD_then_have_had_meds_in_the_last_6_months01_09_2025_16_02,2022-09-01,2022-09-30,0.0,0
FAKE_DATA,45,female,25 to 34,Table_3_percentage_of_people_with_ADHD_then_have_had_meds_in_the_last_6_months01_09_2025_16_02,2022-09-01,2022-09-30,0.0,0
FAKE_DATA,45,male,25 to 34,Table_3_percentage_of_people_with_ADHD_then_have_had_meds_in_the_last_6_months01_09_2025_16_02,2022-09-01,2022-09-30,0.0,0
FAKE_DATA,20,male,0 to 9,Table_3_percentage_of_people_with_ADHD_then_have_had_meds_in_the_last_6_months01_09_2025_16_02,2022-09-01,2022-09-30,0.0,0
FAKE_DATA,25,male,10 to 17,Table_3_percentage_of_people_with_ADHD_then_have_had_meds_in_the_last_6_months01_09_2025_16_02,2022-09-01,2022-09-30,0.0,0
FAKE_DATA,20,female,18 to 24,Table_3_percentage_of_people_with_ADHD_then_have_had_meds_in_the_last_6_months01_09_2025_16_02,2022-09-01,2022-09-30,0.0,0
FAKE_DATA,15,female,0 to 9,Table_3_percentage_of_people_with_ADHD_then_have_had_meds_in_the_last_6_months01_09_2025_16_02,2022-09-01,2022-09-30,0.0,0
FAKE_DATA,370,female,35 and over,Table_3_percentage_of_people_with_ADHD_then_have_had_meds_in_the_last_6_months01_09_2025_16_02,2022-10-01,2022-10-31,0.027027027027027,10
FAKE_DATA,35,female,10 to 17,Table_3_percentage_of_people_with_ADHD_then_have_had_meds_in_the_last_6_months01_09_2025_16_02,2022-10-01,2022-10-31,0.0,0
FAKE_DATA,30,male,18 to 24,Table_3_percentage_of_people_with_ADHD_then_have_had_meds_in_the_last_6_months01_09_2025_16_02,2022-10-01,2022-10-31,0.0,0
FAKE_DATA,370,male,35 and over,Table_3_percentage_of_people_with_ADHD_then_have_had_meds_in_the_last_6_months01_09_2025_16_02,2022-10-01,2022-10-31,0.027027027027027,10
FAKE_DATA,45,female,25 to 34,Table_3_percentage_of_people_with_ADHD_then_have_had_meds_in_the_last_6_months01_09_2025_16_02,2022-10-01,2022-10-31,0.0,0
FAKE_DATA,45,male,25 to 34,Table_3_percentage_of_people_with_ADHD_then_have_had_meds_in_the_last_6_months01_09_2025_16_02,2022-10-01,2022-10-31,0.0,0
FAKE_DATA,20,male,0 to 9,Table_3_percentage_of_people_with_ADHD_then_have_had_meds_in_the_last_6_months01_09_2025_16_02,2022-10-01,2022-10-31,0.0,0
FAKE_DATA,25,male,10 to 17,Table_3_percentage_of_people_with_ADHD_then_have_had_meds_in_the_last_6_months01_09_2025_16_02,2022-10-01,2022-10-31,0.0,0
FAKE_DATA,20,female,18 to 24,Table_3_percentage_of_people_with_ADHD_then_have_had_meds_in_the_last_6_months01_09_2025_16_02,2022-10-01,2022-10-31,0.0,0
FAKE_DATA,15,female,0 to 9,Table_3_percentage_of_people_with_ADHD_then_have_had_meds_in_the_last_6_months01_09_2025_16_02,2022-10-01,2022-10-31,0.0,0
FAKE_DATA,370,female,35 and over,Table_3_percentage_of_people_with_ADHD_then_have_had_meds_in_the_last_6_months01_09_2025_16_02,2022-11-01,2022-11-30,0.027027027027027,10
FAKE_DATA,35,female,10 to 17,Table_3_percentage_of_people_with_ADHD_then_have_had_meds_in_the_last_6_months01_09_2025_16_02,2022-11-01,2022-11-30,0.0,0
FAKE_DATA,30,male,18 to 24,Table_3_percentage_of_people_with_ADHD_then_have_had_meds_in_the_last_6_months01_09_2025_16_02,2022-11-01,2022-11-30,0.0,0
FAKE_DATA,370,male,35 and over,Table_3_percentage_of_people_with_ADHD_then_have_had_meds_in_the_last_6_months01_09_2025_16_02,2022-11-01,2022-11-30,0.0,0
FAKE_DATA,50,female,25 to 34,Table_3_percentage_of_people_with_ADHD_then_have_had_meds_in_the_last_6_months01_09_2025_16_02,2022-11-01,2022-11-30,0.0,0
FAKE_DATA,45,male,25 to 34,Table_3_percentage_of_people_with_ADHD_then_have_had_meds_in_the_last_6_months01_09_2025_16_02,2022-11-01,2022-11-30,0.0,0
FAKE_DATA,20,male,0 to 9,Table_3_percentage_of_people_with_ADHD_then_have_had_meds_in_the_last_6_months01_09_2025_16_02,2022-11-01,2022-11-30,0.0,0
FAKE_DATA,30,male,10 to 17,Table_3_percentage_of_people_with_ADHD_then_have_had_meds_in_the_last_6_months01_09_2025_16_02,2022-11-01,2022-11-30,0.0,0
FAKE_DATA,20,female,18 to 24,Table_3_percentage_of_people_with_ADHD_then_have_had_meds_in_the_last_6_months01_09_2025_16_02,2022-11-01,2022-11-30,0.0,0
FAKE_DATA,10,female,0 to 9,Table_3_percentage_of_people_with_ADHD_then_have_had_meds_in_the_last_6_months01_09_2025_16_02,2022-11-01,2022-11-30,0.0,0
FAKE_DATA,370,female,35 and over,Table_3_percentage_of_people_with_ADHD_then_have_had_meds_in_the_last_6_months01_09_2025_16_02,2022-12-01,2022-12-31,0.0405405405405405,15
FAKE_DATA,35,female,10 to 17,Table_3_percentage_of_people_with_ADHD_then_have_had_meds_in_the_last_6_months01_09_2025_16_02,2022-12-01,2022-12-31,0.0,0
FAKE_DATA,30,male,18 to 24,Table_3_percentage_of_people_with_ADHD_then_have_had_meds_in_the_last_6_months01_09_2025_16_02,2022-12-01,2022-12-31,0.0,0
FAKE_DATA,370,male,35 and over,Table_3_percentage_of_people_with_ADHD_then_have_had_meds_in_the_last_6_months01_09_2025_16_02,2022-12-01,2022-12-31,0.027027027027027,10
FAKE_DATA,50,female,25 to 34,Table_3_percentage_of_people_with_ADHD_then_have_had_meds_in_the_last_6_months01_09_2025_16_02,2022-12-01,2022-12-31,0.0,0
FAKE_DATA,45,male,25 to 34,Table_3_percentage_of_people_with_ADHD_then_have_had_meds_in_the_last_6_months01_09_2025_16_02,2022-12-01,2022-12-31,0.0,0
FAKE_DATA,20,male,0 to 9,Table_3_percentage_of_people_with_ADHD_then_have_had_meds_in_the_last_6_months01_09_2025_16_02,2022-12-01,2022-12-31,0.0,0
FAKE_DATA,30,male,10 to 17,Table_3_percentage_of_people_with_ADHD_then_have_had_meds_in_the_last_6_months01_09_2025_16_02,2022-12-01,2022-12-31,0.0,0
FAKE_DATA,20,female,18 to 24,Table_3_percentage_of_people_with_ADHD_then_have_had_meds_in_the_last_6_months01_09_2025_16_02,2022-12-01,2022-12-31,0.0,0
FAKE_DATA,10,female,0 to 9,Table_3_percentage_of_people_with_ADHD_then_have_had_meds_in_the_last_6_months01_09_2025_16_02,2022-12-01,2022-12-31,0.0,0
FAKE_DATA,370,female,35 and over,Table_3_percentage_of_people_with_ADHD_then_have_had_meds_in_the_last_6_months01_09_2025_16_02,2023-01-01,2023-01-31,0.0405405405405405,15
FAKE_DATA,35,female,10 to 17,Table_3_percentage_of_people_with_ADHD_then_have_had_meds_in_the_last_6_months01_09_2025_16_02,2023-01-01,2023-01-31,0.0,0
FAKE_DATA,30,male,18 to 24,Table_3_percentage_of_people_with_ADHD_then_have_had_meds_in_the_last_6_months01_09_2025_16_02,2023-01-01,2023-01-31,0.0,0
FAKE_DATA,370,male,35 and over,Table_3_percentage_of_people_with_ADHD_then_have_had_meds_in_the_last_6_months01_09_2025_16_02,2023-01-01,2023-01-31,0.027027027027027,10
FAKE_DATA,50,female,25 to 34,Table_3_percentage_of_people_with_ADHD_then_have_had_meds_in_the_last_6_months01_09_2025_16_02,2023-01-01,2023-01-31,0.0,0
FAKE_DATA,45,male,25 to 34,Table_3_percentage_of_people_with_ADHD_then_have_had_meds_in_the_last_6_months01_09_2025_16_02,2023-01-01,2023-01-31,0.0,0
FAKE_DATA,20,male,0 to 9,Table_3_percentage_of_people_with_ADHD_then_have_had_meds_in_the_last_6_months01_09_2025_16_02,2023-01-01,2023-01-31,0.0,0
FAKE_DATA,30,male,10 to 17,Table_3_percentage_of_people_with_ADHD_then_have_had_meds_in_the_last_6_months01_09_2025_16_02,2023-01-01,2023-01-31,0.0,0
FAKE_DATA,20,female,18 to 24,Table_3_percentage_of_people_with_ADHD_then_have_had_meds_in_the_last_6_months01_09_2025_16_02,2023-01-01,2023-01-31,0.0,0
FAKE_DATA,10,female,0 to 9,Table_3_percentage_of_people_with_ADHD_then_have_had_meds_in_the_last_6_months01_09_2025_16_02,2023-01-01,2023-01-31,0.0,0
FAKE_DATA,370,female,35 and over,Table_3_percentage_of_people_with_ADHD_then_have_had_meds_in_the_last_6_months01_09_2025_16_02,2023-02-01,2023-02-28,0.0405405405405405,15
FAKE_DATA,20,female,18 to 24,Table_3_percentage_of_people_with_ADHD_then_have_had_meds_in_the_last_6_months01_09_2025_16_02,2023-02-01,2023-02-28,0.0,0
FAKE_DATA,30,male,18 to 24,Table_3_percentage_of_people_with_ADHD_then_have_had_meds_in_the_last_6_months01_09_2025_16_02,2023-02-01,2023-02-28,0.0,0
FAKE_DATA,370,male,35 and over,Table_3_percentage_of_people_with_ADHD_then_have_had_meds_in_the_last_6_months01_09_2025_16_02,2023-02-01,2023-02-28,0.027027027027027,10
FAKE_DATA,50,female,25 to 34,Table_3_percentage_of_people_with_ADHD_then_have_had_meds_in_the_last_6_months01_09_2025_16_02,2023-02-01,2023-02-28,0.0,0
FAKE_DATA,35,female,10 to 17,Table_3_percentage_of_people_with_ADHD_then_have_had_meds_in_the_last_6_months01_09_2025_16_02,2023-02-01,2023-02-28,0.0,0
FAKE_DATA,45,male,25 to 34,Table_3_percentage_of_people_with_ADHD_then_have_had_meds_in_the_last_6_months01_09_2025_16_02,2023-02-01,2023-02-28,0.0,0
FAKE_DATA,20,male,0 to 9,Table_3_percentage_of_people_with_ADHD_then_have_had_meds_in_the_last_6_months01_09_2025_16_02,2023-02-01,2023-02-28,0.0,0
FAKE_DATA,30,male,10 to 17,Table_3_percentage_of_people_with_ADHD_then_have_had_meds_in_the_last_6_months01_09_2025_16_02,2023-02-01,2023-02-28,0.0,0
FAKE_DATA,10,female,0 to 9,Table_3_percentage_of_people_with_ADHD_then_have_had_meds_in_the_last_6_months01_09_2025_16_02,2023-02-01,2023-02-28,0.0,0
FAKE_DATA,370,female,35 and over,Table_3_percentage_of_people_with_ADHD_then_have_had_meds_in_the_last_6_months01_09_2025_16_02,2023-03-01,2023-03-31,0.0405405405405405,15
FAKE_DATA,25,female,18 to 24,Table_3_percentage_of_people_with_ADHD_then_have_had_meds_in_the_last_6_months01_09_2025_16_02,2023-03-01,2023-03-31,0.0,0
FAKE_DATA,30,male,18 to 24,Table_3_percentage_of_people_with_ADHD_then_have_had_meds_in_the_last_6_months01_09_2025_16_02,2023-03-01,2023-03-31,0.0,0
FAKE_DATA,370,male,35 and over,Table_3_percentage_of_people_with_ADHD_then_have_had_meds_in_the_last_6_months01_09_2025_16_02,2023-03-01,2023-03-31,0.0405405405405405,15
FAKE_DATA,45,female,25 to 34,Table_3_percentage_of_people_with_ADHD_then_have_had_meds_in_the_last_6_months01_09_2025_16_02,2023-03-01,2023-03-31,0.0,0
FAKE_DATA,30,female,10 to 17,Table_3_percentage_of_people_with_ADHD_then_have_had_meds_in_the_last_6_months01_09_2025_16_02,2023-03-01,2023-03-31,0.0,0
FAKE_DATA,45,male,25 to 34,Table_3_percentage_of_people_with_ADHD_then_have_had_meds_in_the_last_6_months01_09_2025_16_02,2023-03-01,2023-03-31,0.0,0
FAKE_DATA,20,male,0 to 9,Table_3_percentage_of_people_with_ADHD_then_have_had_meds_in_the_last_6_months01_09_2025_16_02,2023-03-01,2023-03-31,0.0,0
FAKE_DATA,30,male,10 to 17,Table_3_percentage_of_people_with_ADHD_then_have_had_meds_in_the_last_6_months01_09_2025_16_02,2023-03-01,2023-03-31,0.0,0
FAKE_DATA,10,female,0 to 9,Table_3_percentage_of_people_with_ADHD_then_have_had_meds_in_the_last_6_months01_09_2025_16_02,2023-03-01,2023-03-31,0.0,0
FAKE_DATA,370,female,35 and over,Table_3_percentage_of_people_with_ADHD_then_have_had_meds_in_the_last_6_months01_09_2025_16_02,2023-04-01,2023-04-30,0.0405405405405405,15
FAKE_DATA,25,female,18 to 24,Table_3_percentage_of_people_with_ADHD_then_have_had_meds_in_the_last_6_months01_09_2025_16_02,2023-04-01,2023-04-30,0.0,0
FAKE_DATA,30,male,18 to 24,Table_3_percentage_of_people_with_ADHD_then_have_had_meds_in_the_last_6_months01_09_2025_16_02,2023-04-01,2023-04-30,0.0,0
FAKE_DATA,370,male,35 and over,Table_3_percentage_of_people_with_ADHD_then_have_had_meds_in_the_last_6_months01_09_2025_16_02,2023-04-01,2023-04-30,0.0405405405405405,15
FAKE_DATA,45,female,25 to 34,Table_3_percentage_of_people_with_ADHD_then_have_had_meds_in_the_last_6_months01_09_2025_16_02,2023-04-01,2023-04-30,0.0,0
FAKE_DATA,30,female,10 to 17,Table_3_percentage_of_people_with_ADHD_then_have_had_meds_in_the_last_6_months01_09_2025_16_02,2023-04-01,2023-04-30,0.0,0
FAKE_DATA,45,male,25 to 34,Table_3_percentage_of_people_with_ADHD_then_have_had_meds_in_the_last_6_months01_09_2025_16_02,2023-04-01,2023-04-30,0.0,0
FAKE_DATA,20,male,0 to 9,Table_3_percentage_of_people_with_ADHD_then_have_had_meds_in_the_last_6_months01_09_2025_16_02,2023-04-01,2023-04-30,0.0,0
FAKE_DATA,30,male,10 to 17,Table_3_percentage_of_people_with_ADHD_then_have_had_meds_in_the_last_6_months01_09_2025_16_02,2023-04-01,2023-04-30,0.0,0
FAKE_DATA,10,female,0 to 9,Table_3_percentage_of_people_with_ADHD_then_have_had_meds_in_the_last_6_months01_09_2025_16_02,2023-04-01,2023-04-30,0.0,0
FAKE_DATA,370,female,35 and over,Table_3_percentage_of_people_with_ADHD_then_have_had_meds_in_the_last_6_months01_09_2025_16_02,2023-05-01,2023-05-31,0.0405405405405405,15
FAKE_DATA,25,female,18 to 24,Table_3_percentage_of_people_with_ADHD_then_have_had_meds_in_the_last_6_months01_09_2025_16_02,2023-05-01,2023-05-31,0.0,0
FAKE_DATA,30,male,18 to 24,Table_3_percentage_of_people_with_ADHD_then_have_had_meds_in_the_last_6_months01_09_2025_16_02,2023-05-01,2023-05-31,0.0,0
FAKE_DATA,370,male,35 and over,Table_3_percentage_of_people_with_ADHD_then_have_had_meds_in_the_last_6_months01_09_2025_16_02,2023-05-01,2023-05-31,0.027027027027027,10
FAKE_DATA,45,female,25 to 34,Table_3_percentage_of_people_with_ADHD_then_have_had_meds_in_the_last_6_months01_09_2025_16_02,2023-05-01,2023-05-31,0.0,0
FAKE_DATA,30,female,10 to 17,Table_3_percentage_of_people_with_ADHD_then_have_had_meds_in_the_last_6_months01_09_2025_16_02,2023-05-01,2023-05-31,0.0,0
FAKE_DATA,45,male,25 to 34,Table_3_percentage_of_people_with_ADHD_then_have_had_meds_in_the_last_6_months01_09_2025_16_02,2023-05-01,2023-05-31,0.0,0
FAKE_DATA,30,male,10 to 17,Table_3_percentage_of_people_with_ADHD_then_have_had_meds_in_the_last_6_months01_09_2025_16_02,2023-05-01,2023-05-31,0.0,0
FAKE_DATA,15,male,0 to 9,Table_3_percentage_of_people_with_ADHD_then_have_had_meds_in_the_last_6_months01_09_2025_16_02,2023-05-01,2023-05-31,0.0,0
FAKE_DATA,10,female,0 to 9,Table_3_percentage_of_people_with_ADHD_then_have_had_meds_in_the_last_6_months01_09_2025_16_02,2023-05-01,2023-05-31,0.0,0
FAKE_DATA,370,female,35 and over,Table_3_percentage_of_people_with_ADHD_then_have_had_meds_in_the_last_6_months01_09_2025_16_02,2023-06-01,2023-06-30,0.0405405405405405,15
FAKE_DATA,25,female,18 to 24,Table_3_percentage_of_people_with_ADHD_then_have_had_meds_in_the_last_6_months01_09_2025_16_02,2023-06-01,2023-06-30,0.0,0
FAKE_DATA,30,male,18 to 24,Table_3_percentage_of_people_with_ADHD_then_have_had_meds_in_the_last_6_months01_09_2025_16_02,2023-06-01,2023-06-30,0.0,0
FAKE_DATA,370,male,35 and over,Table_3_percentage_of_people_with_ADHD_then_have_had_meds_in_the_last_6_months01_09_2025_16_02,2023-06-01,2023-06-30,0.0405405405405405,15
FAKE_DATA,45,female,25 to 34,Table_3_percentage_of_people_with_ADHD_then_have_had_meds_in_the_last_6_months01_09_2025_16_02,2023-06-01,2023-06-30,0.0,0
FAKE_DATA,30,female,10 to 17,Table_3_percentage_of_people_with_ADHD_then_have_had_meds_in_the_last_6_months01_09_2025_16_02,2023-06-01,2023-06-30,0.0,0
FAKE_DATA,45,male,25 to 34,Table_3_percentage_of_people_with_ADHD_then_have_had_meds_in_the_last_6_months01_09_2025_16_02,2023-06-01,2023-06-30,0.0,0
FAKE_DATA,30,male,10 to 17,Table_3_percentage_of_people_with_ADHD_then_have_had_meds_in_the_last_6_months01_09_2025_16_02,2023-06-01,2023-06-30,0.0,0
FAKE_DATA,15,male,0 to 9,Table_3_percentage_of_people_with_ADHD_then_have_had_meds_in_the_last_6_months01_09_2025_16_02,2023-06-01,2023-06-30,0.0,0
FAKE_DATA,10,female,0 to 9,Table_3_percentage_of_people_with_ADHD_then_have_had_meds_in_the_last_6_months01_09_2025_16_02,2023-06-01,2023-06-30,0.0,0
FAKE_DATA,370,female,35 and over,Table_3_percentage_of_people_with_ADHD_then_have_had_meds_in_the_last_6_months01_09_2025_16_02,2023-07-01,2023-07-31,0.027027027027027,10
FAKE_DATA,25,female,18 to 24,Table_3_percentage_of_people_with_ADHD_then_have_had_meds_in_the_last_6_months01_09_2025_16_02,2023-07-01,2023-07-31,0.0,0
FAKE_DATA,30,male,18 to 24,Table_3_percentage_of_people_with_ADHD_then_have_had_meds_in_the_last_6_months01_09_2025_16_02,2023-07-01,2023-07-31,0.0,0
FAKE_DATA,370,male,35 and over,Table_3_percentage_of_people_with_ADHD_then_have_had_meds_in_the_last_6_months01_09_2025_16_02,2023-07-01,2023-07-31,0.0405405405405405,15
FAKE_DATA,50,female,25 to 34,Table_3_percentage_of_people_with_ADHD_then_have_had_meds_in_the_last_6_months01_09_2025_16_02,2023-07-01,2023-07-31,0.0,0
FAKE_DATA,30,female,10 to 17,Table_3_percentage_of_people_with_ADHD_then_have_had_meds_in_the_last_6_months01_09_2025_16_02,2023-07-01,2023-07-31,0.0,0
FAKE_DATA,50,male,25 to 34,Table_3_percentage_of_people_with_ADHD_then_have_had_meds_in_the_last_6_months01_09_2025_16_02,2023-07-01,2023-07-31,0.0,0
FAKE_DATA,30,male,10 to 17,Table_3_percentage_of_people_with_ADHD_then_have_had_meds_in_the_last_6_months01_09_2025_16_02,2023-07-01,2023-07-31,0.0,0
FAKE_DATA,15,male,0 to 9,Table_3_percentage_of_people_with_ADHD_then_have_had_meds_in_the_last_6_months01_09_2025_16_02,2023-07-01,2023-07-31,0.0,0
FAKE_DATA,10,female,0 to 9,Table_3_percentage_of_people_with_ADHD_then_have_had_meds_in_the_last_6_months01_09_2025_16_02,2023-07-01,2023-07-31,0.0,0
FAKE_DATA,370,female,35 and over,Table_3_percentage_of_people_with_ADHD_then_have_had_meds_in_the_last_6_months01_09_2025_16_02,2023-08-01,2023-08-31,0.027027027027027,10
FAKE_DATA,20,female,18 to 24,Table_3_percentage_of_people_with_ADHD_then_have_had_meds_in_the_last_6_months01_09_2025_16_02,2023-08-01,2023-08-31,0.0,0
FAKE_DATA,30,male,18 to 24,Table_3_percentage_of_people_with_ADHD_then_have_had_meds_in_the_last_6_months01_09_2025_16_02,2023-08-01,2023-08-31,0.0,0
FAKE_DATA,370,male,35 and over,Table_3_percentage_of_people_with_ADHD_then_have_had_meds_in_the_last_6_months01_09_2025_16_02,2023-08-01,2023-08-31,0.0405405405405405,15
FAKE_DATA,50,female,25 to 34,Table_3_percentage_of_people_with_ADHD_then_have_had_meds_in_the_last_6_months01_09_2025_16_02,2023-08-01,2023-08-31,0.0,0
FAKE_DATA,35,female,10 to 17,Table_3_percentage_of_people_with_ADHD_then_have_had_meds_in_the_last_6_months01_09_2025_16_02,2023-08-01,2023-08-31,0.0,0
FAKE_DATA,50,male,25 to 34,Table_3_percentage_of_people_with_ADHD_then_have_had_meds_in_the_last_6_months01_09_2025_16_02,2023-08-01,2023-08-31,0.0,0
FAKE_DATA,30,male,10 to 17,Table_3_percentage_of_people_with_ADHD_then_have_had_meds_in_the_last_6_months01_09_2025_16_02,2023-08-01,2023-08-31,0.0,0
FAKE_DATA,15,male,0 to 9,Table_3_percentage_of_people_with_ADHD_then_have_had_meds_in_the_last_6_months01_09_2025_16_02,2023-08-01,2023-08-31,0.0,0
FAKE_DATA,10,female,0 to 9,Table_3_percentage_of_people_with_ADHD_then_have_had_meds_in_the_last_6_months01_09_2025_16_02,2023-08-01,2023-08-31,0.0,0
FAKE_DATA,370,female,35 and over,Table_3_percentage_of_people_with_ADHD_then_have_had_meds_in_the_last_6_months01_09_2025_16_02,2023-09-01,2023-09-30,0.027027027027027,10
FAKE_DATA,25,female,18 to 24,Table_3_percentage_of_people_with_ADHD_then_have_had_meds_in_the_last_6_months01_09_2025_16_02,2023-09-01,2023-09-30,0.0,0
FAKE_DATA,30,male,18 to 24,Table_3_percentage_of_people_with_ADHD_then_have_had_meds_in_the_last_6_months01_09_2025_16_02,2023-09-01,2023-09-30,0.0,0
FAKE_DATA,370,male,35 and over,Table_3_percentage_of_people_with_ADHD_then_have_had_meds_in_the_last_6_months01_09_2025_16_02,2023-09-01,2023-09-30,0.0405405405405405,15
FAKE_DATA,50,female,25 to 34,Table_3_percentage_of_people_with_ADHD_then_have_had_meds_in_the_last_6_months01_09_2025_16_02,2023-09-01,2023-09-30,0.0,0
FAKE_DATA,35,female,10 to 17,Table_3_percentage_of_people_with_ADHD_then_have_had_meds_in_the_last_6_months01_09_2025_16_02,2023-09-01,2023-09-30,0.0,0
FAKE_DATA,50,male,25 to 34,Table_3_percentage_of_people_with_ADHD_then_have_had_meds_in_the_last_6_months01_09_2025_16_02,2023-09-01,2023-09-30,0.0,0
FAKE_DATA,30,male,10 to 17,Table_3_percentage_of_people_with_ADHD_then_have_had_meds_in_the_last_6_months01_09_2025_16_02,2023-09-01,2023-09-30,0.0,0
FAKE_DATA,15,male,0 to 9,Table_3_percentage_of_people_with_ADHD_then_have_had_meds_in_the_last_6_months01_09_2025_16_02,2023-09-01,2023-09-30,0.0,0
FAKE_DATA,0,female,0 to 9,Table_3_percentage_of_people_with_ADHD_then_have_had_meds_in_the_last_6_months01_09_2025_16_02,2023-09-01,2023-09-30,,0
FAKE_DATA,370,female,35 and over,Table_3_percentage_of_people_with_ADHD_then_have_had_meds_in_the_last_6_months01_09_2025_16_02,2023-10-01,2023-10-31,0.027027027027027,10
FAKE_DATA,25,female,18 to 24,Table_3_percentage_of_people_with_ADHD_then_have_had_meds_in_the_last_6_months01_09_2025_16_02,2023-10-01,2023-10-31,0.0,0
FAKE_DATA,35,male,18 to 24,Table_3_percentage_of_people_with_ADHD_then_have_had_meds_in_the_last_6_months01_09_2025_16_02,2023-10-01,2023-10-31,0.0,0
FAKE_DATA,370,male,35 and over,Table_3_percentage_of_people_with_ADHD_then_have_had_meds_in_the_last_6_months01_09_2025_16_02,2023-10-01,2023-10-31,0.0405405405405405,15
FAKE_DATA,50,female,25 to 34,Table_3_percentage_of_people_with_ADHD_then_have_had_meds_in_the_last_6_months01_09_2025_16_02,2023-10-01,2023-10-31,0.0,0
FAKE_DATA,35,female,10 to 17,Table_3_percentage_of_people_with_ADHD_then_have_had_meds_in_the_last_6_months01_09_2025_16_02,2023-10-01,2023-10-31,0.0,0
FAKE_DATA,50,male,25 to 34,Table_3_percentage_of_people_with_ADHD_then_have_had_meds_in_the_last_6_months01_09_2025_16_02,2023-10-01,2023-10-31,0.0,0
FAKE_DATA,30,male,10 to 17,Table_3_percentage_of_people_with_ADHD_then_have_had_meds_in_the_last_6_months01_09_2025_16_02,2023-10-01,2023-10-31,0.0,0
FAKE_DATA,15,male,0 to 9,Table_3_percentage_of_people_with_ADHD_then_have_had_meds_in_the_last_6_months01_09_2025_16_02,2023-10-01,2023-10-31,0.0,0
FAKE_DATA,0,female,0 to 9,Table_3_percentage_of_people_with_ADHD_then_have_had_meds_in_the_last_6_months01_09_2025_16_02,2023-10-01,2023-10-31,,0
FAKE_DATA,370,female,35 and over,Table_3_percentage_of_people_with_ADHD_then_have_had_meds_in_the_last_6_months01_09_2025_16_02,2023-11-01,2023-11-30,0.027027027027027,10
FAKE_DATA,25,female,18 to 24,Table_3_percentage_of_people_with_ADHD_then_have_had_meds_in_the_last_6_months01_09_2025_16_02,2023-11-01,2023-11-30,0.0,0
FAKE_DATA,35,male,18 to 24,Table_3_percentage_of_people_with_ADHD_then_have_had_meds_in_the_last_6_months01_09_2025_16_02,2023-11-01,2023-11-30,0.0,0
FAKE_DATA,370,male,35 and over,Table_3_percentage_of_people_with_ADHD_then_have_had_meds_in_the_last_6_months01_09_2025_16_02,2023-11-01,2023-11-30,0.0405405405405405,15
FAKE_DATA,45,female,25 to 34,Table_3_percentage_of_people_with_ADHD_then_have_had_meds_in_the_last_6_months01_09_2025_16_02,2023-11-01,2023-11-30,0.0,0
FAKE_DATA,35,female,10 to 17,Table_3_percentage_of_people_with_ADHD_then_have_had_meds_in_the_last_6_months01_09_2025_16_02,2023-11-01,2023-11-30,0.0,0
FAKE_DATA,50,male,25 to 34,Table_3_percentage_of_people_with_ADHD_then_have_had_meds_in_the_last_6_months01_09_2025_16_02,2023-11-01,2023-11-30,0.0,0
FAKE_DATA,30,male,10 to 17,Table_3_percentage_of_people_with_ADHD_then_have_had_meds_in_the_last_6_months01_09_2025_16_02,2023-11-01,2023-11-30,0.0,0
FAKE_DATA,15,male,0 to 9,Table_3_percentage_of_people_with_ADHD_then_have_had_meds_in_the_last_6_months01_09_2025_16_02,2023-11-01,2023-11-30,0.0,0
FAKE_DATA,0,female,0 to 9,Table_3_percentage_of_people_with_ADHD_then_have_had_meds_in_the_last_6_months01_09_2025_16_02,2023-11-01,2023-11-30,,0
FAKE_DATA,370,female,35 and over,Table_3_percentage_of_people_with_ADHD_then_have_had_meds_in_the_last_6_months01_09_2025_16_02,2023-12-01,2023-12-31,0.027027027027027,10
FAKE_DATA,25,female,18 to 24,Table_3_percentage_of_people_with_ADHD_then_have_had_meds_in_the_last_6_months01_09_2025_16_02,2023-12-01,2023-12-31,0.0,0
FAKE_DATA,30,male,18 to 24,Table_3_percentage_of_people_with_ADHD_then_have_had_meds_in_the_last_6_months01_09_2025_16_02,2023-12-01,2023-12-31,0.0,0
FAKE_DATA,370,male,35 and over,Table_3_percentage_of_people_with_ADHD_then_have_had_meds_in_the_last_6_months01_09_2025_16_02,2023-12-01,2023-12-31,0.0405405405405405,15
FAKE_DATA,45,female,25 to 34,Table_3_percentage_of_people_with_ADHD_then_have_had_meds_in_the_last_6_months01_09_2025_16_02,2023-12-01,2023-12-31,0.0,0
FAKE_DATA,35,female,10 to 17,Table_3_percentage_of_people_with_ADHD_then_have_had_meds_in_the_last_6_months01_09_2025_16_02,2023-12-01,2023-12-31,0.2857142857142857,10
FAKE_DATA,50,male,25 to 34,Table_3_percentage_of_people_with_ADHD_then_have_had_meds_in_the_last_6_months01_09_2025_16_02,2023-12-01,2023-12-31,0.0,0
FAKE_DATA,30,male,10 to 17,Table_3_percentage_of_people_with_ADHD_then_have_had_meds_in_the_last_6_months01_09_2025_16_02,2023-12-01,2023-12-31,0.0,0
FAKE_DATA,0,female,0 to 9,Table_3_percentage_of_people_with_ADHD_then_have_had_meds_in_the_last_6_months01_09_2025_16_02,2023-12-01,2023-12-31,,0
FAKE_DATA,10,male,0 to 9,Table_3_percentage_of_people_with_ADHD_then_have_had_meds_in_the_last_6_months01_09_2025_16_02,2023-12-01,2023-12-31,0.0,0
FAKE_DATA,365,female,35 and over,Table_3_percentage_of_people_with_ADHD_then_have_had_meds_in_the_last_6_months01_09_2025_16_02,2024-01-01,2024-01-31,0.0273972602739726,10
FAKE_DATA,25,female,18 to 24,Table_3_percentage_of_people_with_ADHD_then_have_had_meds_in_the_last_6_months01_09_2025_16_02,2024-01-01,2024-01-31,0.0,0
FAKE_DATA,50,male,25 to 34,Table_3_percentage_of_people_with_ADHD_then_have_had_meds_in_the_last_6_months01_09_2025_16_02,2024-01-01,2024-01-31,0.0,0
FAKE_DATA,370,male,35 and over,Table_3_percentage_of_people_with_ADHD_then_have_had_meds_in_the_last_6_months01_09_2025_16_02,2024-01-01,2024-01-31,0.0405405405405405,15
FAKE_DATA,45,female,25 to 34,Table_3_percentage_of_people_with_ADHD_then_have_had_meds_in_the_last_6_months01_09_2025_16_02,2024-01-01,2024-01-31,0.0,0
FAKE_DATA,35,female,10 to 17,Table_3_percentage_of_people_with_ADHD_then_have_had_meds_in_the_last_6_months01_09_2025_16_02,2024-01-01,2024-01-31,0.0,0
FAKE_DATA,30,male,10 to 17,Table_3_percentage_of_people_with_ADHD_then_have_had_meds_in_the_last_6_months01_09_2025_16_02,2024-01-01,2024-01-31,0.0,0
FAKE_DATA,30,male,18 to 24,Table_3_percentage_of_people_with_ADHD_then_have_had_meds_in_the_last_6_months01_09_2025_16_02,2024-01-01,2024-01-31,0.0,0
FAKE_DATA,0,female,0 to 9,Table_3_percentage_of_people_with_ADHD_then_have_had_meds_in_the_last_6_months01_09_2025_16_02,2024-01-01,2024-01-31,,0
FAKE_DATA,10,male,0 to 9,Table_3_percentage_of_people_with_ADHD_then_have_had_meds_in_the_last_6_months01_09_2025_16_02,2024-01-01,2024-01-31,0.0,0
FAKE_DATA,370,female,35 and over,Table_3_percentage_of_people_with_ADHD_then_have_had_meds_in_the_last_6_months01_09_2025_16_02,2024-02-01,2024-02-29,0.027027027027027,10
FAKE_DATA,25,female,18 to 24,Table_3_percentage_of_people_with_ADHD_then_have_had_meds_in_the_last_6_months01_09_2025_16_02,2024-02-01,2024-02-29,0.0,0
FAKE_DATA,50,male,25 to 34,Table_3_percentage_of_people_with_ADHD_then_have_had_meds_in_the_last_6_months01_09_2025_16_02,2024-02-01,2024-02-29,0.0,0
FAKE_DATA,370,male,35 and over,Table_3_percentage_of_people_with_ADHD_then_have_had_meds_in_the_last_6_months01_09_2025_16_02,2024-02-01,2024-02-29,0.0405405405405405,15
FAKE_DATA,45,female,25 to 34,Table_3_percentage_of_people_with_ADHD_then_have_had_meds_in_the_last_6_months01_09_2025_16_02,2024-02-01,2024-02-29,0.0,0
FAKE_DATA,35,female,10 to 17,Table_3_percentage_of_people_with_ADHD_then_have_had_meds_in_the_last_6_months01_09_2025_16_02,2024-02-01,2024-02-29,0.0,0
FAKE_DATA,30,male,10 to 17,Table_3_percentage_of_people_with_ADHD_then_have_had_meds_in_the_last_6_months01_09_2025_16_02,2024-02-01,2024-02-29,0.0,0
FAKE_DATA,30,male,18 to 24,Table_3_percentage_of_people_with_ADHD_then_have_had_meds_in_the_last_6_months01_09_2025_16_02,2024-02-01,2024-02-29,0.0,0
FAKE_DATA,0,female,0 to 9,Table_3_percentage_of_people_with_ADHD_then_have_had_meds_in_the_last_6_months01_09_2025_16_02,2024-02-01,2024-02-29,,0
FAKE_DATA,10,male,0 to 9,Table_3_percentage_of_people_with_ADHD_then_have_had_meds_in_the_last_6_months01_09_2025_16_02,2024-02-01,2024-02-29,0.0,0
FAKE_DATA,370,female,35 and over,Table_3_percentage_of_people_with_ADHD_then_have_had_meds_in_the_last_6_months01_09_2025_16_02,2024-03-01,2024-03-31,0.0,0
FAKE_DATA,25,female,18 to 24,Table_3_percentage_of_people_with_ADHD_then_have_had_meds_in_the_last_6_months01_09_2025_16_02,2024-03-01,2024-03-31,0.0,0
FAKE_DATA,50,male,25 to 34,Table_3_percentage_of_people_with_ADHD_then_have_had_meds_in_the_last_6_months01_09_2025_16_02,2024-03-01,2024-03-31,0.0,0
FAKE_DATA,370,male,35 and over,Table_3_percentage_of_people_with_ADHD_then_have_had_meds_in_the_last_6_months01_09_2025_16_02,2024-03-01,2024-03-31,0.0405405405405405,15
FAKE_DATA,45,female,25 to 34,Table_3_percentage_of_people_with_ADHD_then_have_had_meds_in_the_last_6_months01_09_2025_16_02,2024-03-01,2024-03-31,0.0,0
FAKE_DATA,35,female,10 to 17,Table_3_percentage_of_people_with_ADHD_then_have_had_meds_in_the_last_6_months01_09_2025_16_02,2024-03-01,2024-03-31,0.0,0
FAKE_DATA,30,male,10 to 17,Table_3_percentage_of_people_with_ADHD_then_have_had_meds_in_the_last_6_months01_09_2025_16_02,2024-03-01,2024-03-31,0.0,0
FAKE_DATA,30,male,18 to 24,Table_3_percentage_of_people_with_ADHD_then_have_had_meds_in_the_last_6_months01_09_2025_16_02,2024-03-01,2024-03-31,0.0,0
FAKE_DATA,0,female,0 to 9,Table_3_percentage_of_people_with_ADHD_then_have_had_meds_in_the_last_6_months01_09_2025_16_02,2024-03-01,2024-03-31,,0
FAKE_DATA,10,male,0 to 9,Table_3_percentage_of_people_with_ADHD_then_have_had_meds_in_the_last_6_months01_09_2025_16_02,2024-03-01,2024-03-31,0.0,0
FAKE_DATA,365,female,35 and over,Table_3_percentage_of_people_with_ADHD_then_have_had_meds_in_the_last_6_months01_09_2025_16_02,2024-04-01,2024-04-30,0.0,0
FAKE_DATA,25,female,18 to 24,Table_3_percentage_of_people_with_ADHD_then_have_had_meds_in_the_last_6_months01_09_2025_16_02,2024-04-01,2024-04-30,0.0,0
FAKE_DATA,50,male,25 to 34,Table_3_percentage_of_people_with_ADHD_then_have_had_meds_in_the_last_6_months01_09_2025_16_02,2024-04-01,2024-04-30,0.0,0
FAKE_DATA,370,male,35 and over,Table_3_percentage_of_people_with_ADHD_then_have_had_meds_in_the_last_6_months01_09_2025_16_02,2024-04-01,2024-04-30,0.054054054054054,20
FAKE_DATA,45,female,25 to 34,Table_3_percentage_of_people_with_ADHD_then_have_had_meds_in_the_last_6_months01_09_2025_16_02,2024-04-01,2024-04-30,0.0,0
FAKE_DATA,35,female,10 to 17,Table_3_percentage_of_people_with_ADHD_then_have_had_meds_in_the_last_6_months01_09_2025_16_02,2024-04-01,2024-04-30,0.0,0
FAKE_DATA,30,male,10 to 17,Table_3_percentage_of_people_with_ADHD_then_have_had_meds_in_the_last_6_months01_09_2025_16_02,2024-04-01,2024-04-30,0.0,0
FAKE_DATA,30,male,18 to 24,Table_3_percentage_of_people_with_ADHD_then_have_had_meds_in_the_last_6_months01_09_2025_16_02,2024-04-01,2024-04-30,0.0,0
FAKE_DATA,0,female,0 to 9,Table_3_percentage_of_people_with_ADHD_then_have_had_meds_in_the_last_6_months01_09_2025_16_02,2024-04-01,2024-04-30,,0
FAKE_DATA,10,male,0 to 9,Table_3_percentage_of_people_with_ADHD_then_have_had_meds_in_the_last_6_months01_09_2025_16_02,2024-04-01,2024-04-30,0.0,0
FAKE_DATA,365,female,35 and over,Table_3_percentage_of_people_with_ADHD_then_have_had_meds_in_the_last_6_months01_09_2025_16_02,2024-05-01,2024-05-31,0.0273972602739726,10
FAKE_DATA,25,female,18 to 24,Table_3_percentage_of_people_with_ADHD_then_have_had_meds_in_the_last_6_months01_09_2025_16_02,2024-05-01,2024-05-31,0.0,0
FAKE_DATA,50,male,25 to 34,Table_3_percentage_of_people_with_ADHD_then_have_had_meds_in_the_last_6_months01_09_2025_16_02,2024-05-01,2024-05-31,0.0,0
FAKE_DATA,370,male,35 and over,Table_3_percentage_of_people_with_ADHD_then_have_had_meds_in_the_last_6_months01_09_2025_16_02,2024-05-01,2024-05-31,0.054054054054054,20
FAKE_DATA,50,female,25 to 34,Table_3_percentage_of_people_with_ADHD_then_have_had_meds_in_the_last_6_months01_09_2025_16_02,2024-05-01,2024-05-31,0.0,0
FAKE_DATA,35,female,10 to 17,Table_3_percentage_of_people_with_ADHD_then_have_had_meds_in_the_last_6_months01_09_2025_16_02,2024-05-01,2024-05-31,0.0,0
FAKE_DATA,30,male,10 to 17,Table_3_percentage_of_people_with_ADHD_then_have_had_meds_in_the_last_6_months01_09_2025_16_02,2024-05-01,2024-05-31,0.0,0
FAKE_DATA,30,male,18 to 24,Table_3_percentage_of_people_with_ADHD_then_have_had_meds_in_the_last_6_months01_09_2025_16_02,2024-05-01,2024-05-31,0.0,0
FAKE_DATA,0,female,0 to 9,Table_3_percentage_of_people_with_ADHD_then_have_had_meds_in_the_last_6_months01_09_2025_16_02,2024-05-01,2024-05-31,,0
FAKE_DATA,10,male,0 to 9,Table_3_percentage_of_people_with_ADHD_then_have_had_meds_in_the_last_6_months01_09_2025_16_02,2024-05-01,2024-05-31,0.0,0
FAKE_DATA,365,female,35 and over,Table_3_percentage_of_people_with_ADHD_then_have_had_meds_in_the_last_6_months01_09_2025_16_02,2024-06-01,2024-06-30,0.0,0
FAKE_DATA,25,female,18 to 24,Table_3_percentage_of_people_with_ADHD_then_have_had_meds_in_the_last_6_months01_09_2025_16_02,2024-06-01,2024-06-30,0.0,0
FAKE_DATA,50,male,25 to 34,Table_3_percentage_of_people_with_ADHD_then_have_had_meds_in_the_last_6_months01_09_2025_16_02,2024-06-01,2024-06-30,0.0,0
FAKE_DATA,370,male,35 and over,Table_3_percentage_of_people_with_ADHD_then_have_had_meds_in_the_last_6_months01_09_2025_16_02,2024-06-01,2024-06-30,0.054054054054054,20
FAKE_DATA,50,female,25 to 34,Table_3_percentage_of_people_with_ADHD_then_have_had_meds_in_the_last_6_months01_09_2025_16_02,2024-06-01,2024-06-30,0.0,0
FAKE_DATA,35,female,10 to 17,Table_3_percentage_of_people_with_ADHD_then_have_had_meds_in_the_last_6_months01_09_2025_16_02,2024-06-01,2024-06-30,0.0,0
FAKE_DATA,30,male,10 to 17,Table_3_percentage_of_people_with_ADHD_then_have_had_meds_in_the_last_6_months01_09_2025_16_02,2024-06-01,2024-06-30,0.0,0
FAKE_DATA,30,male,18 to 24,Table_3_percentage_of_people_with_ADHD_then_have_had_meds_in_the_last_6_months01_09_2025_16_02,2024-06-01,2024-06-30,0.0,0
FAKE_DATA,0,female,0 to 9,Table_3_percentage_of_people_with_ADHD_then_have_had_meds_in_the_last_6_months01_09_2025_16_02,2024-06-01,2024-06-30,,0
FAKE_DATA,10,male,0 to 9,Table_3_percentage_of_people_with_ADHD_then_have_had_meds_in_the_last_6_months01_09_2025_16_02,2024-06-01,2024-06-30,0.0,0
FAKE_DATA,365,female,35 and over,Table_3_percentage_of_people_with_ADHD_then_have_had_meds_in_the_last_6_months01_09_2025_16_02,2024-07-01,2024-07-31,0.0,0
FAKE_DATA,20,female,18 to 24,Table_3_percentage_of_people_with_ADHD_then_have_had_meds_in_the_last_6_months01_09_2025_16_02,2024-07-01,2024-07-31,0.0,0
FAKE_DATA,55,male,25 to 34,Table_3_percentage_of_people_with_ADHD_then_have_had_meds_in_the_last_6_months01_09_2025_16_02,2024-07-01,2024-07-31,0.0,0
FAKE_DATA,375,male,35 and over,Table_3_percentage_of_people_with_ADHD_then_have_had_meds_in_the_last_6_months01_09_2025_16_02,2024-07-01,2024-07-31,0.0533333333333333,20
FAKE_DATA,50,female,25 to 34,Table_3_percentage_of_people_with_ADHD_then_have_had_meds_in_the_last_6_months01_09_2025_16_02,2024-07-01,2024-07-31,0.0,0
FAKE_DATA,35,female,10 to 17,Table_3_percentage_of_people_with_ADHD_then_have_had_meds_in_the_last_6_months01_09_2025_16_02,2024-07-01,2024-07-31,0.0,0
FAKE_DATA,30,male,10 to 17,Table_3_percentage_of_people_with_ADHD_then_have_had_meds_in_the_last_6_months01_09_2025_16_02,2024-07-01,2024-07-31,0.0,0
FAKE_DATA,30,male,18 to 24,Table_3_percentage_of_people_with_ADHD_then_have_had_meds_in_the_last_6_months01_09_2025_16_02,2024-07-01,2024-07-31,0.0,0
FAKE_DATA,0,female,0 to 9,Table_3_percentage_of_people_with_ADHD_then_have_had_meds_in_the_last_6_months01_09_2025_16_02,2024-07-01,2024-07-31,,0
FAKE_DATA,10,male,0 to 9,Table_3_percentage_of_people_with_ADHD_then_have_had_meds_in_the_last_6_months01_09_2025_16_02,2024-07-01,2024-07-31,0.0,0
FAKE_DATA,365,female,35 and over,Table_3_percentage_of_people_with_ADHD_then_have_had_meds_in_the_last_6_months01_09_2025_16_02,2024-08-01,2024-08-31,0.0273972602739726,10
FAKE_DATA,20,female,18 to 24,Table_3_percentage_of_people_with_ADHD_then_have_had_meds_in_the_last_6_months01_09_2025_16_02,2024-08-01,2024-08-31,0.0,0
FAKE_DATA,55,male,25 to 34,Table_3_percentage_of_people_with_ADHD_then_have_had_meds_in_the_last_6_months01_09_2025_16_02,2024-08-01,2024-08-31,0.0,0
FAKE_DATA,375,male,35 and over,Table_3_percentage_of_people_with_ADHD_then_have_had_meds_in_the_last_6_months01_09_2025_16_02,2024-08-01,2024-08-31,0.0533333333333333,20
FAKE_DATA,50,female,25 to 34,Table_3_percentage_of_people_with_ADHD_then_have_had_meds_in_the_last_6_months01_09_2025_16_02,2024-08-01,2024-08-31,0.0,0
FAKE_DATA,35,female,10 to 17,Table_3_percentage_of_people_with_ADHD_then_have_had_meds_in_the_last_6_months01_09_2025_16_02,2024-08-01,2024-08-31,0.0,0
FAKE_DATA,30,male,10 to 17,Table_3_percentage_of_people_with_ADHD_then_have_had_meds_in_the_last_6_months01_09_2025_16_02,2024-08-01,2024-08-31,0.0,0
FAKE_DATA,30,male,18 to 24,Table_3_percentage_of_people_with_ADHD_then_have_had_meds_in_the_last_6_months01_09_2025_16_02,2024-08-01,2024-08-31,0.0,0
FAKE_DATA,0,female,0 to 9,Table_3_percentage_of_people_with_ADHD_then_have_had_meds_in_the_last_6_months01_09_2025_16_02,2024-08-01,2024-08-31,,0
FAKE_DATA,10,male,0 to 9,Table_3_percentage_of_people_with_ADHD_then_have_had_meds_in_the_last_6_months01_09_2025_16_02,2024-08-01,2024-08-31,0.0,0
FAKE_DATA,365,female,35 and over,Table_3_percentage_of_people_with_ADHD_then_have_had_meds_in_the_last_6_months01_09_2025_16_02,2024-09-01,2024-09-30,0.0273972602739726,10
FAKE_DATA,20,female,18 to 24,Table_3_percentage_of_people_with_ADHD_then_have_had_meds_in_the_last_6_months01_09_2025_16_02,2024-09-01,2024-09-30,0.0,0
FAKE_DATA,55,male,25 to 34,Table_3_percentage_of_people_with_ADHD_then_have_had_meds_in_the_last_6_months01_09_2025_16_02,2024-09-01,2024-09-30,0.0,0
FAKE_DATA,375,male,35 and over,Table_3_percentage_of_people_with_ADHD_then_have_had_meds_in_the_last_6_months01_09_2025_16_02,2024-09-01,2024-09-30,0.04,15
FAKE_DATA,50,female,25 to 34,Table_3_percentage_of_people_with_ADHD_then_have_had_meds_in_the_last_6_months01_09_2025_16_02,2024-09-01,2024-09-30,0.0,0
FAKE_DATA,35,female,10 to 17,Table_3_percentage_of_people_with_ADHD_then_have_had_meds_in_the_last_6_months01_09_2025_16_02,2024-09-01,2024-09-30,0.0,0
FAKE_DATA,35,male,10 to 17,Table_3_percentage_of_people_with_ADHD_then_have_had_meds_in_the_last_6_months01_09_2025_16_02,2024-09-01,2024-09-30,0.0,0
FAKE_DATA,25,male,18 to 24,Table_3_percentage_of_people_with_ADHD_then_have_had_meds_in_the_last_6_months01_09_2025_16_02,2024-09-01,2024-09-30,0.0,0
FAKE_DATA,0,female,0 to 9,Table_3_percentage_of_people_with_ADHD_then_have_had_meds_in_the_last_6_months01_09_2025_16_02,2024-09-01,2024-09-30,,0
FAKE_DATA,10,male,0 to 9,Table_3_percentage_of_people_with_ADHD_then_have_had_meds_in_the_last_6_months01_09_2025_16_02,2024-09-01,2024-09-30,0.0,0
FAKE_DATA,365,female,35 and over,Table_3_percentage_of_people_with_ADHD_then_have_had_meds_in_the_last_6_months01_09_2025_16_02,2024-10-01,2024-10-31,0.0273972602739726,10
FAKE_DATA,20,female,18 to 24,Table_3_percentage_of_people_with_ADHD_then_have_had_meds_in_the_last_6_months01_09_2025_16_02,2024-10-01,2024-10-31,0.0,0
FAKE_DATA,50,male,25 to 34,Table_3_percentage_of_people_with_ADHD_then_have_had_meds_in_the_last_6_months01_09_2025_16_02,2024-10-01,2024-10-31,0.0,0
FAKE_DATA,375,male,35 and over,Table_3_percentage_of_people_with_ADHD_then_have_had_meds_in_the_last_6_months01_09_2025_16_02,2024-10-01,2024-10-31,0.0533333333333333,20
FAKE_DATA,50,female,25 to 34,Table_3_percentage_of_people_with_ADHD_then_have_had_meds_in_the_last_6_months01_09_2025_16_02,2024-10-01,2024-10-31,0.0,0
FAKE_DATA,35,female,10 to 17,Table_3_percentage_of_people_with_ADHD_then_have_had_meds_in_the_last_6_months01_09_2025_16_02,2024-10-01,2024-10-31,0.0,0
FAKE_DATA,35,male,10 to 17,Table_3_percentage_of_people_with_ADHD_then_have_had_meds_in_the_last_6_months01_09_2025_16_02,2024-10-01,2024-10-31,0.0,0
FAKE_DATA,25,male,18 to 24,Table_3_percentage_of_people_with_ADHD_then_have_had_meds_in_the_last_6_months01_09_2025_16_02,2024-10-01,2024-10-31,0.0,0
FAKE_DATA,0,female,0 to 9,Table_3_percentage_of_people_with_ADHD_then_have_had_meds_in_the_last_6_months01_09_2025_16_02,2024-10-01,2024-10-31,,0
FAKE_DATA,10,male,0 to 9,Table_3_percentage_of_people_with_ADHD_then_have_had_meds_in_the_last_6_months01_09_2025_16_02,2024-10-01,2024-10-31,0.0,0
FAKE_DATA,365,female,35 and over,Table_3_percentage_of_people_with_ADHD_then_have_had_meds_in_the_last_6_months01_09_2025_16_02,2024-11-01,2024-11-30,0.0273972602739726,10
FAKE_DATA,20,female,18 to 24,Table_3_percentage_of_people_with_ADHD_then_have_had_meds_in_the_last_6_months01_09_2025_16_02,2024-11-01,2024-11-30,0.0,0
FAKE_DATA,55,male,25 to 34,Table_3_percentage_of_people_with_ADHD_then_have_had_meds_in_the_last_6_months01_09_2025_16_02,2024-11-01,2024-11-30,0.0,0
FAKE_DATA,375,male,35 and over,Table_3_percentage_of_people_with_ADHD_then_have_had_meds_in_the_last_6_months01_09_2025_16_02,2024-11-01,2024-11-30,0.04,15
FAKE_DATA,45,female,25 to 34,Table_3_percentage_of_people_with_ADHD_then_have_had_meds_in_the_last_6_months01_09_2025_16_02,2024-11-01,2024-11-30,0.0,0
FAKE_DATA,35,female,10 to 17,Table_3_percentage_of_people_with_ADHD_then_have_had_meds_in_the_last_6_months01_09_2025_16_02,2024-11-01,2024-11-30,0.0,0
FAKE_DATA,35,male,10 to 17,Table_3_percentage_of_people_with_ADHD_then_have_had_meds_in_the_last_6_months01_09_2025_16_02,2024-11-01,2024-11-30,0.0,0
FAKE_DATA,25,male,18 to 24,Table_3_percentage_of_people_with_ADHD_then_have_had_meds_in_the_last_6_months01_09_2025_16_02,2024-11-01,2024-11-30,0.0,0
FAKE_DATA,0,female,0 to 9,Table_3_percentage_of_people_with_ADHD_then_have_had_meds_in_the_last_6_months01_09_2025_16_02,2024-11-01,2024-11-30,,0
FAKE_DATA,10,male,0 to 9,Table_3_percentage_of_people_with_ADHD_then_have_had_meds_in_the_last_6_months01_09_2025_16_02,2024-11-01,2024-11-30,0.0,0
FAKE_DATA,365,female,35 and over,Table_3_percentage_of_people_with_ADHD_then_have_had_meds_in_the_last_6_months01_09_2025_16_02,2024-12-01,2024-12-31,0.0273972602739726,10
FAKE_DATA,20,female,18 to 24,Table_3_percentage_of_people_with_ADHD_then_have_had_meds_in_the_last_6_months01_09_2025_16_02,2024-12-01,2024-12-31,0.0,0
FAKE_DATA,55,male,25 to 34,Table_3_percentage_of_people_with_ADHD_then_have_had_meds_in_the_last_6_months01_09_2025_16_02,2024-12-01,2024-12-31,0.0,0
FAKE_DATA,375,male,35 and over,Table_3_percentage_of_people_with_ADHD_then_have_had_meds_in_the_last_6_months01_09_2025_16_02,2024-12-01,2024-12-31,0.04,15
FAKE_DATA,45,female,25 to 34,Table_3_percentage_of_people_with_ADHD_then_have_had_meds_in_the_last_6_months01_09_2025_16_02,2024-12-01,2024-12-31,0.0,0
FAKE_DATA,35,female,10 to 17,Table_3_percentage_of_people_with_ADHD_then_have_had_meds_in_the_last_6_months01_09_2025_16_02,2024-12-01,2024-12-31,0.0,0
FAKE_DATA,35,male,10 to 17,Table_3_percentage_of_people_with_ADHD_then_have_had_meds_in_the_last_6_months01_09_2025_16_02,2024-12-01,2024-12-31,0.0,0
FAKE_DATA,25,male,18 to 24,Table_3_percentage_of_people_with_ADHD_then_have_had_meds_in_the_last_6_months01_09_2025_16_02,2024-12-01,2024-12-31,0.0,0
FAKE_DATA,0,female,0 to 9,Table_3_percentage_of_people_with_ADHD_then_have_had_meds_in_the_last_6_months01_09_2025_16_02,2024-12-01,2024-12-31,,0
FAKE_DATA,10,male,0 to 9,Table_3_percentage_of_people_with_ADHD_then_have_had_meds_in_the_last_6_months01_09_2025_16_02,2024-12-01,2024-12-31,0.0,0
FAKE_DATA,365,female,35 and over,Table_3_percentage_of_people_with_ADHD_then_have_had_meds_in_the_last_6_months01_09_2025_16_02,2025-01-01,2025-01-31,0.0410958904109589,15
FAKE_DATA,25,female,18 to 24,Table_3_percentage_of_people_with_ADHD_then_have_had_meds_in_the_last_6_months01_09_2025_16_02,2025-01-01,2025-01-31,0.0,0
FAKE_DATA,55,male,25 to 34,Table_3_percentage_of_people_with_ADHD_then_have_had_meds_in_the_last_6_months01_09_2025_16_02,2025-01-01,2025-01-31,0.0,0
FAKE_DATA,375,male,35 and over,Table_3_percentage_of_people_with_ADHD_then_have_had_meds_in_the_last_6_months01_09_2025_16_02,2025-01-01,2025-01-31,0.0533333333333333,20
FAKE_DATA,45,female,25 to 34,Table_3_percentage_of_people_with_ADHD_then_have_had_meds_in_the_last_6_months01_09_2025_16_02,2025-01-01,2025-01-31,0.0,0
FAKE_DATA,35,female,10 to 17,Table_3_percentage_of_people_with_ADHD_then_have_had_meds_in_the_last_6_months01_09_2025_16_02,2025-01-01,2025-01-31,0.0,0
FAKE_DATA,35,male,10 to 17,Table_3_percentage_of_people_with_ADHD_then_have_had_meds_in_the_last_6_months01_09_2025_16_02,2025-01-01,2025-01-31,0.0,0
FAKE_DATA,25,male,18 to 24,Table_3_percentage_of_people_with_ADHD_then_have_had_meds_in_the_last_6_months01_09_2025_16_02,2025-01-01,2025-01-31,0.0,0
FAKE_DATA,0,female,0 to 9,Table_3_percentage_of_people_with_ADHD_then_have_had_meds_in_the_last_6_months01_09_2025_16_02,2025-01-01,2025-01-31,,0
FAKE_DATA,10,male,0 to 9,Table_3_percentage_of_people_with_ADHD_then_have_had_meds_in_the_last_6_months01_09_2025_16_02,2025-01-01,2025-01-31,0.0,0
FAKE_DATA,365,female,35 and over,Table_3_percentage_of_people_with_ADHD_then_have_had_meds_in_the_last_6_months01_09_2025_16_02,2025-02-01,2025-02-28,0.0273972602739726,10
FAKE_DATA,25,female,18 to 24,Table_3_percentage_of_people_with_ADHD_then_have_had_meds_in_the_last_6_months01_09_2025_16_02,2025-02-01,2025-02-28,0.0,0
FAKE_DATA,55,male,25 to 34,Table_3_percentage_of_people_with_ADHD_then_have_had_meds_in_the_last_6_months01_09_2025_16_02,2025-02-01,2025-02-28,0.0,0
FAKE_DATA,375,male,35 and over,Table_3_percentage_of_people_with_ADHD_then_have_had_meds_in_the_last_6_months01_09_2025_16_02,2025-02-01,2025-02-28,0.0533333333333333,20
FAKE_DATA,45,female,25 to 34,Table_3_percentage_of_people_with_ADHD_then_have_had_meds_in_the_last_6_months01_09_2025_16_02,2025-02-01,2025-02-28,0.0,0
FAKE_DATA,35,female,10 to 17,Table_3_percentage_of_people_with_ADHD_then_have_had_meds_in_the_last_6_months01_09_2025_16_02,2025-02-01,2025-02-28,0.0,0
FAKE_DATA,35,male,10 to 17,Table_3_percentage_of_people_with_ADHD_then_have_had_meds_in_the_last_6_months01_09_2025_16_02,2025-02-01,2025-02-28,0.0,0
FAKE_DATA,25,male,18 to 24,Table_3_percentage_of_people_with_ADHD_then_have_had_meds_in_the_last_6_months01_09_2025_16_02,2025-02-01,2025-02-28,0.0,0
FAKE_DATA,0,female,0 to 9,Table_3_percentage_of_people_with_ADHD_then_have_had_meds_in_the_last_6_months01_09_2025_16_02,2025-02-01,2025-02-28,,0
FAKE_DATA,10,male,0 to 9,Table_3_percentage_of_people_with_ADHD_then_have_had_meds_in_the_last_6_months01_09_2025_16_02,2025-02-01,2025-02-28,0.0,0
FAKE_DATA,365,female,35 and over,Table_3_percentage_of_people_with_ADHD_then_have_had_meds_in_the_last_6_months01_09_2025_16_02,2025-03-01,2025-03-31,0.0273972602739726,10
FAKE_DATA,25,female,18 to 24,Table_3_percentage_of_people_with_ADHD_then_have_had_meds_in_the_last_6_months01_09_2025_16_02,2025-03-01,2025-03-31,0.0,0
FAKE_DATA,55,male,25 to 34,Table_3_percentage_of_people_with_ADHD_then_have_had_meds_in_the_last_6_months01_09_2025_16_02,2025-03-01,2025-03-31,0.0,0
FAKE_DATA,375,male,35 and over,Table_3_percentage_of_people_with_ADHD_then_have_had_meds_in_the_last_6_months01_09_2025_16_02,2025-03-01,2025-03-31,0.0533333333333333,20
FAKE_DATA,45,female,25 to 34,Table_3_percentage_of_people_with_ADHD_then_have_had_meds_in_the_last_6_months01_09_2025_16_02,2025-03-01,2025-03-31,0.0,0
FAKE_DATA,35,female,10 to 17,Table_3_percentage_of_people_with_ADHD_then_have_had_meds_in_the_last_6_months01_09_2025_16_02,2025-03-01,2025-03-31,0.0,0
FAKE_DATA,30,male,10 to 17,Table_3_percentage_of_people_with_ADHD_then_have_had_meds_in_the_last_6_months01_09_2025_16_02,2025-03-01,2025-03-31,0.0,0
FAKE_DATA,25,male,18 to 24,Table_3_percentage_of_people_with_ADHD_then_have_had_meds_in_the_last_6_months01_09_2025_16_02,2025-03-01,2025-03-31,0.0,0
FAKE_DATA,0,female,0 to 9,Table_3_percentage_of_people_with_ADHD_then_have_had_meds_in_the_last_6_months01_09_2025_16_02,2025-03-01,2025-03-31,,0
FAKE_DATA,10,male,0 to 9,Table_3_percentage_of_people_with_ADHD_then_have_had_meds_in_the_last_6_months01_09_2025_16_02,2025-03-01,2025-03-31,0.0,0
